ParticipantID,Condition,TrialID,EventIndex,Timestamp,TWall,Source,RawKey,RawValueBefore,RawValueAfter,Delta,MappedTarget,CandidateStepID,ActiveStepID,FusedStepID,ExpectedForStep,BeforeHelpCycleID,AfterHelpCycleID,NearestHelpCycleID,SecondsSinceLastHelp,StepCompletedByThisEvent,GateViolationCandidate,AutoCodingHint
P01,without_tutor,T01,1,2026-05-28T21:50:05.321635+00:00,1780005005.3155413,dcs_bios_raw,APU_CONTROL_SW,,0,0,apu_switch,S03,,,,,,,,no,no,
P01,without_tutor,T01,1,2026-05-28T21:50:05.321635+00:00,1780005005.3155413,dcs_bios_raw,ENGINE_CRANK_SW,,1,1,eng_crank_switch,S04;S10,,,,,,,,no,no,
P01,without_tutor,T01,1,2026-05-28T21:50:05.321635+00:00,1780005005.3155413,dcs_bios_raw,BATTERY_SW,,1,1,battery_switch,S01,,,,,,,,no,no,
P01,without_tutor,T01,1,2026-05-28T21:50:05.321635+00:00,1780005005.3155413,dcs_bios_raw,L_GEN_SW,,1,1,generator_left_switch,S01,,,,,,,,no,no,
P01,without_tutor,T01,1,2026-05-28T21:50:05.321635+00:00,1780005005.3155413,dcs_bios_raw,R_GEN_SW,,1,1,generator_right_switch,S01,,,,,,,,no,no,
P01,without_tutor,T01,1,2026-05-28T21:50:05.321635+00:00,1780005005.3155413,dcs_bios_raw,BLEED_AIR_KNOB,,2,2,bleed_air_knob,S06,,,,,,,,no,no,
P01,without_tutor,T01,2,2026-05-28T21:50:05.360117+00:00,1780005005.3570676,dcs_bios_raw,INT_THROTTLE_LEFT,,5924,5924,throttle_quadrant_reference,,,,,,,,,no,no,mapped_target_without_candidate_step
P01,without_tutor,T01,2,2026-05-28T21:50:05.360117+00:00,1780005005.3570676,dcs_bios_raw,INT_THROTTLE_RIGHT,,5924,5924,throttle_quadrant_reference,,,,,,,,,no,no,mapped_target_without_candidate_step
P01,without_tutor,T01,2,2026-05-28T21:50:05.360117+00:00,1780005005.3570676,dcs_bios_raw,PRESSURE_ALT,,16,16,,,,,,,,,,no,no,unmapped_raw_key
P01,without_tutor,T01,3,2026-05-28T21:50:05.400160+00:00,1780005005.3986175,dcs_bios_raw,INT_THROTTLE_LEFT,5924,5373,-551,throttle_quadrant_reference,,,,,,,,,no,no,mapped_target_without_candidate_step
P01,without_tutor,T01,3,2026-05-28T21:50:05.400160+00:00,1780005005.3986175,dcs_bios_raw,INT_THROTTLE_RIGHT,5924,5373,-551,throttle_quadrant_reference,,,,,,,,,no,no,mapped_target_without_candidate_step
P01,without_tutor,T01,3,2026-05-28T21:50:05.400160+00:00,1780005005.3986175,dcs_bios_raw,VSI,,32766,32766,,,,,,,,,,no,no,unmapped_raw_key
P01,without_tutor,T01,3,2026-05-28T21:50:05.400160+00:00,1780005005.3986175,dcs_bios_raw,PRESSURE_ALT,16,57,41,,,,,,,,,,no,no,unmapped_raw_key
P01,without_tutor,T01,4,2026-05-28T21:50:05.443217+00:00,1780005005.4401538,dcs_bios_raw,INT_THROTTLE_LEFT,5373,4823,-550,throttle_quadrant_reference,,,,,,,,,no,no,mapped_target_without_candidate_step
P01,without_tutor,T01,4,2026-05-28T21:50:05.443217+00:00,1780005005.4401538,dcs_bios_raw,INT_THROTTLE_RIGHT,5373,4823,-550,throttle_quadrant_reference,,,,,,,,,no,no,mapped_target_without_candidate_step
P01,without_tutor,T01,4,2026-05-28T21:50:05.443217+00:00,1780005005.4401538,dcs_bios_raw,VSI,32766,32764,-2,,,,,,,,,,no,no,unmapped_raw_key
P01,without_tutor,T01,4,2026-05-28T21:50:05.443217+00:00,1780005005.4401538,dcs_bios_raw,PRESSURE_ALT,57,90,33,,,,,,,,,,no,no,unmapped_raw_key
P01,without_tutor,T01,5,2026-05-28T21:50:05.485309+00:00,1780005005.4807577,dcs_bios_raw,INT_THROTTLE_LEFT,4823,4272,-551,throttle_quadrant_reference,,,,,,,,,no,no,mapped_target_without_candidate_step
P01,without_tutor,T01,5,2026-05-28T21:50:05.485309+00:00,1780005005.4807577,dcs_bios_raw,INT_THROTTLE_RIGHT,4823,4272,-551,throttle_quadrant_reference,,,,,,,,,no,no,mapped_target_without_candidate_step
P01,without_tutor,T01,5,2026-05-28T21:50:05.485309+00:00,1780005005.4807577,dcs_bios_raw,VSI,32764,32761,-3,,,,,,,,,,no,no,unmapped_raw_key
P01,without_tutor,T01,5,2026-05-28T21:50:05.485309+00:00,1780005005.4807577,dcs_bios_raw,PRESSURE_ALT,90,116,26,,,,,,,,,,no,no,unmapped_raw_key
P01,without_tutor,T01,6,2026-05-28T21:50:05.525419+00:00,1780005005.5223913,dcs_bios_raw,INT_THROTTLE_LEFT,4272,3722,-550,throttle_quadrant_reference,,,,,,,,,no,no,mapped_target_without_candidate_step
P01,without_tutor,T01,6,2026-05-28T21:50:05.525419+00:00,1780005005.5223913,dcs_bios_raw,INT_THROTTLE_RIGHT,4272,3722,-550,throttle_quadrant_reference,,,,,,,,,no,no,mapped_target_without_candidate_step
P01,without_tutor,T01,6,2026-05-28T21:50:05.525419+00:00,1780005005.5223913,dcs_bios_raw,VSI,32761,32756,-5,,,,,,,,,,no,no,unmapped_raw_key
P01,without_tutor,T01,6,2026-05-28T21:50:05.525419+00:00,1780005005.5223913,dcs_bios_raw,PRESSURE_ALT,116,138,22,,,,,,,,,,no,no,unmapped_raw_key
P01,without_tutor,T01,7,2026-05-28T21:50:05.566908+00:00,1780005005.564885,dcs_bios_raw,INT_THROTTLE_LEFT,3722,3171,-551,throttle_quadrant_reference,,,,,,,,,no,no,mapped_target_without_candidate_step
P01,without_tutor,T01,7,2026-05-28T21:50:05.566908+00:00,1780005005.564885,dcs_bios_raw,INT_THROTTLE_RIGHT,3722,3171,-551,throttle_quadrant_reference,,,,,,,,,no,no,mapped_target_without_candidate_step
P01,without_tutor,T01,7,2026-05-28T21:50:05.566908+00:00,1780005005.564885,dcs_bios_raw,VSI,32756,32751,-5,,,,,,,,,,no,no,unmapped_raw_key
P01,without_tutor,T01,7,2026-05-28T21:50:05.566908+00:00,1780005005.564885,dcs_bios_raw,PRESSURE_ALT,138,156,18,,,,,,,,,,no,no,unmapped_raw_key
P01,without_tutor,T01,8,2026-05-28T21:50:05.608478+00:00,1780005005.6054268,dcs_bios_raw,INT_THROTTLE_LEFT,3171,2621,-550,throttle_quadrant_reference,,,,,,,,,no,no,mapped_target_without_candidate_step
P01,without_tutor,T01,8,2026-05-28T21:50:05.608478+00:00,1780005005.6054268,dcs_bios_raw,INT_THROTTLE_RIGHT,3171,2621,-550,throttle_quadrant_reference,,,,,,,,,no,no,mapped_target_without_candidate_step
P01,without_tutor,T01,8,2026-05-28T21:50:05.608478+00:00,1780005005.6054268,dcs_bios_raw,VSI,32751,32747,-4,,,,,,,,,,no,no,unmapped_raw_key
P01,without_tutor,T01,8,2026-05-28T21:50:05.608478+00:00,1780005005.6054268,dcs_bios_raw,PRESSURE_ALT,156,171,15,,,,,,,,,,no,no,unmapped_raw_key
P01,without_tutor,T01,9,2026-05-28T21:50:05.650056+00:00,1780005005.6470022,dcs_bios_raw,INT_THROTTLE_LEFT,2621,2070,-551,throttle_quadrant_reference,,,,,,,,,no,no,mapped_target_without_candidate_step
P01,without_tutor,T01,9,2026-05-28T21:50:05.650056+00:00,1780005005.6470022,dcs_bios_raw,INT_THROTTLE_RIGHT,2621,2070,-551,throttle_quadrant_reference,,,,,,,,,no,no,mapped_target_without_candidate_step
P01,without_tutor,T01,9,2026-05-28T21:50:05.650056+00:00,1780005005.6470022,dcs_bios_raw,VSI,32747,32746,-1,,,,,,,,,,no,no,unmapped_raw_key
P01,without_tutor,T01,9,2026-05-28T21:50:05.650056+00:00,1780005005.6470022,dcs_bios_raw,PRESSURE_ALT,171,184,13,,,,,,,,,,no,no,unmapped_raw_key
P01,without_tutor,T01,10,2026-05-28T21:50:05.693251+00:00,1780005005.6901882,dcs_bios_raw,INT_THROTTLE_LEFT,2070,1520,-550,throttle_quadrant_reference,,,,,,,,,no,no,mapped_target_without_candidate_step
P01,without_tutor,T01,10,2026-05-28T21:50:05.693251+00:00,1780005005.6901882,dcs_bios_raw,INT_THROTTLE_RIGHT,2070,1520,-550,throttle_quadrant_reference,,,,,,,,,no,no,mapped_target_without_candidate_step
P01,without_tutor,T01,10,2026-05-28T21:50:05.693251+00:00,1780005005.6901882,dcs_bios_raw,VSI,32746,32748,2,,,,,,,,,,no,no,unmapped_raw_key
P01,without_tutor,T01,10,2026-05-28T21:50:05.693251+00:00,1780005005.6901882,dcs_bios_raw,PRESSURE_ALT,184,194,10,,,,,,,,,,no,no,unmapped_raw_key
P01,without_tutor,T01,11,2026-05-28T21:50:05.734795+00:00,1780005005.7322614,dcs_bios_raw,INT_THROTTLE_LEFT,1520,969,-551,throttle_quadrant_reference,,,,,,,,,no,no,mapped_target_without_candidate_step
P01,without_tutor,T01,11,2026-05-28T21:50:05.734795+00:00,1780005005.7322614,dcs_bios_raw,INT_THROTTLE_RIGHT,1520,969,-551,throttle_quadrant_reference,,,,,,,,,no,no,mapped_target_without_candidate_step
P01,without_tutor,T01,11,2026-05-28T21:50:05.734795+00:00,1780005005.7322614,dcs_bios_raw,VSI,32748,32753,5,,,,,,,,,,no,no,unmapped_raw_key
P01,without_tutor,T01,11,2026-05-28T21:50:05.734795+00:00,1780005005.7322614,dcs_bios_raw,PRESSURE_ALT,194,202,8,,,,,,,,,,no,no,unmapped_raw_key
P01,without_tutor,T01,12,2026-05-28T21:50:05.775311+00:00,1780005005.7738035,dcs_bios_raw,INT_THROTTLE_LEFT,969,419,-550,throttle_quadrant_reference,,,,,,,,,no,no,mapped_target_without_candidate_step
P01,without_tutor,T01,12,2026-05-28T21:50:05.775311+00:00,1780005005.7738035,dcs_bios_raw,INT_THROTTLE_RIGHT,969,419,-550,throttle_quadrant_reference,,,,,,,,,no,no,mapped_target_without_candidate_step
P01,without_tutor,T01,12,2026-05-28T21:50:05.775311+00:00,1780005005.7738035,dcs_bios_raw,VSI,32753,32759,6,,,,,,,,,,no,no,unmapped_raw_key
P01,without_tutor,T01,12,2026-05-28T21:50:05.775311+00:00,1780005005.7738035,dcs_bios_raw,PRESSURE_ALT,202,209,7,,,,,,,,,,no,no,unmapped_raw_key
P01,without_tutor,T01,13,2026-05-28T21:50:05.819524+00:00,1780005005.814918,dcs_bios_raw,INT_THROTTLE_LEFT,419,0,-419,throttle_quadrant_reference,,,,,,,,,no,no,mapped_target_without_candidate_step
P01,without_tutor,T01,13,2026-05-28T21:50:05.819524+00:00,1780005005.814918,dcs_bios_raw,INT_THROTTLE_RIGHT,419,0,-419,throttle_quadrant_reference,,,,,,,,,no,no,mapped_target_without_candidate_step
P01,without_tutor,T01,13,2026-05-28T21:50:05.819524+00:00,1780005005.814918,dcs_bios_raw,VSI,32759,32766,7,,,,,,,,,,no,no,unmapped_raw_key
P01,without_tutor,T01,13,2026-05-28T21:50:05.819524+00:00,1780005005.814918,dcs_bios_raw,PRESSURE_ALT,209,215,6,,,,,,,,,,no,no,unmapped_raw_key
P01,without_tutor,T01,14,2026-05-28T21:50:05.865110+00:00,1780005005.8569841,dcs_bios_raw,VSI,32766,32772,6,,,,,,,,,,no,no,unmapped_raw_key
P01,without_tutor,T01,14,2026-05-28T21:50:05.865110+00:00,1780005005.8569841,dcs_bios_raw,PRESSURE_ALT,215,219,4,,,,,,,,,,no,no,unmapped_raw_key
P01,without_tutor,T01,15,2026-05-28T21:50:05.903109+00:00,1780005005.8985364,dcs_bios_raw,VSI,32772,32777,5,,,,,,,,,,no,no,unmapped_raw_key
P01,without_tutor,T01,15,2026-05-28T21:50:05.903109+00:00,1780005005.8985364,dcs_bios_raw,PRESSURE_ALT,219,223,4,,,,,,,,,,no,no,unmapped_raw_key
P01,without_tutor,T01,16,2026-05-28T21:50:05.946168+00:00,1780005005.9400773,dcs_bios_raw,VSI,32777,32780,3,,,,,,,,,,no,no,unmapped_raw_key
P01,without_tutor,T01,16,2026-05-28T21:50:05.946168+00:00,1780005005.9400773,dcs_bios_raw,PRESSURE_ALT,223,226,3,,,,,,,,,,no,no,unmapped_raw_key
P01,without_tutor,T01,17,2026-05-28T21:50:05.986738+00:00,1780005005.9821887,dcs_bios_raw,VSI,32780,32782,2,,,,,,,,,,no,no,unmapped_raw_key
P01,without_tutor,T01,17,2026-05-28T21:50:05.986738+00:00,1780005005.9821887,dcs_bios_raw,PRESSURE_ALT,226,228,2,,,,,,,,,,no,no,unmapped_raw_key
P01,without_tutor,T01,18,2026-05-28T21:50:06.027817+00:00,1780005006.0232384,dcs_bios_raw,PRESSURE_ALT,228,231,3,,,,,,,,,,no,no,unmapped_raw_key
P01,without_tutor,T01,19,2026-05-28T21:50:06.069408+00:00,1780005006.0648308,dcs_bios_raw,VSI,32782,32781,-1,,,,,,,,,,no,no,unmapped_raw_key
P01,without_tutor,T01,19,2026-05-28T21:50:06.069408+00:00,1780005006.0648308,dcs_bios_raw,PRESSURE_ALT,231,232,1,,,,,,,,,,no,no,unmapped_raw_key
P01,without_tutor,T01,20,2026-05-28T21:50:06.111421+00:00,1780005006.106836,dcs_bios_raw,VSI,32781,32779,-2,,,,,,,,,,no,no,unmapped_raw_key
P01,without_tutor,T01,20,2026-05-28T21:50:06.111421+00:00,1780005006.106836,dcs_bios_raw,PRESSURE_ALT,232,234,2,,,,,,,,,,no,no,unmapped_raw_key
P01,without_tutor,T01,21,2026-05-28T21:50:06.155527+00:00,1780005006.148422,dcs_bios_raw,VSI,32779,32777,-2,,,,,,,,,,no,no,unmapped_raw_key
P01,without_tutor,T01,21,2026-05-28T21:50:06.155527+00:00,1780005006.148422,dcs_bios_raw,PRESSURE_ALT,234,235,1,,,,,,,,,,no,no,unmapped_raw_key
P01,without_tutor,T01,22,2026-05-28T21:50:06.195655+00:00,1780005006.1900413,dcs_bios_raw,VSI,32777,32774,-3,,,,,,,,,,no,no,unmapped_raw_key
P01,without_tutor,T01,22,2026-05-28T21:50:06.195655+00:00,1780005006.1900413,dcs_bios_raw,PRESSURE_ALT,235,236,1,,,,,,,,,,no,no,unmapped_raw_key
P01,without_tutor,T01,23,2026-05-28T21:50:06.236833+00:00,1780005006.2312348,dcs_bios_raw,VSI,32774,32771,-3,,,,,,,,,,no,no,unmapped_raw_key
P01,without_tutor,T01,24,2026-05-28T21:50:06.278445+00:00,1780005006.2738943,dcs_bios_raw,VSI,32771,32768,-3,,,,,,,,,,no,no,unmapped_raw_key
P01,without_tutor,T01,24,2026-05-28T21:50:06.278445+00:00,1780005006.2738943,dcs_bios_raw,PRESSURE_ALT,236,237,1,,,,,,,,,,no,no,unmapped_raw_key
P01,without_tutor,T01,25,2026-05-28T21:50:06.319968+00:00,1780005006.3154135,dcs_bios_raw,VSI,32768,32766,-2,,,,,,,,,,no,no,unmapped_raw_key
P01,without_tutor,T01,25,2026-05-28T21:50:06.319968+00:00,1780005006.3154135,dcs_bios_raw,PRESSURE_ALT,237,238,1,,,,,,,,,,no,no,unmapped_raw_key
P01,without_tutor,T01,26,2026-05-28T21:50:06.361518+00:00,1780005006.3569605,dcs_bios_raw,VSI,32766,32763,-3,,,,,,,,,,no,no,unmapped_raw_key
P01,without_tutor,T01,27,2026-05-28T21:50:06.403085+00:00,1780005006.3985376,dcs_bios_raw,VSI,32763,32761,-2,,,,,,,,,,no,no,unmapped_raw_key
P01,without_tutor,T01,28,2026-05-28T21:50:06.444628+00:00,1780005006.44007,dcs_bios_raw,VSI,32761,32759,-2,,,,,,,,,,no,no,unmapped_raw_key
P01,without_tutor,T01,28,2026-05-28T21:50:06.444628+00:00,1780005006.44007,dcs_bios_raw,PRESSURE_ALT,238,239,1,,,,,,,,,,no,no,unmapped_raw_key
P01,without_tutor,T01,29,2026-05-28T21:50:06.486163+00:00,1780005006.4815867,dcs_bios_raw,VSI,32759,32758,-1,,,,,,,,,,no,no,unmapped_raw_key
P01,without_tutor,T01,30,2026-05-28T21:50:06.530767+00:00,1780005006.5231707,dcs_bios_raw,VSI,32758,32757,-1,,,,,,,,,,no,no,unmapped_raw_key
P01,without_tutor,T01,33,2026-05-28T21:50:06.655486+00:00,1780005006.649426,dcs_bios_raw,VSI,32757,32758,1,,,,,,,,,,no,no,unmapped_raw_key
P01,without_tutor,T01,34,2026-05-28T21:50:06.697068+00:00,1780005006.6899672,dcs_bios_raw,VSI,32758,32759,1,,,,,,,,,,no,no,unmapped_raw_key
P01,without_tutor,T01,35,2026-05-28T21:50:06.737150+00:00,1780005006.7315612,dcs_bios_raw,VSI,32759,32760,1,,,,,,,,,,no,no,unmapped_raw_key
P01,without_tutor,T01,36,2026-05-28T21:50:06.777194+00:00,1780005006.7731378,dcs_bios_raw,VSI,32760,32761,1,,,,,,,,,,no,no,unmapped_raw_key
P01,without_tutor,T01,37,2026-05-28T21:50:06.819256+00:00,1780005006.8146784,dcs_bios_raw,VSI,32761,32762,1,,,,,,,,,,no,no,unmapped_raw_key
P01,without_tutor,T01,38,2026-05-28T21:50:06.861384+00:00,1780005006.85681,dcs_bios_raw,VSI,32762,32764,2,,,,,,,,,,no,no,unmapped_raw_key
P01,without_tutor,T01,39,2026-05-28T21:50:06.906977+00:00,1780005006.8983634,dcs_bios_raw,VSI,32764,32765,1,,,,,,,,,,no,no,unmapped_raw_key
P01,without_tutor,T01,40,2026-05-28T21:50:06.945551+00:00,1780005006.93996,dcs_bios_raw,VSI,32765,32766,1,,,,,,,,,,no,no,unmapped_raw_key
P01,without_tutor,T01,41,2026-05-28T21:50:06.972892+00:00,1780005006.9683182,dcs_bios_raw,VSI,32766,32767,1,,,,,,,,,,no,no,unmapped_raw_key
P01,without_tutor,T01,42,2026-05-28T21:50:07.015467+00:00,1780005007.0083568,dcs_bios_raw,VSI,32767,32768,1,,,,,,,,,,no,no,unmapped_raw_key
P01,without_tutor,T01,43,2026-05-28T21:50:07.055551+00:00,1780005007.051476,dcs_bios_raw,VSI,32768,32769,1,,,,,,,,,,no,no,unmapped_raw_key
P01,without_tutor,T01,45,2026-05-28T21:50:07.140247+00:00,1780005007.134613,dcs_bios_raw,VSI,32769,32770,1,,,,,,,,,,no,no,unmapped_raw_key
P01,without_tutor,T01,48,2026-05-28T21:50:07.252295+00:00,1780005007.2462118,dcs_bios_raw,VSI,32770,32769,-1,,,,,,,,,,no,no,unmapped_raw_key
P01,without_tutor,T01,51,2026-05-28T21:50:07.377116+00:00,1780005007.3715134,dcs_bios_raw,VSI,32769,32768,-1,,,,,,,,,,no,no,unmapped_raw_key
P01,without_tutor,T01,53,2026-05-28T21:50:07.447163+00:00,1780005007.4400208,dcs_bios_raw,VSI,32768,32767,-1,,,,,,,,,,no,no,unmapped_raw_key
P01,without_tutor,T01,56,2026-05-28T21:50:07.570133+00:00,1780005007.56505,dcs_bios_raw,VSI,32767,32766,-1,,,,,,,,,,no,no,unmapped_raw_key
P01,without_tutor,T01,59,2026-05-28T21:50:07.695038+00:00,1780005007.689949,dcs_bios_raw,VSI,32766,32765,-1,,,,,,,,,,no,no,unmapped_raw_key
P01,without_tutor,T01,62,2026-05-28T21:50:07.806188+00:00,1780005007.801622,dcs_bios_raw,VSI,32765,32766,1,,,,,,,,,,no,no,unmapped_raw_key
P01,without_tutor,T01,68,2026-05-28T21:50:08.056867+00:00,1780005008.0523028,dcs_bios_raw,VSI,32766,32767,1,,,,,,,,,,no,no,unmapped_raw_key
P01,without_tutor,T01,74,2026-05-28T21:50:08.309197+00:00,1780005008.301571,dcs_bios_raw,VSI,32767,32768,1,,,,,,,,,,no,no,unmapped_raw_key
P01,without_tutor,T01,78,2026-05-28T21:50:08.477147+00:00,1780005008.466986,dcs_bios_raw,VSI,32768,32767,-1,,,,,,,,,,no,no,unmapped_raw_key
P01,without_tutor,T01,153,2026-05-28T21:51:49.582646+00:00,1780005109.5796144,dcs_bios_raw,INT_THROTTLE_LEFT,0,6553,6553,throttle_quadrant_reference,,,,,,,,,no,no,mapped_target_without_candidate_step
P01,without_tutor,T01,153,2026-05-28T21:51:49.582646+00:00,1780005109.5796144,dcs_bios_raw,INT_THROTTLE_RIGHT,0,6553,6553,throttle_quadrant_reference,,,,,,,,,no,no,mapped_target_without_candidate_step
P01,without_tutor,T01,153,2026-05-28T21:51:49.582646+00:00,1780005109.5796144,dcs_bios_raw,PRESSURE_ALT,239,0,-239,,,,,,,,,,no,no,unmapped_raw_key
P01,without_tutor,T01,154,2026-05-28T21:51:49.624121+00:00,1780005109.6215513,dcs_bios_raw,INT_THROTTLE_LEFT,6553,6081,-472,throttle_quadrant_reference,,,,,,,,,no,no,mapped_target_without_candidate_step
P01,without_tutor,T01,154,2026-05-28T21:51:49.624121+00:00,1780005109.6215513,dcs_bios_raw,INT_THROTTLE_RIGHT,6553,6081,-472,throttle_quadrant_reference,,,,,,,,,no,no,mapped_target_without_candidate_step
P01,without_tutor,T01,155,2026-05-28T21:51:49.666338+00:00,1780005109.6637423,dcs_bios_raw,INT_THROTTLE_LEFT,6081,5531,-550,throttle_quadrant_reference,,,,,,,,,no,no,mapped_target_without_candidate_step
P01,without_tutor,T01,155,2026-05-28T21:51:49.666338+00:00,1780005109.6637423,dcs_bios_raw,INT_THROTTLE_RIGHT,6081,5531,-550,throttle_quadrant_reference,,,,,,,,,no,no,mapped_target_without_candidate_step
P01,without_tutor,T01,155,2026-05-28T21:51:49.666338+00:00,1780005109.6637423,dcs_bios_raw,PRESSURE_ALT,0,45,45,,,,,,,,,,no,no,unmapped_raw_key
P01,without_tutor,T01,156,2026-05-28T21:51:49.708452+00:00,1780005109.704397,dcs_bios_raw,INT_THROTTLE_LEFT,5531,4980,-551,throttle_quadrant_reference,,,,,,,,,no,no,mapped_target_without_candidate_step
P01,without_tutor,T01,156,2026-05-28T21:51:49.708452+00:00,1780005109.704397,dcs_bios_raw,INT_THROTTLE_RIGHT,5531,4980,-551,throttle_quadrant_reference,,,,,,,,,no,no,mapped_target_without_candidate_step
P01,without_tutor,T01,156,2026-05-28T21:51:49.708452+00:00,1780005109.704397,dcs_bios_raw,VSI,32767,32765,-2,,,,,,,,,,no,no,unmapped_raw_key
P01,without_tutor,T01,156,2026-05-28T21:51:49.708452+00:00,1780005109.704397,dcs_bios_raw,PRESSURE_ALT,45,81,36,,,,,,,,,,no,no,unmapped_raw_key
P01,without_tutor,T01,157,2026-05-28T21:51:49.735849+00:00,1780005109.7333074,dcs_bios_raw,INT_THROTTLE_LEFT,4980,4508,-472,throttle_quadrant_reference,,,,,,,,,no,no,mapped_target_without_candidate_step
P01,without_tutor,T01,157,2026-05-28T21:51:49.735849+00:00,1780005109.7333074,dcs_bios_raw,INT_THROTTLE_RIGHT,4980,4508,-472,throttle_quadrant_reference,,,,,,,,,no,no,mapped_target_without_candidate_step
P01,without_tutor,T01,157,2026-05-28T21:51:49.735849+00:00,1780005109.7333074,dcs_bios_raw,VSI,32765,32762,-3,,,,,,,,,,no,no,unmapped_raw_key
P01,without_tutor,T01,157,2026-05-28T21:51:49.735849+00:00,1780005109.7333074,dcs_bios_raw,PRESSURE_ALT,81,106,25,,,,,,,,,,no,no,unmapped_raw_key
P01,without_tutor,T01,158,2026-05-28T21:51:49.777945+00:00,1780005109.7748983,dcs_bios_raw,INT_THROTTLE_LEFT,4508,4036,-472,throttle_quadrant_reference,,,,,,,,,no,no,mapped_target_without_candidate_step
P01,without_tutor,T01,158,2026-05-28T21:51:49.777945+00:00,1780005109.7748983,dcs_bios_raw,INT_THROTTLE_RIGHT,4508,4036,-472,throttle_quadrant_reference,,,,,,,,,no,no,mapped_target_without_candidate_step
P01,without_tutor,T01,158,2026-05-28T21:51:49.777945+00:00,1780005109.7748983,dcs_bios_raw,VSI,32762,32759,-3,,,,,,,,,,no,no,unmapped_raw_key
P01,without_tutor,T01,158,2026-05-28T21:51:49.777945+00:00,1780005109.7748983,dcs_bios_raw,PRESSURE_ALT,106,126,20,,,,,,,,,,no,no,unmapped_raw_key
P01,without_tutor,T01,159,2026-05-28T21:51:49.818551+00:00,1780005109.8155131,dcs_bios_raw,INT_THROTTLE_LEFT,4036,3486,-550,throttle_quadrant_reference,,,,,,,,,no,no,mapped_target_without_candidate_step
P01,without_tutor,T01,159,2026-05-28T21:51:49.818551+00:00,1780005109.8155131,dcs_bios_raw,INT_THROTTLE_RIGHT,4036,3486,-550,throttle_quadrant_reference,,,,,,,,,no,no,mapped_target_without_candidate_step
P01,without_tutor,T01,159,2026-05-28T21:51:49.818551+00:00,1780005109.8155131,dcs_bios_raw,VSI,32759,32753,-6,,,,,,,,,,no,no,unmapped_raw_key
P01,without_tutor,T01,159,2026-05-28T21:51:49.818551+00:00,1780005109.8155131,dcs_bios_raw,PRESSURE_ALT,126,147,21,,,,,,,,,,no,no,unmapped_raw_key
P01,without_tutor,T01,160,2026-05-28T21:51:49.860108+00:00,1780005109.857077,dcs_bios_raw,INT_THROTTLE_LEFT,3486,2935,-551,throttle_quadrant_reference,,,,,,,,,no,no,mapped_target_without_candidate_step
P01,without_tutor,T01,160,2026-05-28T21:51:49.860108+00:00,1780005109.857077,dcs_bios_raw,INT_THROTTLE_RIGHT,3486,2935,-551,throttle_quadrant_reference,,,,,,,,,no,no,mapped_target_without_candidate_step
P01,without_tutor,T01,160,2026-05-28T21:51:49.860108+00:00,1780005109.857077,dcs_bios_raw,VSI,32753,32749,-4,,,,,,,,,,no,no,unmapped_raw_key
P01,without_tutor,T01,160,2026-05-28T21:51:49.860108+00:00,1780005109.857077,dcs_bios_raw,PRESSURE_ALT,147,163,16,,,,,,,,,,no,no,unmapped_raw_key
P01,without_tutor,T01,161,2026-05-28T21:51:49.901712+00:00,1780005109.898678,dcs_bios_raw,INT_THROTTLE_LEFT,2935,2464,-471,throttle_quadrant_reference,,,,,,,,,no,no,mapped_target_without_candidate_step
P01,without_tutor,T01,161,2026-05-28T21:51:49.901712+00:00,1780005109.898678,dcs_bios_raw,INT_THROTTLE_RIGHT,2935,2464,-471,throttle_quadrant_reference,,,,,,,,,no,no,mapped_target_without_candidate_step
P01,without_tutor,T01,161,2026-05-28T21:51:49.901712+00:00,1780005109.898678,dcs_bios_raw,VSI,32749,32746,-3,,,,,,,,,,no,no,unmapped_raw_key
P01,without_tutor,T01,161,2026-05-28T21:51:49.901712+00:00,1780005109.898678,dcs_bios_raw,PRESSURE_ALT,163,176,13,,,,,,,,,,no,no,unmapped_raw_key
P01,without_tutor,T01,162,2026-05-28T21:51:49.942341+00:00,1780005109.9393067,dcs_bios_raw,INT_THROTTLE_LEFT,2464,1913,-551,throttle_quadrant_reference,,,,,,,,,no,no,mapped_target_without_candidate_step
P01,without_tutor,T01,162,2026-05-28T21:51:49.942341+00:00,1780005109.9393067,dcs_bios_raw,INT_THROTTLE_RIGHT,2464,1913,-551,throttle_quadrant_reference,,,,,,,,,no,no,mapped_target_without_candidate_step
P01,without_tutor,T01,162,2026-05-28T21:51:49.942341+00:00,1780005109.9393067,dcs_bios_raw,PRESSURE_ALT,176,187,11,,,,,,,,,,no,no,unmapped_raw_key
P01,without_tutor,T01,163,2026-05-28T21:51:49.985470+00:00,1780005109.9808857,dcs_bios_raw,INT_THROTTLE_LEFT,1913,1363,-550,throttle_quadrant_reference,,,,,,,,,no,no,mapped_target_without_candidate_step
P01,without_tutor,T01,163,2026-05-28T21:51:49.985470+00:00,1780005109.9808857,dcs_bios_raw,INT_THROTTLE_RIGHT,1913,1363,-550,throttle_quadrant_reference,,,,,,,,,no,no,mapped_target_without_candidate_step
P01,without_tutor,T01,163,2026-05-28T21:51:49.985470+00:00,1780005109.9808857,dcs_bios_raw,VSI,32746,32749,3,,,,,,,,,,no,no,unmapped_raw_key
P01,without_tutor,T01,163,2026-05-28T21:51:49.985470+00:00,1780005109.9808857,dcs_bios_raw,PRESSURE_ALT,187,197,10,,,,,,,,,,no,no,unmapped_raw_key
P01,without_tutor,T01,164,2026-05-28T21:51:50.025603+00:00,1780005110.023051,dcs_bios_raw,INT_THROTTLE_LEFT,1363,812,-551,throttle_quadrant_reference,,,,,,,,,no,no,mapped_target_without_candidate_step
P01,without_tutor,T01,164,2026-05-28T21:51:50.025603+00:00,1780005110.023051,dcs_bios_raw,INT_THROTTLE_RIGHT,1363,812,-551,throttle_quadrant_reference,,,,,,,,,no,no,mapped_target_without_candidate_step
P01,without_tutor,T01,164,2026-05-28T21:51:50.025603+00:00,1780005110.023051,dcs_bios_raw,VSI,32749,32755,6,,,,,,,,,,no,no,unmapped_raw_key
P01,without_tutor,T01,164,2026-05-28T21:51:50.025603+00:00,1780005110.023051,dcs_bios_raw,PRESSURE_ALT,197,205,8,,,,,,,,,,no,no,unmapped_raw_key
P01,without_tutor,T01,165,2026-05-28T21:51:50.067149+00:00,1780005110.0651236,dcs_bios_raw,INT_THROTTLE_LEFT,812,262,-550,throttle_quadrant_reference,,,,,,,,,no,no,mapped_target_without_candidate_step
P01,without_tutor,T01,165,2026-05-28T21:51:50.067149+00:00,1780005110.0651236,dcs_bios_raw,INT_THROTTLE_RIGHT,812,262,-550,throttle_quadrant_reference,,,,,,,,,no,no,mapped_target_without_candidate_step
P01,without_tutor,T01,165,2026-05-28T21:51:50.067149+00:00,1780005110.0651236,dcs_bios_raw,VSI,32755,32761,6,,,,,,,,,,no,no,unmapped_raw_key
P01,without_tutor,T01,165,2026-05-28T21:51:50.067149+00:00,1780005110.0651236,dcs_bios_raw,PRESSURE_ALT,205,211,6,,,,,,,,,,no,no,unmapped_raw_key
P01,without_tutor,T01,166,2026-05-28T21:51:50.111719+00:00,1780005110.1071596,dcs_bios_raw,INT_THROTTLE_LEFT,262,0,-262,throttle_quadrant_reference,,,,,,,,,no,no,mapped_target_without_candidate_step
P01,without_tutor,T01,166,2026-05-28T21:51:50.111719+00:00,1780005110.1071596,dcs_bios_raw,INT_THROTTLE_RIGHT,262,0,-262,throttle_quadrant_reference,,,,,,,,,no,no,mapped_target_without_candidate_step
P01,without_tutor,T01,166,2026-05-28T21:51:50.111719+00:00,1780005110.1071596,dcs_bios_raw,VSI,32761,32768,7,,,,,,,,,,no,no,unmapped_raw_key
P01,without_tutor,T01,166,2026-05-28T21:51:50.111719+00:00,1780005110.1071596,dcs_bios_raw,PRESSURE_ALT,211,216,5,,,,,,,,,,no,no,unmapped_raw_key
P01,without_tutor,T01,167,2026-05-28T21:51:50.156833+00:00,1780005110.1492667,dcs_bios_raw,VSI,32768,32773,5,,,,,,,,,,no,no,unmapped_raw_key
P01,without_tutor,T01,167,2026-05-28T21:51:50.156833+00:00,1780005110.1492667,dcs_bios_raw,PRESSURE_ALT,216,220,4,,,,,,,,,,no,no,unmapped_raw_key
P01,without_tutor,T01,168,2026-05-28T21:51:50.195445+00:00,1780005110.1898592,dcs_bios_raw,VSI,32773,32778,5,,,,,,,,,,no,no,unmapped_raw_key
P01,without_tutor,T01,168,2026-05-28T21:51:50.195445+00:00,1780005110.1898592,dcs_bios_raw,PRESSURE_ALT,220,224,4,,,,,,,,,,no,no,unmapped_raw_key
P01,without_tutor,T01,169,2026-05-28T21:51:50.246908+00:00,1780005110.2321448,dcs_bios_raw,VSI,32778,32781,3,,,,,,,,,,no,no,unmapped_raw_key
P01,without_tutor,T01,169,2026-05-28T21:51:50.246908+00:00,1780005110.2321448,dcs_bios_raw,PRESSURE_ALT,224,227,3,,,,,,,,,,no,no,unmapped_raw_key
P01,without_tutor,T01,170,2026-05-28T21:51:50.278373+00:00,1780005110.2738333,dcs_bios_raw,VSI,32781,32782,1,,,,,,,,,,no,no,unmapped_raw_key
P01,without_tutor,T01,170,2026-05-28T21:51:50.278373+00:00,1780005110.2738333,dcs_bios_raw,PRESSURE_ALT,227,229,2,,,,,,,,,,no,no,unmapped_raw_key
P01,without_tutor,T01,171,2026-05-28T21:51:50.319938+00:00,1780005110.3153796,dcs_bios_raw,PRESSURE_ALT,229,231,2,,,,,,,,,,no,no,unmapped_raw_key
P01,without_tutor,T01,172,2026-05-28T21:51:50.361450+00:00,1780005110.3568938,dcs_bios_raw,VSI,32782,32781,-1,,,,,,,,,,no,no,unmapped_raw_key
P01,without_tutor,T01,172,2026-05-28T21:51:50.361450+00:00,1780005110.3568938,dcs_bios_raw,PRESSURE_ALT,231,233,2,,,,,,,,,,no,no,unmapped_raw_key
P01,without_tutor,T01,173,2026-05-28T21:51:50.403014+00:00,1780005110.3984675,dcs_bios_raw,VSI,32781,32778,-3,,,,,,,,,,no,no,unmapped_raw_key
P01,without_tutor,T01,173,2026-05-28T21:51:50.403014+00:00,1780005110.3984675,dcs_bios_raw,PRESSURE_ALT,233,234,1,,,,,,,,,,no,no,unmapped_raw_key
P01,without_tutor,T01,174,2026-05-28T21:51:50.444711+00:00,1780005110.4401014,dcs_bios_raw,VSI,32778,32776,-2,,,,,,,,,,no,no,unmapped_raw_key
P01,without_tutor,T01,174,2026-05-28T21:51:50.444711+00:00,1780005110.4401014,dcs_bios_raw,PRESSURE_ALT,234,235,1,,,,,,,,,,no,no,unmapped_raw_key
P01,without_tutor,T01,175,2026-05-28T21:51:50.486200+00:00,1780005110.4816089,dcs_bios_raw,VSI,32776,32773,-3,,,,,,,,,,no,no,unmapped_raw_key
P01,without_tutor,T01,175,2026-05-28T21:51:50.486200+00:00,1780005110.4816089,dcs_bios_raw,PRESSURE_ALT,235,236,1,,,,,,,,,,no,no,unmapped_raw_key
P01,without_tutor,T01,176,2026-05-28T21:51:50.527798+00:00,1780005110.5232458,dcs_bios_raw,VSI,32773,32770,-3,,,,,,,,,,no,no,unmapped_raw_key
P01,without_tutor,T01,176,2026-05-28T21:51:50.527798+00:00,1780005110.5232458,dcs_bios_raw,PRESSURE_ALT,236,237,1,,,,,,,,,,no,no,unmapped_raw_key
P01,without_tutor,T01,177,2026-05-28T21:51:50.569895+00:00,1780005110.565341,dcs_bios_raw,VSI,32770,32768,-2,,,,,,,,,,no,no,unmapped_raw_key
P01,without_tutor,T01,178,2026-05-28T21:51:50.615567+00:00,1780005110.6069405,dcs_bios_raw,VSI,32768,32765,-3,,,,,,,,,,no,no,unmapped_raw_key
P01,without_tutor,T01,178,2026-05-28T21:51:50.615567+00:00,1780005110.6069405,dcs_bios_raw,PRESSURE_ALT,237,238,1,,,,,,,,,,no,no,unmapped_raw_key
P01,without_tutor,T01,179,2026-05-28T21:51:50.655053+00:00,1780005110.6484709,dcs_bios_raw,VSI,32765,32763,-2,,,,,,,,,,no,no,unmapped_raw_key
P01,without_tutor,T01,180,2026-05-28T21:51:50.695584+00:00,1780005110.6900082,dcs_bios_raw,VSI,32763,32761,-2,,,,,,,,,,no,no,unmapped_raw_key
P01,without_tutor,T01,180,2026-05-28T21:51:50.695584+00:00,1780005110.6900082,dcs_bios_raw,PRESSURE_ALT,238,239,1,,,,,,,,,,no,no,unmapped_raw_key
P01,without_tutor,T01,181,2026-05-28T21:51:50.738677+00:00,1780005110.733085,dcs_bios_raw,VSI,32761,32759,-2,,,,,,,,,,no,no,unmapped_raw_key
P01,without_tutor,T01,182,2026-05-28T21:51:50.786881+00:00,1780005110.7746792,dcs_bios_raw,VSI,32759,32758,-1,,,,,,,,,,no,no,unmapped_raw_key
P01,without_tutor,T01,183,2026-05-28T21:51:50.819901+00:00,1780005110.815337,dcs_bios_raw,VSI,32758,32757,-1,,,,,,,,,,no,no,unmapped_raw_key
P01,without_tutor,T01,186,2026-05-28T21:51:50.946164+00:00,1780005110.940055,dcs_bios_raw,VSI,32757,32758,1,,,,,,,,,,no,no,unmapped_raw_key
P01,without_tutor,T01,187,2026-05-28T21:51:50.985668+00:00,1780005110.9811182,dcs_bios_raw,VSI,32758,32759,1,,,,,,,,,,no,no,unmapped_raw_key
P01,without_tutor,T01,188,2026-05-28T21:51:51.029365+00:00,1780005111.0232604,dcs_bios_raw,VSI,32759,32760,1,,,,,,,,,,no,no,unmapped_raw_key
P01,without_tutor,T01,189,2026-05-28T21:51:51.073105+00:00,1780005111.0685506,dcs_bios_raw,VSI,32760,32761,1,,,,,,,,,,no,no,unmapped_raw_key
P01,without_tutor,T01,190,2026-05-28T21:51:51.117851+00:00,1780005111.108722,dcs_bios_raw,VSI,32761,32763,2,,,,,,,,,,no,no,unmapped_raw_key
P01,without_tutor,T01,191,2026-05-28T21:51:51.153827+00:00,1780005111.1492798,dcs_bios_raw,VSI,32763,32764,1,,,,,,,,,,no,no,unmapped_raw_key
P01,without_tutor,T01,192,2026-05-28T21:51:51.195473+00:00,1780005111.1898856,dcs_bios_raw,VSI,32764,32766,2,,,,,,,,,,no,no,unmapped_raw_key
P01,without_tutor,T01,193,2026-05-28T21:51:51.235547+00:00,1780005111.231469,dcs_bios_raw,VSI,32766,32767,1,,,,,,,,,,no,no,unmapped_raw_key
P01,without_tutor,T01,194,2026-05-28T21:51:51.277168+00:00,1780005111.271551,dcs_bios_raw,VSI,32767,32768,1,,,,,,,,,,no,no,unmapped_raw_key
P01,without_tutor,T01,196,2026-05-28T21:51:51.359902+00:00,1780005111.3553474,dcs_bios_raw,VSI,32768,32769,1,,,,,,,,,,no,no,unmapped_raw_key
P01,without_tutor,T01,198,2026-05-28T21:51:51.443132+00:00,1780005111.4385805,dcs_bios_raw,VSI,32769,32770,1,,,,,,,,,,no,no,unmapped_raw_key
P01,without_tutor,T01,201,2026-05-28T21:51:51.567122+00:00,1780005111.563,dcs_bios_raw,VSI,32770,32769,-1,,,,,,,,,,no,no,unmapped_raw_key
P01,without_tutor,T01,203,2026-05-28T21:51:51.650869+00:00,1780005111.6462438,dcs_bios_raw,VSI,32769,32768,-1,,,,,,,,,,no,no,unmapped_raw_key
P01,without_tutor,T01,205,2026-05-28T21:51:51.735609+00:00,1780005111.730005,dcs_bios_raw,VSI,32768,32767,-1,,,,,,,,,,no,no,unmapped_raw_key
P01,without_tutor,T01,207,2026-05-28T21:51:51.820850+00:00,1780005111.8132093,dcs_bios_raw,VSI,32767,32766,-1,,,,,,,,,,no,no,unmapped_raw_key
P01,without_tutor,T01,211,2026-05-28T21:51:51.985197+00:00,1780005111.9795985,dcs_bios_raw,VSI,32766,32765,-1,,,,,,,,,,no,no,unmapped_raw_key
P01,without_tutor,T01,214,2026-05-28T21:51:52.110130+00:00,1780005112.1055698,dcs_bios_raw,VSI,32765,32766,1,,,,,,,,,,no,no,unmapped_raw_key
P01,without_tutor,T01,219,2026-05-28T21:51:52.319400+00:00,1780005112.3132246,dcs_bios_raw,VSI,32766,32767,1,,,,,,,,,,no,no,unmapped_raw_key
P01,without_tutor,T01,225,2026-05-28T21:51:52.568487+00:00,1780005112.5639186,dcs_bios_raw,VSI,32767,32768,1,,,,,,,,,,no,no,unmapped_raw_key
P01,without_tutor,T01,229,2026-05-28T21:51:52.738355+00:00,1780005112.730743,dcs_bios_raw,VSI,32768,32767,-1,,,,,,,,,,no,no,unmapped_raw_key
P01,without_tutor,T01,1875,2026-05-28T21:53:51.821542+00:00,1780005231.8185124,dcs_bios_raw,BATTERY_SW,1,2,1,battery_switch,S01,,,,,,,,no,no,
P01,without_tutor,T01,4859,2026-05-28T21:57:46.392399+00:00,1780005466.389322,dcs_bios_raw,APU_CONTROL_SW,0,1,1,apu_switch,S03,,,,,,,,no,no,
P01,without_tutor,T01,5574,2026-05-28T21:58:16.213844+00:00,1780005496.2092912,dcs_bios_raw,ENGINE_CRANK_SW,1,0,-1,eng_crank_switch,S04;S10,,,,,,,,no,no,
P01,without_tutor,T01,10209,2026-05-28T22:01:31.600225+00:00,1780005691.5971897,dcs_bios_raw,ENGINE_CRANK_SW,0,1,1,eng_crank_switch,S04;S10,,,,,,,,no,no,
P01,without_tutor,T01,10221,2026-05-28T22:01:32.184699+00:00,1780005692.1816473,dcs_bios_raw,ENGINE_CRANK_SW,1,2,1,eng_crank_switch,S04;S10,,,,,,,,no,no,
P01,without_tutor,T01,11104,2026-05-28T22:02:36.799881+00:00,1780005756.7953296,dcs_bios_raw,INT_THROTTLE_RIGHT,0,157,157,throttle_quadrant_reference,,,,,,,,,no,no,mapped_target_without_candidate_step
P01,without_tutor,T01,11105,2026-05-28T22:02:36.839427+00:00,1780005756.8378975,dcs_bios_raw,INT_THROTTLE_RIGHT,157,629,472,throttle_quadrant_reference,,,,,,,,,no,no,mapped_target_without_candidate_step
P01,without_tutor,T01,11106,2026-05-28T22:02:36.881530+00:00,1780005756.8784983,dcs_bios_raw,INT_THROTTLE_RIGHT,629,1258,629,throttle_quadrant_reference,,,,,,,,,no,no,mapped_target_without_candidate_step
P01,without_tutor,T01,11107,2026-05-28T22:02:36.923144+00:00,1780005756.92007,dcs_bios_raw,INT_THROTTLE_RIGHT,1258,1730,472,throttle_quadrant_reference,,,,,,,,,no,no,mapped_target_without_candidate_step
P01,without_tutor,T01,11108,2026-05-28T22:02:36.969295+00:00,1780005756.9616692,dcs_bios_raw,INT_THROTTLE_RIGHT,1730,2359,629,throttle_quadrant_reference,,,,,,,,,no,no,mapped_target_without_candidate_step
P01,without_tutor,T01,11109,2026-05-28T22:02:37.005271+00:00,1780005757.0022516,dcs_bios_raw,INT_THROTTLE_RIGHT,2359,2831,472,throttle_quadrant_reference,,,,,,,,,no,no,mapped_target_without_candidate_step
P01,without_tutor,T01,11110,2026-05-28T22:02:37.048421+00:00,1780005757.0448775,dcs_bios_raw,INT_THROTTLE_RIGHT,2831,3381,550,throttle_quadrant_reference,,,,,,,,,no,no,mapped_target_without_candidate_step
P01,without_tutor,T01,11111,2026-05-28T22:02:37.090121+00:00,1780005757.0870855,dcs_bios_raw,INT_THROTTLE_RIGHT,3381,3853,472,throttle_quadrant_reference,,,,,,,,,no,no,mapped_target_without_candidate_step
P01,without_tutor,T01,11112,2026-05-28T22:02:37.132382+00:00,1780005757.1308653,dcs_bios_raw,INT_THROTTLE_RIGHT,3853,4482,629,throttle_quadrant_reference,,,,,,,,,no,no,mapped_target_without_candidate_step
P01,without_tutor,T01,11113,2026-05-28T22:02:37.175003+00:00,1780005757.1714573,dcs_bios_raw,INT_THROTTLE_RIGHT,4482,5033,551,throttle_quadrant_reference,,,,,,,,,no,no,mapped_target_without_candidate_step
P01,without_tutor,T01,11114,2026-05-28T22:02:37.216189+00:00,1780005757.213157,dcs_bios_raw,INT_THROTTLE_RIGHT,5033,5504,471,throttle_quadrant_reference,,,,,,,,,no,no,mapped_target_without_candidate_step
P01,without_tutor,T01,11115,2026-05-28T22:02:37.259358+00:00,1780005757.2532594,dcs_bios_raw,INT_THROTTLE_RIGHT,5504,6134,630,throttle_quadrant_reference,,,,,,,,,no,no,mapped_target_without_candidate_step
P01,without_tutor,T01,11116,2026-05-28T22:02:37.298437+00:00,1780005757.2953901,dcs_bios_raw,INT_THROTTLE_RIGHT,6134,6553,419,throttle_quadrant_reference,,,,,,,,,no,no,mapped_target_without_candidate_step
P01,without_tutor,T01,11345,2026-05-28T22:02:46.783860+00:00,1780005766.7808158,dcs_bios_raw,VSI,32767,32766,-1,,,,,,,,,,no,no,unmapped_raw_key
P01,without_tutor,T01,11387,2026-05-28T22:02:48.520054+00:00,1780005768.5185382,dcs_bios_raw,VSI,32766,32765,-1,,,,,,,,,,no,no,unmapped_raw_key
P01,without_tutor,T01,11390,2026-05-28T22:02:48.646257+00:00,1780005768.643214,dcs_bios_raw,COMM1_CHANNEL_NUMERIC,,1,1,ufc_comm1_channel_selector_rotate;ufc_comm1_channel_selector_pull,S09,,,,,,,,no,no,
P01,without_tutor,T01,11390,2026-05-28T22:02:48.646257+00:00,1780005768.643214,dcs_bios_raw,COMM2_CHANNEL_NUMERIC,,1,1,ufc_comm2_channel_selector_rotate;ufc_comm2_channel_selector_pull,,,,,,,,,no,no,mapped_target_without_candidate_step
P01,without_tutor,T01,11392,2026-05-28T22:02:48.728016+00:00,1780005768.7254956,dcs_bios_raw,ENGINE_CRANK_SW,2,1,-1,eng_crank_switch,S04;S10,,,,,,,,no,no,
P01,without_tutor,T01,11417,2026-05-28T22:02:49.770791+00:00,1780005769.7677348,dcs_bios_raw,VSI,32765,32766,1,,,,,,,,,,no,no,unmapped_raw_key
P01,without_tutor,T01,11436,2026-05-28T22:02:50.562445+00:00,1780005770.5593808,dcs_bios_raw,VSI,32766,32767,1,,,,,,,,,,no,no,unmapped_raw_key
P01,without_tutor,T01,12991,2026-05-28T22:04:25.342940+00:00,1780005865.3383338,dcs_bios_raw,BLEED_AIR_KNOB,2,3,1,bleed_air_knob,S06,,,,,,,,no,no,
P01,without_tutor,T01,13006,2026-05-28T22:04:26.550107+00:00,1780005866.5470424,dcs_bios_raw,BLEED_AIR_KNOB,3,0,-3,bleed_air_knob,S06,,,,,,,,no,no,
P01,without_tutor,T01,13019,2026-05-28T22:04:27.257764+00:00,1780005867.256246,dcs_bios_raw,BLEED_AIR_KNOB,0,1,1,bleed_air_knob,S06,,,,,,,,no,no,
P01,without_tutor,T01,13032,2026-05-28T22:04:28.219205+00:00,1780005868.2130935,dcs_bios_raw,BLEED_AIR_KNOB,1,2,1,bleed_air_knob,S06,,,,,,,,no,no,
P01,without_tutor,T01,13437,2026-05-28T22:04:56.981699+00:00,1780005896.9786673,dcs_bios_raw,LIGHTS_TEST_SW,,1,1,lights_test_button,S07,,,,,,,,no,no,
P01,without_tutor,T01,13439,2026-05-28T22:04:57.064530+00:00,1780005897.0614913,dcs_bios_raw,LIGHTS_TEST_SW,1,0,-1,lights_test_button,S07,,,,,,,,no,no,
P01,without_tutor,T01,13477,2026-05-28T22:05:00.148317+00:00,1780005900.1447775,dcs_bios_raw,LIGHTS_TEST_SW,0,1,1,lights_test_button,S07,,,,,,,,no,no,
P01,without_tutor,T01,13487,2026-05-28T22:05:00.563839+00:00,1780005900.5608106,dcs_bios_raw,LIGHTS_TEST_SW,1,0,-1,lights_test_button,S07,,,,,,,,no,no,
P01,without_tutor,T01,13533,2026-05-28T22:05:04.188541+00:00,1780005904.1870167,dcs_bios_raw,LIGHTS_TEST_SW,0,1,1,lights_test_button,S07,,,,,,,,no,no,
P01,without_tutor,T01,13541,2026-05-28T22:05:04.648621+00:00,1780005904.6445608,dcs_bios_raw,LIGHTS_TEST_SW,1,0,-1,lights_test_button,S07,,,,,,,,no,no,
P01,without_tutor,T01,13652,2026-05-28T22:05:12.730358+00:00,1780005912.7273285,dcs_bios_raw,LIGHTS_TEST_SW,0,1,1,lights_test_button,S07,,,,,,,,no,no,
P01,without_tutor,T01,13678,2026-05-28T22:05:13.980062+00:00,1780005913.9770281,dcs_bios_raw,LIGHTS_TEST_SW,1,0,-1,lights_test_button,S07,,,,,,,,no,no,
P01,without_tutor,T01,13911,2026-05-28T22:05:30.923819+00:00,1780005930.9207706,dcs_bios_raw,LEFT_DDI_BRT_SELECT,,1,1,left_mdi_brightness_selector,S08,,,,,,,,no,no,
P01,without_tutor,T01,14376,2026-05-28T22:06:05.118620+00:00,1780005965.1155765,dcs_bios_raw,LEFT_DDI_BRT_SELECT,1,2,1,left_mdi_brightness_selector,S08,,,,,,,,no,no,
P01,without_tutor,T01,14451,2026-05-28T22:06:09.730193+00:00,1780005969.727136,dcs_bios_raw,LEFT_DDI_BRT_SELECT,2,1,-1,left_mdi_brightness_selector,S08,,,,,,,,no,no,
P01,without_tutor,T01,14477,2026-05-28T22:06:12.020871+00:00,1780005972.019346,dcs_bios_raw,LEFT_DDI_BRT_SELECT,1,2,1,left_mdi_brightness_selector,S08,,,,,,,,no,no,
P01,without_tutor,T01,14849,2026-05-28T22:06:39.604710+00:00,1780005999.6031888,dcs_bios_raw,RIGHT_DDI_BRT_SELECT,,1,1,right_mdi_brightness_selector,S08,,,,,,,,no,no,
P01,without_tutor,T01,15028,2026-05-28T22:06:53.286871+00:00,1780006013.2838404,dcs_bios_raw,AMPCD_BRT_CTL,,983,983,ampcd_off_brightness_knob,S08,,,,,,,,no,no,
P01,without_tutor,T01,15040,2026-05-28T22:06:53.953218+00:00,1780006013.9501624,dcs_bios_raw,AMPCD_BRT_CTL,983,1967,984,ampcd_off_brightness_knob,S08,,,,,,,,no,no,
P01,without_tutor,T01,15049,2026-05-28T22:06:54.328524+00:00,1780006014.3254826,dcs_bios_raw,AMPCD_BRT_CTL,1967,2951,984,ampcd_off_brightness_knob,S08,,,,,,,,no,no,
P01,without_tutor,T01,15055,2026-05-28T22:06:54.578642+00:00,1780006014.5755973,dcs_bios_raw,AMPCD_BRT_CTL,2951,3935,984,ampcd_off_brightness_knob,S08,,,,,,,,no,no,
P01,without_tutor,T01,15061,2026-05-28T22:06:54.831380+00:00,1780006014.8252673,dcs_bios_raw,AMPCD_BRT_CTL,3935,4919,984,ampcd_off_brightness_knob,S08,,,,,,,,no,no,
P01,without_tutor,T01,15062,2026-05-28T22:06:54.870054+00:00,1780006014.8669987,dcs_bios_raw,AMPCD_BRT_CTL,4919,5903,984,ampcd_off_brightness_knob,S08,,,,,,,,no,no,
P01,without_tutor,T01,15095,2026-05-28T22:06:56.497130+00:00,1780006016.491515,dcs_bios_raw,AMPCD_BRT_CTL,5903,6887,984,ampcd_off_brightness_knob,S08,,,,,,,,no,no,
P01,without_tutor,T01,15097,2026-05-28T22:06:56.786237+00:00,1780006016.7831838,dcs_bios_raw,AMPCD_BRT_CTL,6887,7871,984,ampcd_off_brightness_knob,S08,,,,,,,,no,no,
P01,without_tutor,T01,15098,2026-05-28T22:06:56.826890+00:00,1780006016.8248475,dcs_bios_raw,AMPCD_BRT_CTL,7871,8855,984,ampcd_off_brightness_knob,S08,,,,,,,,no,no,
P01,without_tutor,T01,15100,2026-05-28T22:06:57.038357+00:00,1780006017.0338085,dcs_bios_raw,AMPCD_BRT_CTL,8855,9839,984,ampcd_off_brightness_knob,S08,,,,,,,,no,no,
P01,without_tutor,T01,15101,2026-05-28T22:06:57.078540+00:00,1780006017.0754967,dcs_bios_raw,AMPCD_BRT_CTL,9839,10823,984,ampcd_off_brightness_knob,S08,,,,,,,,no,no,
P01,without_tutor,T01,15103,2026-05-28T22:06:57.285583+00:00,1780006017.2830105,dcs_bios_raw,AMPCD_BRT_CTL,10823,11807,984,ampcd_off_brightness_knob,S08,,,,,,,,no,no,
P01,without_tutor,T01,15104,2026-05-28T22:06:57.326886+00:00,1780006017.3248649,dcs_bios_raw,AMPCD_BRT_CTL,11807,12791,984,ampcd_off_brightness_knob,S08,,,,,,,,no,no,
P01,without_tutor,T01,15105,2026-05-28T22:06:57.536807+00:00,1780006017.533784,dcs_bios_raw,AMPCD_BRT_CTL,12791,13775,984,ampcd_off_brightness_knob,S08,,,,,,,,no,no,
P01,without_tutor,T01,15106,2026-05-28T22:06:57.580116+00:00,1780006017.575541,dcs_bios_raw,AMPCD_BRT_CTL,13775,14759,984,ampcd_off_brightness_knob,S08,,,,,,,,no,no,
P01,without_tutor,T01,15128,2026-05-28T22:06:59.536234+00:00,1780006019.533153,dcs_bios_raw,AMPCD_BRT_CTL,14759,13775,-984,ampcd_off_brightness_knob,S08,,,,,,,,no,no,
P01,without_tutor,T01,15129,2026-05-28T22:06:59.576865+00:00,1780006019.574843,dcs_bios_raw,AMPCD_BRT_CTL,13775,12791,-984,ampcd_off_brightness_knob,S08,,,,,,,,no,no,
P01,without_tutor,T01,15134,2026-05-28T22:06:59.827780+00:00,1780006019.8246891,dcs_bios_raw,AMPCD_BRT_CTL,12791,10823,-1968,ampcd_off_brightness_knob,S08,,,,,,,,no,no,
P01,without_tutor,T01,15135,2026-05-28T22:06:59.870011+00:00,1780006019.8669405,dcs_bios_raw,AMPCD_BRT_CTL,10823,8855,-1968,ampcd_off_brightness_knob,S08,,,,,,,,no,no,
P01,without_tutor,T01,15136,2026-05-28T22:06:59.910204+00:00,1780006019.9086616,dcs_bios_raw,AMPCD_BRT_CTL,8855,7871,-984,ampcd_off_brightness_knob,S08,,,,,,,,no,no,
P01,without_tutor,T01,15137,2026-05-28T22:07:00.120776+00:00,1780006020.1162024,dcs_bios_raw,AMPCD_BRT_CTL,7871,5903,-1968,ampcd_off_brightness_knob,S08,,,,,,,,no,no,
P01,without_tutor,T01,15138,2026-05-28T22:07:00.163002+00:00,1780006020.1584215,dcs_bios_raw,AMPCD_BRT_CTL,5903,4919,-984,ampcd_off_brightness_knob,S08,,,,,,,,no,no,
P01,without_tutor,T01,15141,2026-05-28T22:07:00.327772+00:00,1780006020.326227,dcs_bios_raw,AMPCD_BRT_CTL,4919,3935,-984,ampcd_off_brightness_knob,S08,,,,,,,,no,no,
P01,without_tutor,T01,15142,2026-05-28T22:07:00.368467+00:00,1780006020.3654034,dcs_bios_raw,AMPCD_BRT_CTL,3935,983,-2952,ampcd_off_brightness_knob,S08,,,,,,,,no,no,
P01,without_tutor,T01,15147,2026-05-28T22:07:00.563916+00:00,1780006020.5608563,dcs_bios_raw,AMPCD_BRT_CTL,983,0,-983,ampcd_off_brightness_knob,S08,,,,,,,,no,no,
P01,without_tutor,T01,15162,2026-05-28T22:07:02.010020+00:00,1780006022.005447,dcs_bios_raw,AMPCD_BRT_CTL,0,983,983,ampcd_off_brightness_knob,S08,,,,,,,,no,no,
P01,without_tutor,T01,15163,2026-05-28T22:07:02.050172+00:00,1780006022.047114,dcs_bios_raw,AMPCD_BRT_CTL,983,1967,984,ampcd_off_brightness_knob,S08,,,,,,,,no,no,
P01,without_tutor,T01,15168,2026-05-28T22:07:02.303820+00:00,1780006022.2977254,dcs_bios_raw,AMPCD_BRT_CTL,1967,2951,984,ampcd_off_brightness_knob,S08,,,,,,,,no,no,
P01,without_tutor,T01,15169,2026-05-28T22:07:02.342905+00:00,1780006022.339846,dcs_bios_raw,AMPCD_BRT_CTL,2951,3935,984,ampcd_off_brightness_knob,S08,,,,,,,,no,no,
P01,without_tutor,T01,15173,2026-05-28T22:07:02.550930+00:00,1780006022.5478861,dcs_bios_raw,AMPCD_BRT_CTL,3935,5903,1968,ampcd_off_brightness_knob,S08,,,,,,,,no,no,
P01,without_tutor,T01,15176,2026-05-28T22:07:02.758450+00:00,1780006022.7569067,dcs_bios_raw,AMPCD_BRT_CTL,5903,7871,1968,ampcd_off_brightness_knob,S08,,,,,,,,no,no,
P01,without_tutor,T01,15177,2026-05-28T22:07:02.800156+00:00,1780006022.7970543,dcs_bios_raw,AMPCD_BRT_CTL,7871,8855,984,ampcd_off_brightness_knob,S08,,,,,,,,no,no,
P01,without_tutor,T01,15179,2026-05-28T22:07:02.971523+00:00,1780006022.963884,dcs_bios_raw,AMPCD_BRT_CTL,8855,9839,984,ampcd_off_brightness_knob,S08,,,,,,,,no,no,
P01,without_tutor,T01,15180,2026-05-28T22:07:03.009225+00:00,1780006023.0061624,dcs_bios_raw,AMPCD_BRT_CTL,9839,10823,984,ampcd_off_brightness_knob,S08,,,,,,,,no,no,
P01,without_tutor,T01,15185,2026-05-28T22:07:03.216960+00:00,1780006023.2149334,dcs_bios_raw,AMPCD_BRT_CTL,10823,11807,984,ampcd_off_brightness_knob,S08,,,,,,,,no,no,
P01,without_tutor,T01,15186,2026-05-28T22:07:03.258597+00:00,1780006023.2555594,dcs_bios_raw,AMPCD_BRT_CTL,11807,12791,984,ampcd_off_brightness_knob,S08,,,,,,,,no,no,
P01,without_tutor,T01,15190,2026-05-28T22:07:03.467083+00:00,1780006023.4645169,dcs_bios_raw,AMPCD_BRT_CTL,12791,13775,984,ampcd_off_brightness_knob,S08,,,,,,,,no,no,
P01,without_tutor,T01,15191,2026-05-28T22:07:03.509377+00:00,1780006023.5063128,dcs_bios_raw,AMPCD_BRT_CTL,13775,14759,984,ampcd_off_brightness_knob,S08,,,,,,,,no,no,
P01,without_tutor,T01,15193,2026-05-28T22:07:03.716291+00:00,1780006023.7147415,dcs_bios_raw,AMPCD_BRT_CTL,14759,15743,984,ampcd_off_brightness_knob,S08,,,,,,,,no,no,
P01,without_tutor,T01,15194,2026-05-28T22:07:03.759963+00:00,1780006023.7553623,dcs_bios_raw,AMPCD_BRT_CTL,15743,16727,984,ampcd_off_brightness_knob,S08,,,,,,,,no,no,
P01,without_tutor,T01,15198,2026-05-28T22:07:03.969965+00:00,1780006023.963903,dcs_bios_raw,AMPCD_BRT_CTL,16727,18695,1968,ampcd_off_brightness_knob,S08,,,,,,,,no,no,
P01,without_tutor,T01,15204,2026-05-28T22:07:04.217252+00:00,1780006024.2152123,dcs_bios_raw,AMPCD_BRT_CTL,18695,19679,984,ampcd_off_brightness_knob,S08,,,,,,,,no,no,
P01,without_tutor,T01,15205,2026-05-28T22:07:04.258427+00:00,1780006024.2553458,dcs_bios_raw,AMPCD_BRT_CTL,19679,20663,984,ampcd_off_brightness_knob,S08,,,,,,,,no,no,
P01,without_tutor,T01,15207,2026-05-28T22:07:04.424704+00:00,1780006024.4216568,dcs_bios_raw,AMPCD_BRT_CTL,20663,21647,984,ampcd_off_brightness_knob,S08,,,,,,,,no,no,
P01,without_tutor,T01,15209,2026-05-28T22:07:04.637807+00:00,1780006024.6316795,dcs_bios_raw,AMPCD_BRT_CTL,21647,22631,984,ampcd_off_brightness_knob,S08,,,,,,,,no,no,
P01,without_tutor,T01,15211,2026-05-28T22:07:04.720100+00:00,1780006024.714483,dcs_bios_raw,AMPCD_BRT_CTL,22631,23615,984,ampcd_off_brightness_knob,S08,,,,,,,,no,no,
P01,without_tutor,T01,15215,2026-05-28T22:07:04.924980+00:00,1780006024.9214203,dcs_bios_raw,AMPCD_BRT_CTL,23615,25583,1968,ampcd_off_brightness_knob,S08,,,,,,,,no,no,
P01,without_tutor,T01,15219,2026-05-28T22:07:05.133940+00:00,1780006025.1308482,dcs_bios_raw,AMPCD_BRT_CTL,25583,27551,1968,ampcd_off_brightness_knob,S08,,,,,,,,no,no,
P01,without_tutor,T01,15224,2026-05-28T22:07:05.591660+00:00,1780006025.5901146,dcs_bios_raw,AMPCD_BRT_CTL,27551,28535,984,ampcd_off_brightness_knob,S08,,,,,,,,no,no,
P01,without_tutor,T01,15236,2026-05-28T22:07:06.230010+00:00,1780006026.2269335,dcs_bios_raw,AMPCD_BRT_CTL,28535,29519,984,ampcd_off_brightness_knob,S08,,,,,,,,no,no,
P01,without_tutor,T01,15237,2026-05-28T22:07:06.273177+00:00,1780006026.268586,dcs_bios_raw,AMPCD_BRT_CTL,29519,30503,984,ampcd_off_brightness_knob,S08,,,,,,,,no,no,
P01,without_tutor,T01,15238,2026-05-28T22:07:06.521384+00:00,1780006026.518343,dcs_bios_raw,AMPCD_BRT_CTL,30503,31487,984,ampcd_off_brightness_knob,S08,,,,,,,,no,no,
P01,without_tutor,T01,15239,2026-05-28T22:07:06.563078+00:00,1780006026.560015,dcs_bios_raw,AMPCD_BRT_CTL,31487,32471,984,ampcd_off_brightness_knob,S08,,,,,,,,no,no,
P01,without_tutor,T01,15242,2026-05-28T22:07:06.730114+00:00,1780006026.7285857,dcs_bios_raw,AMPCD_BRT_CTL,32471,33455,984,ampcd_off_brightness_knob,S08,,,,,,,,no,no,
P01,without_tutor,T01,15243,2026-05-28T22:07:06.774880+00:00,1780006026.7698197,dcs_bios_raw,AMPCD_BRT_CTL,33455,34439,984,ampcd_off_brightness_knob,S08,,,,,,,,no,no,
P01,without_tutor,T01,15248,2026-05-28T22:07:06.980132+00:00,1780006026.9770758,dcs_bios_raw,AMPCD_BRT_CTL,34439,35423,984,ampcd_off_brightness_knob,S08,,,,,,,,no,no,
P01,without_tutor,T01,15250,2026-05-28T22:07:07.063018+00:00,1780006027.059972,dcs_bios_raw,AMPCD_BRT_CTL,35423,36407,984,ampcd_off_brightness_knob,S08,,,,,,,,no,no,
P01,without_tutor,T01,15252,2026-05-28T22:07:07.230198+00:00,1780006027.227127,dcs_bios_raw,AMPCD_BRT_CTL,36407,37391,984,ampcd_off_brightness_knob,S08,,,,,,,,no,no,
P01,without_tutor,T01,15253,2026-05-28T22:07:07.276809+00:00,1780006027.2692432,dcs_bios_raw,AMPCD_BRT_CTL,37391,38375,984,ampcd_off_brightness_knob,S08,,,,,,,,no,no,
P01,without_tutor,T01,15254,2026-05-28T22:07:07.438371+00:00,1780006027.4353187,dcs_bios_raw,AMPCD_BRT_CTL,38375,39359,984,ampcd_off_brightness_knob,S08,,,,,,,,no,no,
P01,without_tutor,T01,15255,2026-05-28T22:07:07.480021+00:00,1780006027.4769409,dcs_bios_raw,AMPCD_BRT_CTL,39359,40343,984,ampcd_off_brightness_knob,S08,,,,,,,,no,no,
P01,without_tutor,T01,15259,2026-05-28T22:07:07.691786+00:00,1780006027.6871939,dcs_bios_raw,AMPCD_BRT_CTL,40343,41327,984,ampcd_off_brightness_knob,S08,,,,,,,,no,no,
P01,without_tutor,T01,15260,2026-05-28T22:07:07.730887+00:00,1780006027.7278225,dcs_bios_raw,AMPCD_BRT_CTL,41327,42311,984,ampcd_off_brightness_knob,S08,,,,,,,,no,no,
P01,without_tutor,T01,15265,2026-05-28T22:07:07.939358+00:00,1780006027.9362714,dcs_bios_raw,AMPCD_BRT_CTL,42311,43295,984,ampcd_off_brightness_knob,S08,,,,,,,,no,no,
P01,without_tutor,T01,15266,2026-05-28T22:07:07.980054+00:00,1780006027.9770103,dcs_bios_raw,AMPCD_BRT_CTL,43295,44279,984,ampcd_off_brightness_knob,S08,,,,,,,,no,no,
P01,without_tutor,T01,15267,2026-05-28T22:07:08.187952+00:00,1780006028.1864085,dcs_bios_raw,AMPCD_BRT_CTL,44279,46247,1968,ampcd_off_brightness_knob,S08,,,,,,,,no,no,
P01,without_tutor,T01,15270,2026-05-28T22:07:08.438728+00:00,1780006028.4356709,dcs_bios_raw,AMPCD_BRT_CTL,46247,48215,1968,ampcd_off_brightness_knob,S08,,,,,,,,no,no,
P01,without_tutor,T01,15275,2026-05-28T22:07:08.690946+00:00,1780006028.6863773,dcs_bios_raw,AMPCD_BRT_CTL,48215,50183,1968,ampcd_off_brightness_knob,S08,,,,,,,,no,no,
P01,without_tutor,T01,15279,2026-05-28T22:07:08.898594+00:00,1780006028.8970602,dcs_bios_raw,AMPCD_BRT_CTL,50183,51167,984,ampcd_off_brightness_knob,S08,,,,,,,,no,no,
P01,without_tutor,T01,15280,2026-05-28T22:07:08.941842+00:00,1780006028.937247,dcs_bios_raw,AMPCD_BRT_CTL,51167,52151,984,ampcd_off_brightness_knob,S08,,,,,,,,no,no,
P01,without_tutor,T01,15281,2026-05-28T22:07:09.192357+00:00,1780006029.1862488,dcs_bios_raw,AMPCD_BRT_CTL,52151,53135,984,ampcd_off_brightness_knob,S08,,,,,,,,no,no,
P01,without_tutor,T01,15282,2026-05-28T22:07:09.231546+00:00,1780006029.2284608,dcs_bios_raw,AMPCD_BRT_CTL,53135,54119,984,ampcd_off_brightness_knob,S08,,,,,,,,no,no,
P01,without_tutor,T01,15284,2026-05-28T22:07:09.397794+00:00,1780006029.3947196,dcs_bios_raw,AMPCD_BRT_CTL,54119,55103,984,ampcd_off_brightness_knob,S08,,,,,,,,no,no,
P01,without_tutor,T01,15286,2026-05-28T22:07:09.480198+00:00,1780006029.4770916,dcs_bios_raw,AMPCD_BRT_CTL,55103,56087,984,ampcd_off_brightness_knob,S08,,,,,,,,no,no,
P01,without_tutor,T01,15291,2026-05-28T22:07:09.691380+00:00,1780006029.686781,dcs_bios_raw,AMPCD_BRT_CTL,56087,57071,984,ampcd_off_brightness_knob,S08,,,,,,,,no,no,
P01,without_tutor,T01,15324,2026-05-28T22:07:12.357106+00:00,1780006032.3530114,dcs_bios_raw,AMPCD_BRT_CTL,57071,56087,-984,ampcd_off_brightness_knob,S08,,,,,,,,no,no,
P01,without_tutor,T01,15326,2026-05-28T22:07:12.439906+00:00,1780006032.4368427,dcs_bios_raw,AMPCD_BRT_CTL,56087,55103,-984,ampcd_off_brightness_knob,S08,,,,,,,,no,no,
P01,without_tutor,T01,15329,2026-05-28T22:07:12.759324+00:00,1780006032.756249,dcs_bios_raw,AMPCD_BRT_CTL,55103,54119,-984,ampcd_off_brightness_knob,S08,,,,,,,,no,no,
P01,without_tutor,T01,15330,2026-05-28T22:07:12.843232+00:00,1780006032.8386438,dcs_bios_raw,AMPCD_BRT_CTL,54119,53135,-984,ampcd_off_brightness_knob,S08,,,,,,,,no,no,
P01,without_tutor,T01,15334,2026-05-28T22:07:13.078633+00:00,1780006033.0750804,dcs_bios_raw,AMPCD_BRT_CTL,53135,52151,-984,ampcd_off_brightness_knob,S08,,,,,,,,no,no,
P01,without_tutor,T01,15629,2026-05-28T22:07:34.661729+00:00,1780006054.6602094,dcs_bios_raw,HUD_SYM_BRT,,983,983,hud_symbology_brightness_knob,S08,,,,,,,,no,no,
P01,without_tutor,T01,15630,2026-05-28T22:07:34.702260+00:00,1780006054.6992238,dcs_bios_raw,HUD_SYM_BRT,983,1967,984,hud_symbology_brightness_knob,S08,,,,,,,,no,no,
P01,without_tutor,T01,15636,2026-05-28T22:07:35.176879+00:00,1780006055.1738698,dcs_bios_raw,HUD_SYM_BRT,1967,3935,1968,hud_symbology_brightness_knob,S08,,,,,,,,no,no,
P01,without_tutor,T01,15640,2026-05-28T22:07:35.410838+00:00,1780006055.40777,dcs_bios_raw,HUD_SYM_BRT,3935,5903,1968,hud_symbology_brightness_knob,S08,,,,,,,,no,no,
P01,without_tutor,T01,15641,2026-05-28T22:07:35.454511+00:00,1780006055.4484026,dcs_bios_raw,HUD_SYM_BRT,5903,6887,984,hud_symbology_brightness_knob,S08,,,,,,,,no,no,
P01,without_tutor,T01,15646,2026-05-28T22:07:35.660016+00:00,1780006055.65847,dcs_bios_raw,HUD_SYM_BRT,6887,8855,1968,hud_symbology_brightness_knob,S08,,,,,,,,no,no,
P01,without_tutor,T01,15649,2026-05-28T22:07:35.855362+00:00,1780006055.8523426,dcs_bios_raw,HUD_SYM_BRT,8855,9839,984,hud_symbology_brightness_knob,S08,,,,,,,,no,no,
P01,without_tutor,T01,15650,2026-05-28T22:07:35.883839+00:00,1780006055.8808026,dcs_bios_raw,HUD_SYM_BRT,9839,10823,984,hud_symbology_brightness_knob,S08,,,,,,,,no,no,
P01,without_tutor,T01,15652,2026-05-28T22:07:36.065023+00:00,1780006056.0614767,dcs_bios_raw,HUD_SYM_BRT,10823,11807,984,hud_symbology_brightness_knob,S08,,,,,,,,no,no,
P01,without_tutor,T01,15653,2026-05-28T22:07:36.110740+00:00,1780006056.1031132,dcs_bios_raw,HUD_SYM_BRT,11807,12791,984,hud_symbology_brightness_knob,S08,,,,,,,,no,no,
P01,without_tutor,T01,15654,2026-05-28T22:07:36.148383+00:00,1780006056.146867,dcs_bios_raw,HUD_SYM_BRT,12791,13775,984,hud_symbology_brightness_knob,S08,,,,,,,,no,no,
P01,without_tutor,T01,15656,2026-05-28T22:07:36.317014+00:00,1780006056.312942,dcs_bios_raw,HUD_SYM_BRT,13775,14759,984,hud_symbology_brightness_knob,S08,,,,,,,,no,no,
P01,without_tutor,T01,15657,2026-05-28T22:07:36.355581+00:00,1780006056.3530302,dcs_bios_raw,HUD_SYM_BRT,14759,15743,984,hud_symbology_brightness_knob,S08,,,,,,,,no,no,
P01,without_tutor,T01,15662,2026-05-28T22:07:36.591450+00:00,1780006056.588408,dcs_bios_raw,HUD_SYM_BRT,15743,17711,1968,hud_symbology_brightness_knob,S08,,,,,,,,no,no,
P01,without_tutor,T01,15665,2026-05-28T22:07:36.817825+00:00,1780006056.811697,dcs_bios_raw,HUD_SYM_BRT,17711,18695,984,hud_symbology_brightness_knob,S08,,,,,,,,no,no,
P01,without_tutor,T01,15666,2026-05-28T22:07:36.858358+00:00,1780006056.8538153,dcs_bios_raw,HUD_SYM_BRT,18695,19679,984,hud_symbology_brightness_knob,S08,,,,,,,,no,no,
P01,without_tutor,T01,15667,2026-05-28T22:07:36.899967+00:00,1780006056.895415,dcs_bios_raw,HUD_SYM_BRT,19679,20663,984,hud_symbology_brightness_knob,S08,,,,,,,,no,no,
P01,without_tutor,T01,15678,2026-05-28T22:07:37.701600+00:00,1780006057.7000644,dcs_bios_raw,HUD_SYM_BRT,20663,21647,984,hud_symbology_brightness_knob,S08,,,,,,,,no,no,
P01,without_tutor,T01,15679,2026-05-28T22:07:37.746243+00:00,1780006057.7432015,dcs_bios_raw,HUD_SYM_BRT,21647,22631,984,hud_symbology_brightness_knob,S08,,,,,,,,no,no,
P01,without_tutor,T01,15680,2026-05-28T22:07:37.786856+00:00,1780006057.7848399,dcs_bios_raw,HUD_SYM_BRT,22631,23615,984,hud_symbology_brightness_knob,S08,,,,,,,,no,no,
P01,without_tutor,T01,15684,2026-05-28T22:07:38.104688+00:00,1780006058.103164,dcs_bios_raw,HUD_SYM_BRT,23615,24599,984,hud_symbology_brightness_knob,S08,,,,,,,,no,no,
P01,without_tutor,T01,15685,2026-05-28T22:07:38.138605+00:00,1780006058.1315002,dcs_bios_raw,HUD_SYM_BRT,24599,25583,984,hud_symbology_brightness_knob,S08,,,,,,,,no,no,
P01,without_tutor,T01,15686,2026-05-28T22:07:38.176666+00:00,1780006058.173059,dcs_bios_raw,HUD_SYM_BRT,25583,26567,984,hud_symbology_brightness_knob,S08,,,,,,,,no,no,
P01,without_tutor,T01,15691,2026-05-28T22:07:38.382765+00:00,1780006058.3812432,dcs_bios_raw,HUD_SYM_BRT,26567,27551,984,hud_symbology_brightness_knob,S08,,,,,,,,no,no,
P01,without_tutor,T01,15692,2026-05-28T22:07:38.426962+00:00,1780006058.4228108,dcs_bios_raw,HUD_SYM_BRT,27551,28535,984,hud_symbology_brightness_knob,S08,,,,,,,,no,no,
P01,without_tutor,T01,15693,2026-05-28T22:07:38.470230+00:00,1780006058.4656754,dcs_bios_raw,HUD_SYM_BRT,28535,29519,984,hud_symbology_brightness_knob,S08,,,,,,,,no,no,
P01,without_tutor,T01,15696,2026-05-28T22:07:38.746920+00:00,1780006058.74287,dcs_bios_raw,HUD_SYM_BRT,29519,30503,984,hud_symbology_brightness_knob,S08,,,,,,,,no,no,
P01,without_tutor,T01,15697,2026-05-28T22:07:38.790097+00:00,1780006058.7855468,dcs_bios_raw,HUD_SYM_BRT,30503,31487,984,hud_symbology_brightness_knob,S08,,,,,,,,no,no,
P01,without_tutor,T01,15699,2026-05-28T22:07:38.911477+00:00,1780006058.9084456,dcs_bios_raw,HUD_SYM_BRT,31487,32471,984,hud_symbology_brightness_knob,S08,,,,,,,,no,no,
P01,without_tutor,T01,15968,2026-05-28T22:07:58.188637+00:00,1780006078.1855965,dcs_bios_raw,LEFT_DDI_PB_07,,1,1,,,,,,,,,,no,no,unmapped_raw_key
P01,without_tutor,T01,15969,2026-05-28T22:07:58.274435+00:00,1780006078.2698667,dcs_bios_raw,LEFT_DDI_PB_07,1,0,-1,,,,,,,,,,no,no,unmapped_raw_key
P01,without_tutor,T01,16351,2026-05-28T22:08:25.841638+00:00,1780006105.840102,dcs_bios_raw,LEFT_DDI_BRT_CTL,,64551,64551,left_mdi_brightness_control,,,,,,,,,no,no,mapped_target_without_candidate_step
P01,without_tutor,T01,16352,2026-05-28T22:08:25.884780+00:00,1780006105.8801692,dcs_bios_raw,LEFT_DDI_BRT_CTL,64551,63567,-984,left_mdi_brightness_control,,,,,,,,,no,no,mapped_target_without_candidate_step
P01,without_tutor,T01,16354,2026-05-28T22:08:25.968544+00:00,1780006105.9629242,dcs_bios_raw,LEFT_DDI_BRT_CTL,63567,62583,-984,left_mdi_brightness_control,,,,,,,,,no,no,mapped_target_without_candidate_step
P01,without_tutor,T01,16361,2026-05-28T22:08:26.592954+00:00,1780006106.5898583,dcs_bios_raw,LEFT_DDI_BRT_CTL,62583,64551,1968,left_mdi_brightness_control,,,,,,,,,no,no,mapped_target_without_candidate_step
P01,without_tutor,T01,16362,2026-05-28T22:08:26.633077+00:00,1780006106.631542,dcs_bios_raw,LEFT_DDI_BRT_CTL,64551,65535,984,left_mdi_brightness_control,,,,,,,,,no,no,mapped_target_without_candidate_step
P01,without_tutor,T01,16379,2026-05-28T22:08:27.885419+00:00,1780006107.8798292,dcs_bios_raw,LEFT_DDI_BRT_CTL,65535,64551,-984,left_mdi_brightness_control,,,,,,,,,no,no,mapped_target_without_candidate_step
P01,without_tutor,T01,16380,2026-05-28T22:08:27.926963+00:00,1780006107.9213784,dcs_bios_raw,LEFT_DDI_BRT_CTL,64551,62583,-1968,left_mdi_brightness_control,,,,,,,,,no,no,mapped_target_without_candidate_step
P01,without_tutor,T01,16381,2026-05-28T22:08:27.965638+00:00,1780006107.9630828,dcs_bios_raw,LEFT_DDI_BRT_CTL,62583,61599,-984,left_mdi_brightness_control,,,,,,,,,no,no,mapped_target_without_candidate_step
P01,without_tutor,T01,16384,2026-05-28T22:08:28.261670+00:00,1780006108.2555885,dcs_bios_raw,LEFT_DDI_BRT_CTL,61599,60615,-984,left_mdi_brightness_control,,,,,,,,,no,no,mapped_target_without_candidate_step
P01,without_tutor,T01,16385,2026-05-28T22:08:28.300227+00:00,1780006108.2971795,dcs_bios_raw,LEFT_DDI_BRT_CTL,60615,58647,-1968,left_mdi_brightness_control,,,,,,,,,no,no,mapped_target_without_candidate_step
P01,without_tutor,T01,16386,2026-05-28T22:08:28.345336+00:00,1780006108.3392775,dcs_bios_raw,LEFT_DDI_BRT_CTL,58647,56679,-1968,left_mdi_brightness_control,,,,,,,,,no,no,mapped_target_without_candidate_step
P01,without_tutor,T01,16394,2026-05-28T22:08:28.758383+00:00,1780006108.7553403,dcs_bios_raw,LEFT_DDI_BRT_CTL,56679,55695,-984,left_mdi_brightness_control,,,,,,,,,no,no,mapped_target_without_candidate_step
P01,without_tutor,T01,16395,2026-05-28T22:08:28.801469+00:00,1780006108.7969067,dcs_bios_raw,LEFT_DDI_BRT_CTL,55695,54711,-984,left_mdi_brightness_control,,,,,,,,,no,no,mapped_target_without_candidate_step
P01,without_tutor,T01,16396,2026-05-28T22:08:28.845117+00:00,1780006108.8385243,dcs_bios_raw,LEFT_DDI_BRT_CTL,54711,53727,-984,left_mdi_brightness_control,,,,,,,,,no,no,mapped_target_without_candidate_step
P01,without_tutor,T01,16401,2026-05-28T22:08:29.258648+00:00,1780006109.2551024,dcs_bios_raw,LEFT_DDI_BRT_CTL,53727,51759,-1968,left_mdi_brightness_control,,,,,,,,,no,no,mapped_target_without_candidate_step
P01,without_tutor,T01,16567,2026-05-28T22:08:40.800137+00:00,1780006120.797098,dcs_bios_raw,LEFT_DDI_PB_18,,1,1,left_mdi_pb18,S08;S15,,,,,,,,no,no,
P01,without_tutor,T01,16569,2026-05-28T22:08:40.883451+00:00,1780006120.8804054,dcs_bios_raw,LEFT_DDI_PB_18,1,0,-1,left_mdi_pb18,S08;S15,,,,,,,,no,no,
P01,without_tutor,T01,16596,2026-05-28T22:08:43.257857+00:00,1780006123.2547195,dcs_bios_raw,LEFT_DDI_PB_18,0,1,1,left_mdi_pb18,S08;S15,,,,,,,,no,no,
P01,without_tutor,T01,16598,2026-05-28T22:08:43.383173+00:00,1780006123.3816094,dcs_bios_raw,LEFT_DDI_PB_18,1,0,-1,left_mdi_pb18,S08;S15,,,,,,,,no,no,
P01,without_tutor,T01,16627,2026-05-28T22:08:45.466928+00:00,1780006125.4649005,dcs_bios_raw,LEFT_DDI_PB_18,0,1,1,left_mdi_pb18,S08;S15,,,,,,,,no,no,
P01,without_tutor,T01,16629,2026-05-28T22:08:45.553161+00:00,1780006125.5485919,dcs_bios_raw,LEFT_DDI_PB_18,1,0,-1,left_mdi_pb18,S08;S15,,,,,,,,no,no,
P01,without_tutor,T01,16637,2026-05-28T22:08:46.176173+00:00,1780006126.1731308,dcs_bios_raw,LEFT_DDI_PB_18,0,1,1,left_mdi_pb18,S08;S15,,,,,,,,no,no,
P01,without_tutor,T01,16639,2026-05-28T22:08:46.261333+00:00,1780006126.258285,dcs_bios_raw,LEFT_DDI_PB_18,1,0,-1,left_mdi_pb18,S08;S15,,,,,,,,no,no,
P01,without_tutor,T01,16646,2026-05-28T22:08:46.801553+00:00,1780006126.798512,dcs_bios_raw,LEFT_DDI_PB_18,0,1,1,left_mdi_pb18,S08;S15,,,,,,,,no,no,
P01,without_tutor,T01,16648,2026-05-28T22:08:46.885204+00:00,1780006126.8821797,dcs_bios_raw,LEFT_DDI_PB_18,1,0,-1,left_mdi_pb18,S08;S15,,,,,,,,no,no,
P01,without_tutor,T01,16669,2026-05-28T22:08:48.203025+00:00,1780006128.2015035,dcs_bios_raw,LEFT_DDI_PB_18,0,1,1,left_mdi_pb18,S08;S15,,,,,,,,no,no,
P01,without_tutor,T01,16671,2026-05-28T22:08:48.287776+00:00,1780006128.2847207,dcs_bios_raw,LEFT_DDI_PB_18,1,0,-1,left_mdi_pb18,S08;S15,,,,,,,,no,no,
P01,without_tutor,T01,16691,2026-05-28T22:08:49.885268+00:00,1780006129.8812125,dcs_bios_raw,LEFT_DDI_PB_18,0,1,1,left_mdi_pb18,S08;S15,,,,,,,,no,no,
P01,without_tutor,T01,16693,2026-05-28T22:08:49.969976+00:00,1780006129.9643767,dcs_bios_raw,LEFT_DDI_PB_18,1,0,-1,left_mdi_pb18,S08;S15,,,,,,,,no,no,
P01,without_tutor,T01,16708,2026-05-28T22:08:51.216862+00:00,1780006131.2138362,dcs_bios_raw,LEFT_DDI_PB_18,0,1,1,left_mdi_pb18,S08;S15,,,,,,,,no,no,
P01,without_tutor,T01,16709,2026-05-28T22:08:51.299206+00:00,1780006131.2961538,dcs_bios_raw,LEFT_DDI_PB_18,1,0,-1,left_mdi_pb18,S08;S15,,,,,,,,no,no,
P01,without_tutor,T01,16746,2026-05-28T22:08:54.217819+00:00,1780006134.2147708,dcs_bios_raw,LEFT_DDI_PB_18,0,1,1,left_mdi_pb18,S08;S15,,,,,,,,no,no,
P01,without_tutor,T01,16749,2026-05-28T22:08:54.345633+00:00,1780006134.3415525,dcs_bios_raw,LEFT_DDI_PB_18,1,0,-1,left_mdi_pb18,S08;S15,,,,,,,,no,no,
P01,without_tutor,T01,16833,2026-05-28T22:08:59.965494+00:00,1780006139.9629276,dcs_bios_raw,LEFT_DDI_PB_18,0,1,1,left_mdi_pb18,S08;S15,,,,,,,,no,no,
P01,without_tutor,T01,16835,2026-05-28T22:09:00.091800+00:00,1780006140.0887127,dcs_bios_raw,LEFT_DDI_PB_18,1,0,-1,left_mdi_pb18,S08;S15,,,,,,,,no,no,
P01,without_tutor,T01,16846,2026-05-28T22:09:00.841679+00:00,1780006140.8401263,dcs_bios_raw,LEFT_DDI_PB_18,0,1,1,left_mdi_pb18,S08;S15,,,,,,,,no,no,
P01,without_tutor,T01,16847,2026-05-28T22:09:00.967222+00:00,1780006140.965132,dcs_bios_raw,LEFT_DDI_PB_18,1,0,-1,left_mdi_pb18,S08;S15,,,,,,,,no,no,
P01,without_tutor,T01,16884,2026-05-28T22:09:03.553778+00:00,1780006143.5477142,dcs_bios_raw,LEFT_DDI_PB_18,0,1,1,left_mdi_pb18,S08;S15,,,,,,,,no,no,
P01,without_tutor,T01,16886,2026-05-28T22:09:03.637067+00:00,1780006143.6330037,dcs_bios_raw,LEFT_DDI_PB_18,1,0,-1,left_mdi_pb18,S08;S15,,,,,,,,no,no,
P01,without_tutor,T01,16898,2026-05-28T22:09:04.286763+00:00,1780006144.2837422,dcs_bios_raw,LEFT_DDI_PB_18,0,1,1,left_mdi_pb18,S08;S15,,,,,,,,no,no,
P01,without_tutor,T01,16899,2026-05-28T22:09:04.411720+00:00,1780006144.4086685,dcs_bios_raw,LEFT_DDI_PB_18,1,0,-1,left_mdi_pb18,S08;S15,,,,,,,,no,no,
P01,without_tutor,T01,18148,2026-05-28T22:10:35.926864+00:00,1780006235.9253495,dcs_bios_raw,ENGINE_CRANK_SW,1,0,-1,eng_crank_switch,S04;S10,,,,,,,,no,no,
P01,without_tutor,T01,18644,2026-05-28T22:10:56.663069+00:00,1780006256.6600301,dcs_bios_raw,INT_THROTTLE_LEFT,0,157,157,throttle_quadrant_reference,,,,,,,,,no,no,mapped_target_without_candidate_step
P01,without_tutor,T01,18645,2026-05-28T22:10:56.705690+00:00,1780006256.7016277,dcs_bios_raw,INT_THROTTLE_LEFT,157,707,550,throttle_quadrant_reference,,,,,,,,,no,no,mapped_target_without_candidate_step
P01,without_tutor,T01,18646,2026-05-28T22:10:56.746335+00:00,1780006256.743296,dcs_bios_raw,INT_THROTTLE_LEFT,707,1258,551,throttle_quadrant_reference,,,,,,,,,no,no,mapped_target_without_candidate_step
P01,without_tutor,T01,18647,2026-05-28T22:10:56.787920+00:00,1780006256.7848735,dcs_bios_raw,INT_THROTTLE_LEFT,1258,1808,550,throttle_quadrant_reference,,,,,,,,,no,no,mapped_target_without_candidate_step
P01,without_tutor,T01,18648,2026-05-28T22:10:56.829924+00:00,1780006256.8268878,dcs_bios_raw,INT_THROTTLE_LEFT,1808,2359,551,throttle_quadrant_reference,,,,,,,,,no,no,mapped_target_without_candidate_step
P01,without_tutor,T01,18649,2026-05-28T22:10:56.871577+00:00,1780006256.8685422,dcs_bios_raw,INT_THROTTLE_LEFT,2359,2909,550,throttle_quadrant_reference,,,,,,,,,no,no,mapped_target_without_candidate_step
P01,without_tutor,T01,18650,2026-05-28T22:10:56.913216+00:00,1780006256.9101875,dcs_bios_raw,INT_THROTTLE_LEFT,2909,3460,551,throttle_quadrant_reference,,,,,,,,,no,no,mapped_target_without_candidate_step
P01,without_tutor,T01,18651,2026-05-28T22:10:56.955365+00:00,1780006256.9523444,dcs_bios_raw,INT_THROTTLE_LEFT,3460,4010,550,throttle_quadrant_reference,,,,,,,,,no,no,mapped_target_without_candidate_step
P01,without_tutor,T01,18652,2026-05-28T22:10:56.998462+00:00,1780006256.9939015,dcs_bios_raw,INT_THROTTLE_LEFT,4010,4561,551,throttle_quadrant_reference,,,,,,,,,no,no,mapped_target_without_candidate_step
P01,without_tutor,T01,18653,2026-05-28T22:10:57.038488+00:00,1780006257.035462,dcs_bios_raw,INT_THROTTLE_LEFT,4561,5111,550,throttle_quadrant_reference,,,,,,,,,no,no,mapped_target_without_candidate_step
P01,without_tutor,T01,18654,2026-05-28T22:10:57.080039+00:00,1780006257.077021,dcs_bios_raw,INT_THROTTLE_LEFT,5111,5662,551,throttle_quadrant_reference,,,,,,,,,no,no,mapped_target_without_candidate_step
P01,without_tutor,T01,18655,2026-05-28T22:10:57.123186+00:00,1780006257.1186368,dcs_bios_raw,INT_THROTTLE_LEFT,5662,6134,472,throttle_quadrant_reference,,,,,,,,,no,no,mapped_target_without_candidate_step
P01,without_tutor,T01,18656,2026-05-28T22:10:57.164756+00:00,1780006257.160186,dcs_bios_raw,INT_THROTTLE_LEFT,6134,6553,419,throttle_quadrant_reference,,,,,,,,,no,no,mapped_target_without_candidate_step
P01,without_tutor,T01,18914,2026-05-28T22:11:07.869973+00:00,1780006267.8684597,dcs_bios_raw,VSI,32767,32766,-1,,,,,,,,,,no,no,unmapped_raw_key
P01,without_tutor,T01,18953,2026-05-28T22:11:09.497015+00:00,1780006269.4954927,dcs_bios_raw,VSI,32766,32765,-1,,,,,,,,,,no,no,unmapped_raw_key
P01,without_tutor,T01,18955,2026-05-28T22:11:09.580746+00:00,1780006269.5776882,dcs_bios_raw,ENGINE_CRANK_SW,0,1,1,eng_crank_switch,S04;S10,,,,,,,,no,no,
P01,without_tutor,T01,18979,2026-05-28T22:11:10.578635+00:00,1780006270.5755873,dcs_bios_raw,VSI,32765,32766,1,,,,,,,,,,no,no,unmapped_raw_key
P01,without_tutor,T01,18998,2026-05-28T22:11:11.371462+00:00,1780006271.3684268,dcs_bios_raw,VSI,32766,32767,1,,,,,,,,,,no,no,unmapped_raw_key
P01,without_tutor,T01,19893,2026-05-28T22:12:09.554787+00:00,1780006329.5522735,dcs_bios_raw,APU_CONTROL_SW,1,0,-1,apu_switch,S03,,,,,,,,no,no,
P01,without_tutor,T01,19938,2026-05-28T22:12:13.723862+00:00,1780006333.7177775,dcs_bios_raw,INS_SW,,7,7,ins_mode_knob,S12,,,,,,,,no,no,
P01,without_tutor,T01,19949,2026-05-28T22:12:14.637030+00:00,1780006334.6355088,dcs_bios_raw,INS_SW,7,6,-1,ins_mode_knob,S12,,,,,,,,no,no,
P01,without_tutor,T01,19964,2026-05-28T22:12:16.012229+00:00,1780006336.0091937,dcs_bios_raw,INS_SW,6,5,-1,ins_mode_knob,S12,,,,,,,,no,no,
P01,without_tutor,T01,19977,2026-05-28T22:12:16.927787+00:00,1780006336.9262614,dcs_bios_raw,INS_SW,5,4,-1,ins_mode_knob,S12,,,,,,,,no,no,
P01,without_tutor,T01,19993,2026-05-28T22:12:18.011718+00:00,1780006338.008686,dcs_bios_raw,INS_SW,4,3,-1,ins_mode_knob,S12,,,,,,,,no,no,
P01,without_tutor,T01,20001,2026-05-28T22:12:18.428474+00:00,1780006338.4254434,dcs_bios_raw,INS_SW,3,2,-1,ins_mode_knob,S12,,,,,,,,no,no,
P01,without_tutor,T01,20232,2026-05-28T22:12:34.123872+00:00,1780006354.1208322,dcs_bios_raw,RADAR_SW,,1,1,radar_mode_knob,S13,,,,,,,,no,no,
P01,without_tutor,T01,20238,2026-05-28T22:12:34.542829+00:00,1780006354.5382812,dcs_bios_raw,RADAR_SW,1,2,1,radar_mode_knob,S13,,,,,,,,no,no,
P01,without_tutor,T01,20902,2026-05-28T22:13:22.513069+00:00,1780006402.5100362,dcs_bios_raw,OBOGS_SW,,1,1,obogs_control_switch,S14,,,,,,,,no,no,
P01,without_tutor,T01,21341,2026-05-28T22:13:55.876332+00:00,1780006435.8717546,dcs_bios_raw,FCS_RESET_BTN,,1,1,fcs_reset_button,S15,,,,,,,,no,no,
P01,without_tutor,T01,21342,2026-05-28T22:13:55.957104+00:00,1780006435.9550736,dcs_bios_raw,FCS_RESET_BTN,1,0,-1,fcs_reset_button,S15,,,,,,,,no,no,
P01,without_tutor,T01,21999,2026-05-28T22:14:44.790251+00:00,1780006484.7871716,dcs_bios_raw,FLAP_SW,,1,1,flap_switch,S16;S27,,,,,,,,no,no,
P01,without_tutor,T01,22020,2026-05-28T22:14:46.206240+00:00,1780006486.2031949,dcs_bios_raw,FLAP_SW,1,2,1,flap_switch,S16;S27,,,,,,,,no,no,
P01,without_tutor,T01,23000,2026-05-28T22:15:56.986148+00:00,1780006556.9831028,dcs_bios_raw,RUD_TRIM,,32521,32521,,,,,,,,,,no,no,unmapped_raw_key
P01,without_tutor,T01,23027,2026-05-28T22:15:58.823226+00:00,1780006558.8171601,dcs_bios_raw,TO_TRIM_BTN,,1,1,takeoff_trim_button,S17,,,,,,,,no,no,
P01,without_tutor,T01,23027,2026-05-28T22:15:58.823226+00:00,1780006558.8171601,dcs_bios_raw,RUD_TRIM,32521,32767,246,,,,,,,,,,no,no,unmapped_raw_key
P01,without_tutor,T01,23028,2026-05-28T22:15:58.903867+00:00,1780006558.90084,dcs_bios_raw,TO_TRIM_BTN,1,0,-1,takeoff_trim_button,S17,,,,,,,,no,no,
P01,without_tutor,T01,23045,2026-05-28T22:15:59.656253+00:00,1780006559.6516743,dcs_bios_raw,TO_TRIM_BTN,0,1,1,takeoff_trim_button,S17,,,,,,,,no,no,
P01,without_tutor,T01,23056,2026-05-28T22:16:00.100835+00:00,1780006560.0947216,dcs_bios_raw,TO_TRIM_BTN,1,0,-1,takeoff_trim_button,S17,,,,,,,,no,no,
P01,without_tutor,T01,23075,2026-05-28T22:16:01.141299+00:00,1780006561.1367474,dcs_bios_raw,TO_TRIM_BTN,0,1,1,takeoff_trim_button,S17,,,,,,,,no,no,
P01,without_tutor,T01,23079,2026-05-28T22:16:01.514971+00:00,1780006561.5114176,dcs_bios_raw,TO_TRIM_BTN,1,0,-1,takeoff_trim_button,S17,,,,,,,,no,no,
P01,without_tutor,T01,23103,2026-05-28T22:16:03.057867+00:00,1780006563.054832,dcs_bios_raw,TO_TRIM_BTN,0,1,1,takeoff_trim_button,S17,,,,,,,,no,no,
P01,without_tutor,T01,23104,2026-05-28T22:16:03.140022+00:00,1780006563.136977,dcs_bios_raw,TO_TRIM_BTN,1,0,-1,takeoff_trim_button,S17,,,,,,,,no,no,
P01,without_tutor,T01,23129,2026-05-28T22:16:05.013120+00:00,1780006565.0116034,dcs_bios_raw,TO_TRIM_BTN,0,1,1,takeoff_trim_button,S17,,,,,,,,no,no,
P01,without_tutor,T01,23142,2026-05-28T22:16:05.935008+00:00,1780006565.92991,dcs_bios_raw,TO_TRIM_BTN,1,0,-1,takeoff_trim_button,S17,,,,,,,,no,no,
P01,without_tutor,T01,23164,2026-05-28T22:16:07.556333+00:00,1780006567.553275,dcs_bios_raw,TO_TRIM_BTN,0,1,1,takeoff_trim_button,S17,,,,,,,,no,no,
P01,without_tutor,T01,23166,2026-05-28T22:16:07.974620+00:00,1780006567.9715855,dcs_bios_raw,TO_TRIM_BTN,1,0,-1,takeoff_trim_button,S17,,,,,,,,no,no,
P01,without_tutor,T01,23248,2026-05-28T22:16:12.433861+00:00,1780006572.429322,dcs_bios_raw,TO_TRIM_BTN,0,1,1,takeoff_trim_button,S17,,,,,,,,no,no,
P01,without_tutor,T01,23250,2026-05-28T22:16:12.890162+00:00,1780006572.8871334,dcs_bios_raw,TO_TRIM_BTN,1,0,-1,takeoff_trim_button,S17,,,,,,,,no,no,
P01,without_tutor,T01,23269,2026-05-28T22:16:14.725632+00:00,1780006574.7200477,dcs_bios_raw,TO_TRIM_BTN,0,1,1,takeoff_trim_button,S17,,,,,,,,no,no,
P01,without_tutor,T01,23270,2026-05-28T22:16:14.846957+00:00,1780006574.8454313,dcs_bios_raw,TO_TRIM_BTN,1,0,-1,takeoff_trim_button,S17,,,,,,,,no,no,
P01,without_tutor,T01,23293,2026-05-28T22:16:16.389345+00:00,1780006576.3862782,dcs_bios_raw,TO_TRIM_BTN,0,1,1,takeoff_trim_button,S17,,,,,,,,no,no,
P01,without_tutor,T01,23300,2026-05-28T22:16:16.931380+00:00,1780006576.928353,dcs_bios_raw,TO_TRIM_BTN,1,0,-1,takeoff_trim_button,S17,,,,,,,,no,no,
P01,without_tutor,T01,23680,2026-05-28T22:16:44.013221+00:00,1780006604.0101821,dcs_bios_raw,RIGHT_DDI_PB_05,,1,1,right_mdi_pb5,S08;S18;S19,,,,,,,,no,no,
P01,without_tutor,T01,23682,2026-05-28T22:16:44.138536+00:00,1780006604.1355026,dcs_bios_raw,RIGHT_DDI_PB_05,1,0,-1,right_mdi_pb5,S08;S18;S19,,,,,,,,no,no,
P01,without_tutor,T01,25207,2026-05-28T22:18:22.432366+00:00,1780006702.4292867,dcs_bios_raw,WING_FOLD_PULL,,1,1,,,,,,,,,,no,no,unmapped_raw_key
P01,without_tutor,T01,25314,2026-05-28T22:18:28.976221+00:00,1780006708.9701533,dcs_bios_raw,WING_FOLD_ROTATE,,1,1,,,,,,,,,,no,no,unmapped_raw_key
P01,without_tutor,T01,25339,2026-05-28T22:18:30.598644+00:00,1780006710.595624,dcs_bios_raw,WING_FOLD_ROTATE,1,0,-1,,,,,,,,,,no,no,unmapped_raw_key
P01,without_tutor,T01,25340,2026-05-28T22:18:30.642275+00:00,1780006710.6376462,dcs_bios_raw,EXT_WING_FOLDING,,20,20,,,,,,,,,,no,no,unmapped_raw_key
P01,without_tutor,T01,25341,2026-05-28T22:18:30.681375+00:00,1780006710.6783035,dcs_bios_raw,EXT_WING_FOLDING,20,63,43,,,,,,,,,,no,no,unmapped_raw_key
P01,without_tutor,T01,25342,2026-05-28T22:18:30.723029+00:00,1780006710.7199695,dcs_bios_raw,EXT_WING_FOLDING,63,127,64,,,,,,,,,,no,no,unmapped_raw_key
P01,without_tutor,T01,25343,2026-05-28T22:18:30.764585+00:00,1780006710.7615232,dcs_bios_raw,EXT_WING_FOLDING,127,207,80,,,,,,,,,,no,no,unmapped_raw_key
P01,without_tutor,T01,25344,2026-05-28T22:18:30.806317+00:00,1780006710.8032444,dcs_bios_raw,EXT_WING_FOLDING,207,302,95,,,,,,,,,,no,no,unmapped_raw_key
P01,without_tutor,T01,25345,2026-05-28T22:18:30.848458+00:00,1780006710.8453875,dcs_bios_raw,EXT_WING_FOLDING,302,409,107,,,,,,,,,,no,no,unmapped_raw_key
P01,without_tutor,T01,25346,2026-05-28T22:18:30.893190+00:00,1780006710.8885646,dcs_bios_raw,EXT_WING_FOLDING,409,527,118,,,,,,,,,,no,no,unmapped_raw_key
P01,without_tutor,T01,25347,2026-05-28T22:18:30.932305+00:00,1780006710.929224,dcs_bios_raw,EXT_WING_FOLDING,527,654,127,,,,,,,,,,no,no,unmapped_raw_key
P01,without_tutor,T01,25348,2026-05-28T22:18:30.972912+00:00,1780006710.9713938,dcs_bios_raw,EXT_WING_FOLDING,654,789,135,,,,,,,,,,no,no,unmapped_raw_key
P01,without_tutor,T01,25349,2026-05-28T22:18:31.015218+00:00,1780006711.012648,dcs_bios_raw,EXT_WING_FOLDING,789,931,142,,,,,,,,,,no,no,unmapped_raw_key
P01,without_tutor,T01,25350,2026-05-28T22:18:31.056772+00:00,1780006711.054759,dcs_bios_raw,EXT_WING_FOLDING,931,1078,147,,,,,,,,,,no,no,unmapped_raw_key
P01,without_tutor,T01,25351,2026-05-28T22:18:31.098440+00:00,1780006711.0953722,dcs_bios_raw,EXT_WING_FOLDING,1078,1207,129,,,,,,,,,,no,no,unmapped_raw_key
P01,without_tutor,T01,25352,2026-05-28T22:18:31.141129+00:00,1780006711.138069,dcs_bios_raw,EXT_WING_FOLDING,1207,1363,156,,,,,,,,,,no,no,unmapped_raw_key
P01,without_tutor,T01,25353,2026-05-28T22:18:31.183819+00:00,1780006711.179248,dcs_bios_raw,EXT_WING_FOLDING,1363,1522,159,,,,,,,,,,no,no,unmapped_raw_key
P01,without_tutor,T01,25354,2026-05-28T22:18:31.222425+00:00,1780006711.2208672,dcs_bios_raw,EXT_WING_FOLDING,1522,1683,161,,,,,,,,,,no,no,unmapped_raw_key
P01,without_tutor,T01,25355,2026-05-28T22:18:31.265074+00:00,1780006711.261493,dcs_bios_raw,EXT_WING_FOLDING,1683,1848,165,,,,,,,,,,no,no,unmapped_raw_key
P01,without_tutor,T01,25356,2026-05-28T22:18:31.307205+00:00,1780006711.303103,dcs_bios_raw,EXT_WING_FOLDING,1848,2015,167,,,,,,,,,,no,no,unmapped_raw_key
P01,without_tutor,T01,25357,2026-05-28T22:18:31.347768+00:00,1780006711.3461823,dcs_bios_raw,EXT_WING_FOLDING,2015,2183,168,,,,,,,,,,no,no,unmapped_raw_key
P01,without_tutor,T01,25358,2026-05-28T22:18:31.390853+00:00,1780006711.387786,dcs_bios_raw,EXT_WING_FOLDING,2183,2353,170,,,,,,,,,,no,no,unmapped_raw_key
P01,without_tutor,T01,25359,2026-05-28T22:18:31.432459+00:00,1780006711.4293911,dcs_bios_raw,EXT_WING_FOLDING,2353,2525,172,,,,,,,,,,no,no,unmapped_raw_key
P01,without_tutor,T01,25360,2026-05-28T22:18:31.477118+00:00,1780006711.4730546,dcs_bios_raw,EXT_WING_FOLDING,2525,2698,173,,,,,,,,,,no,no,unmapped_raw_key
P01,without_tutor,T01,25361,2026-05-28T22:18:31.517729+00:00,1780006711.5131445,dcs_bios_raw,EXT_WING_FOLDING,2698,2872,174,,,,,,,,,,no,no,unmapped_raw_key
P01,without_tutor,T01,25362,2026-05-28T22:18:31.557884+00:00,1780006711.5548196,dcs_bios_raw,EXT_WING_FOLDING,2872,3046,174,,,,,,,,,,no,no,unmapped_raw_key
P01,without_tutor,T01,25363,2026-05-28T22:18:31.599966+00:00,1780006711.596889,dcs_bios_raw,EXT_WING_FOLDING,3046,3221,175,,,,,,,,,,no,no,unmapped_raw_key
P01,without_tutor,T01,25364,2026-05-28T22:18:31.643166+00:00,1780006711.638589,dcs_bios_raw,EXT_WING_FOLDING,3221,3397,176,,,,,,,,,,no,no,unmapped_raw_key
P01,without_tutor,T01,25365,2026-05-28T22:18:31.682384+00:00,1780006711.679286,dcs_bios_raw,EXT_WING_FOLDING,3397,3574,177,,,,,,,,,,no,no,unmapped_raw_key
P01,without_tutor,T01,25366,2026-05-28T22:18:31.725490+00:00,1780006711.7198925,dcs_bios_raw,EXT_WING_FOLDING,3574,3751,177,,,,,,,,,,no,no,unmapped_raw_key
P01,without_tutor,T01,25367,2026-05-28T22:18:31.764982+00:00,1780006711.761417,dcs_bios_raw,EXT_WING_FOLDING,3751,3928,177,,,,,,,,,,no,no,unmapped_raw_key
P01,without_tutor,T01,25368,2026-05-28T22:18:31.806953+00:00,1780006711.803934,dcs_bios_raw,EXT_WING_FOLDING,3928,4081,153,,,,,,,,,,no,no,unmapped_raw_key
P01,without_tutor,T01,25369,2026-05-28T22:18:31.848559+00:00,1780006711.8454964,dcs_bios_raw,EXT_WING_FOLDING,4081,4258,177,,,,,,,,,,no,no,unmapped_raw_key
P01,without_tutor,T01,25370,2026-05-28T22:18:31.890187+00:00,1780006711.8871133,dcs_bios_raw,EXT_WING_FOLDING,4258,4437,179,,,,,,,,,,no,no,unmapped_raw_key
P01,without_tutor,T01,25371,2026-05-28T22:18:31.933839+00:00,1780006711.9292681,dcs_bios_raw,EXT_WING_FOLDING,4437,4615,178,,,,,,,,,,no,no,unmapped_raw_key
P01,without_tutor,T01,25372,2026-05-28T22:18:31.974944+00:00,1780006711.9713705,dcs_bios_raw,EXT_WING_FOLDING,4615,4794,179,,,,,,,,,,no,no,unmapped_raw_key
P01,without_tutor,T01,25373,2026-05-28T22:18:32.015542+00:00,1780006712.0129795,dcs_bios_raw,EXT_WING_FOLDING,4794,4973,179,,,,,,,,,,no,no,unmapped_raw_key
P01,without_tutor,T01,25374,2026-05-28T22:18:32.056174+00:00,1780006712.054657,dcs_bios_raw,EXT_WING_FOLDING,4973,5152,179,,,,,,,,,,no,no,unmapped_raw_key
P01,without_tutor,T01,25375,2026-05-28T22:18:32.099468+00:00,1780006712.0968616,dcs_bios_raw,EXT_WING_FOLDING,5152,5331,179,,,,,,,,,,no,no,unmapped_raw_key
P01,without_tutor,T01,25376,2026-05-28T22:18:32.143030+00:00,1780006712.1384616,dcs_bios_raw,EXT_WING_FOLDING,5331,5510,179,,,,,,,,,,no,no,unmapped_raw_key
P01,without_tutor,T01,25377,2026-05-28T22:18:32.181665+00:00,1780006712.1786122,dcs_bios_raw,EXT_WING_FOLDING,5510,5689,179,,,,,,,,,,no,no,unmapped_raw_key
P01,without_tutor,T01,25378,2026-05-28T22:18:32.225302+00:00,1780006712.220762,dcs_bios_raw,EXT_WING_FOLDING,5689,5869,180,,,,,,,,,,no,no,unmapped_raw_key
P01,without_tutor,T01,25379,2026-05-28T22:18:32.264877+00:00,1780006712.2623584,dcs_bios_raw,EXT_WING_FOLDING,5869,6048,179,,,,,,,,,,no,no,unmapped_raw_key
P01,without_tutor,T01,25380,2026-05-28T22:18:32.307004+00:00,1780006712.3039842,dcs_bios_raw,EXT_WING_FOLDING,6048,6228,180,,,,,,,,,,no,no,unmapped_raw_key
P01,without_tutor,T01,25381,2026-05-28T22:18:32.348633+00:00,1780006712.3456013,dcs_bios_raw,EXT_WING_FOLDING,6228,6407,179,,,,,,,,,,no,no,unmapped_raw_key
P01,without_tutor,T01,25382,2026-05-28T22:18:32.396261+00:00,1780006712.3886304,dcs_bios_raw,EXT_WING_FOLDING,6407,6587,180,,,,,,,,,,no,no,unmapped_raw_key
P01,without_tutor,T01,25383,2026-05-28T22:18:32.432267+00:00,1780006712.4292326,dcs_bios_raw,EXT_WING_FOLDING,6587,6767,180,,,,,,,,,,no,no,unmapped_raw_key
P01,without_tutor,T01,25384,2026-05-28T22:18:32.473861+00:00,1780006712.4708214,dcs_bios_raw,EXT_WING_FOLDING,6767,6947,180,,,,,,,,,,no,no,unmapped_raw_key
P01,without_tutor,T01,25385,2026-05-28T22:18:32.515548+00:00,1780006712.5129867,dcs_bios_raw,EXT_WING_FOLDING,6947,7127,180,,,,,,,,,,no,no,unmapped_raw_key
P01,without_tutor,T01,25386,2026-05-28T22:18:32.557654+00:00,1780006712.5546238,dcs_bios_raw,EXT_WING_FOLDING,7127,7281,154,,,,,,,,,,no,no,unmapped_raw_key
P01,without_tutor,T01,25387,2026-05-28T22:18:32.599188+00:00,1780006712.596171,dcs_bios_raw,EXT_WING_FOLDING,7281,7461,180,,,,,,,,,,no,no,unmapped_raw_key
P01,without_tutor,T01,25388,2026-05-28T22:18:32.639906+00:00,1780006712.6383772,dcs_bios_raw,EXT_WING_FOLDING,7461,7641,180,,,,,,,,,,no,no,unmapped_raw_key
P01,without_tutor,T01,25389,2026-05-28T22:18:32.683098+00:00,1780006712.6800268,dcs_bios_raw,EXT_WING_FOLDING,7641,7821,180,,,,,,,,,,no,no,unmapped_raw_key
P01,without_tutor,T01,25390,2026-05-28T22:18:32.724713+00:00,1780006712.7201648,dcs_bios_raw,EXT_WING_FOLDING,7821,8001,180,,,,,,,,,,no,no,unmapped_raw_key
P01,without_tutor,T01,25391,2026-05-28T22:18:32.766790+00:00,1780006712.7622497,dcs_bios_raw,EXT_WING_FOLDING,8001,8182,181,,,,,,,,,,no,no,unmapped_raw_key
P01,without_tutor,T01,25392,2026-05-28T22:18:32.808319+00:00,1780006712.8047836,dcs_bios_raw,EXT_WING_FOLDING,8182,8362,180,,,,,,,,,,no,no,unmapped_raw_key
P01,without_tutor,T01,25393,2026-05-28T22:18:32.851519+00:00,1780006712.846944,dcs_bios_raw,EXT_WING_FOLDING,8362,8543,181,,,,,,,,,,no,no,unmapped_raw_key
P01,without_tutor,T01,25394,2026-05-28T22:18:32.893101+00:00,1780006712.8884833,dcs_bios_raw,EXT_WING_FOLDING,8543,8723,180,,,,,,,,,,no,no,unmapped_raw_key
P01,without_tutor,T01,25395,2026-05-28T22:18:32.933183+00:00,1780006712.930147,dcs_bios_raw,EXT_WING_FOLDING,8723,8904,181,,,,,,,,,,no,no,unmapped_raw_key
P01,without_tutor,T01,25396,2026-05-28T22:18:32.976392+00:00,1780006712.971821,dcs_bios_raw,EXT_WING_FOLDING,8904,9084,180,,,,,,,,,,no,no,unmapped_raw_key
P01,without_tutor,T01,25397,2026-05-28T22:18:33.015406+00:00,1780006713.0123832,dcs_bios_raw,EXT_WING_FOLDING,9084,9265,181,,,,,,,,,,no,no,unmapped_raw_key
P01,without_tutor,T01,25398,2026-05-28T22:18:33.058547+00:00,1780006713.0554857,dcs_bios_raw,EXT_WING_FOLDING,9265,9446,181,,,,,,,,,,no,no,unmapped_raw_key
P01,without_tutor,T01,25399,2026-05-28T22:18:33.100201+00:00,1780006713.0971644,dcs_bios_raw,EXT_WING_FOLDING,9446,9627,181,,,,,,,,,,no,no,unmapped_raw_key
P01,without_tutor,T01,25400,2026-05-28T22:18:33.142249+00:00,1780006713.1376724,dcs_bios_raw,EXT_WING_FOLDING,9627,9807,180,,,,,,,,,,no,no,unmapped_raw_key
P01,without_tutor,T01,25401,2026-05-28T22:18:33.183879+00:00,1780006713.1808476,dcs_bios_raw,EXT_WING_FOLDING,9807,9988,181,,,,,,,,,,no,no,unmapped_raw_key
P01,without_tutor,T01,25402,2026-05-28T22:18:33.224515+00:00,1780006713.221478,dcs_bios_raw,EXT_WING_FOLDING,9988,10170,182,,,,,,,,,,no,no,unmapped_raw_key
P01,without_tutor,T01,25403,2026-05-28T22:18:33.265610+00:00,1780006713.2630756,dcs_bios_raw,EXT_WING_FOLDING,10170,10351,181,,,,,,,,,,no,no,unmapped_raw_key
P01,without_tutor,T01,25404,2026-05-28T22:18:33.307757+00:00,1780006713.3047183,dcs_bios_raw,EXT_WING_FOLDING,10351,10532,181,,,,,,,,,,no,no,unmapped_raw_key
P01,without_tutor,T01,25405,2026-05-28T22:18:33.349864+00:00,1780006713.3468225,dcs_bios_raw,EXT_WING_FOLDING,10532,10713,181,,,,,,,,,,no,no,unmapped_raw_key
P01,without_tutor,T01,25406,2026-05-28T22:18:33.391458+00:00,1780006713.3884268,dcs_bios_raw,EXT_WING_FOLDING,10713,10895,182,,,,,,,,,,no,no,unmapped_raw_key
P01,without_tutor,T01,25407,2026-05-28T22:18:33.436203+00:00,1780006713.4301167,dcs_bios_raw,EXT_WING_FOLDING,10895,11050,155,,,,,,,,,,no,no,unmapped_raw_key
P01,without_tutor,T01,25408,2026-05-28T22:18:33.474755+00:00,1780006713.4717174,dcs_bios_raw,EXT_WING_FOLDING,11050,11232,182,,,,,,,,,,no,no,unmapped_raw_key
P01,without_tutor,T01,25409,2026-05-28T22:18:33.516889+00:00,1780006713.5138705,dcs_bios_raw,EXT_WING_FOLDING,11232,11413,181,,,,,,,,,,no,no,unmapped_raw_key
P01,without_tutor,T01,25410,2026-05-28T22:18:33.561555+00:00,1780006713.555393,dcs_bios_raw,EXT_WING_FOLDING,11413,11595,182,,,,,,,,,,no,no,unmapped_raw_key
P01,without_tutor,T01,25411,2026-05-28T22:18:33.603077+00:00,1780006713.5969858,dcs_bios_raw,EXT_WING_FOLDING,11595,11777,182,,,,,,,,,,no,no,unmapped_raw_key
P01,without_tutor,T01,25412,2026-05-28T22:18:33.643197+00:00,1780006713.6386504,dcs_bios_raw,EXT_WING_FOLDING,11777,11959,182,,,,,,,,,,no,no,unmapped_raw_key
P01,without_tutor,T01,25413,2026-05-28T22:18:33.683756+00:00,1780006713.6792095,dcs_bios_raw,EXT_WING_FOLDING,11959,12115,156,,,,,,,,,,no,no,unmapped_raw_key
P01,without_tutor,T01,25414,2026-05-28T22:18:33.724785+00:00,1780006713.7217438,dcs_bios_raw,EXT_WING_FOLDING,12115,12297,182,,,,,,,,,,no,no,unmapped_raw_key
P01,without_tutor,T01,25415,2026-05-28T22:18:33.765294+00:00,1780006713.7622736,dcs_bios_raw,EXT_WING_FOLDING,12297,12479,182,,,,,,,,,,no,no,unmapped_raw_key
P01,without_tutor,T01,25416,2026-05-28T22:18:33.806790+00:00,1780006713.804767,dcs_bios_raw,EXT_WING_FOLDING,12479,12661,182,,,,,,,,,,no,no,unmapped_raw_key
P01,without_tutor,T01,25417,2026-05-28T22:18:33.851475+00:00,1780006713.845412,dcs_bios_raw,EXT_WING_FOLDING,12661,12844,183,,,,,,,,,,no,no,unmapped_raw_key
P01,without_tutor,T01,25418,2026-05-28T22:18:33.890049+00:00,1780006713.8870082,dcs_bios_raw,EXT_WING_FOLDING,12844,13026,182,,,,,,,,,,no,no,unmapped_raw_key
P01,without_tutor,T01,25419,2026-05-28T22:18:33.934691+00:00,1780006713.9301045,dcs_bios_raw,EXT_WING_FOLDING,13026,13209,183,,,,,,,,,,no,no,unmapped_raw_key
P01,without_tutor,T01,25420,2026-05-28T22:18:33.977782+00:00,1780006713.9716978,dcs_bios_raw,EXT_WING_FOLDING,13209,13392,183,,,,,,,,,,no,no,unmapped_raw_key
P01,without_tutor,T01,25421,2026-05-28T22:18:34.016295+00:00,1780006714.0132606,dcs_bios_raw,EXT_WING_FOLDING,13392,13575,183,,,,,,,,,,no,no,unmapped_raw_key
P01,without_tutor,T01,25422,2026-05-28T22:18:34.061390+00:00,1780006714.055313,dcs_bios_raw,EXT_WING_FOLDING,13575,13758,183,,,,,,,,,,no,no,unmapped_raw_key
P01,without_tutor,T01,25423,2026-05-28T22:18:34.098439+00:00,1780006714.0969036,dcs_bios_raw,EXT_WING_FOLDING,13758,13941,183,,,,,,,,,,no,no,unmapped_raw_key
P01,without_tutor,T01,25424,2026-05-28T22:18:34.141644+00:00,1780006714.138602,dcs_bios_raw,EXT_WING_FOLDING,13941,14124,183,,,,,,,,,,no,no,unmapped_raw_key
P01,without_tutor,T01,25425,2026-05-28T22:18:34.183214+00:00,1780006714.1801732,dcs_bios_raw,EXT_WING_FOLDING,14124,14307,183,,,,,,,,,,no,no,unmapped_raw_key
P01,without_tutor,T01,25426,2026-05-28T22:18:34.224924+00:00,1780006714.2224016,dcs_bios_raw,EXT_WING_FOLDING,14307,14491,184,,,,,,,,,,no,no,unmapped_raw_key
P01,without_tutor,T01,25427,2026-05-28T22:18:34.268525+00:00,1780006714.2629573,dcs_bios_raw,EXT_WING_FOLDING,14491,14674,183,,,,,,,,,,no,no,unmapped_raw_key
P01,without_tutor,T01,25428,2026-05-28T22:18:34.310082+00:00,1780006714.3049903,dcs_bios_raw,EXT_WING_FOLDING,14674,14858,184,,,,,,,,,,no,no,unmapped_raw_key
P01,without_tutor,T01,25429,2026-05-28T22:18:34.352270+00:00,1780006714.3462021,dcs_bios_raw,EXT_WING_FOLDING,14858,15042,184,,,,,,,,,,no,no,unmapped_raw_key
P01,without_tutor,T01,25430,2026-05-28T22:18:34.392814+00:00,1780006714.3882802,dcs_bios_raw,EXT_WING_FOLDING,15042,15226,184,,,,,,,,,,no,no,unmapped_raw_key
P01,without_tutor,T01,25431,2026-05-28T22:18:34.437094+00:00,1780006714.4299893,dcs_bios_raw,EXT_WING_FOLDING,15226,15410,184,,,,,,,,,,no,no,unmapped_raw_key
P01,without_tutor,T01,25432,2026-05-28T22:18:34.475104+00:00,1780006714.471563,dcs_bios_raw,EXT_WING_FOLDING,15410,15594,184,,,,,,,,,,no,no,unmapped_raw_key
P01,without_tutor,T01,25433,2026-05-28T22:18:34.516204+00:00,1780006714.5131664,dcs_bios_raw,EXT_WING_FOLDING,15594,15752,158,,,,,,,,,,no,no,unmapped_raw_key
P01,without_tutor,T01,25434,2026-05-28T22:18:34.559334+00:00,1780006714.554784,dcs_bios_raw,EXT_WING_FOLDING,15752,15936,184,,,,,,,,,,no,no,unmapped_raw_key
P01,without_tutor,T01,25435,2026-05-28T22:18:34.599857+00:00,1780006714.5968103,dcs_bios_raw,EXT_WING_FOLDING,15936,16121,185,,,,,,,,,,no,no,unmapped_raw_key
P01,without_tutor,T01,25436,2026-05-28T22:18:34.641429+00:00,1780006714.6383982,dcs_bios_raw,EXT_WING_FOLDING,16121,16306,185,,,,,,,,,,no,no,unmapped_raw_key
P01,without_tutor,T01,25437,2026-05-28T22:18:34.683036+00:00,1780006714.6799805,dcs_bios_raw,EXT_WING_FOLDING,16306,16491,185,,,,,,,,,,no,no,unmapped_raw_key
P01,without_tutor,T01,25438,2026-05-28T22:18:34.725100+00:00,1780006714.721551,dcs_bios_raw,EXT_WING_FOLDING,16491,16676,185,,,,,,,,,,no,no,unmapped_raw_key
P01,without_tutor,T01,25439,2026-05-28T22:18:34.766171+00:00,1780006714.7631388,dcs_bios_raw,EXT_WING_FOLDING,16676,16861,185,,,,,,,,,,no,no,unmapped_raw_key
P01,without_tutor,T01,25440,2026-05-28T22:18:34.807759+00:00,1780006714.8047118,dcs_bios_raw,EXT_WING_FOLDING,16861,17046,185,,,,,,,,,,no,no,unmapped_raw_key
P01,without_tutor,T01,25441,2026-05-28T22:18:34.849867+00:00,1780006714.8468392,dcs_bios_raw,EXT_WING_FOLDING,17046,17232,186,,,,,,,,,,no,no,unmapped_raw_key
P01,without_tutor,T01,25442,2026-05-28T22:18:34.894447+00:00,1780006714.8883882,dcs_bios_raw,EXT_WING_FOLDING,17232,17418,186,,,,,,,,,,no,no,unmapped_raw_key
P01,without_tutor,T01,25443,2026-05-28T22:18:34.933133+00:00,1780006714.9300961,dcs_bios_raw,EXT_WING_FOLDING,17418,17603,185,,,,,,,,,,no,no,unmapped_raw_key
P01,without_tutor,T01,25444,2026-05-28T22:18:34.973199+00:00,1780006714.9701426,dcs_bios_raw,EXT_WING_FOLDING,17603,17789,186,,,,,,,,,,no,no,unmapped_raw_key
P01,without_tutor,T01,25445,2026-05-28T22:18:35.014799+00:00,1780006715.0132768,dcs_bios_raw,EXT_WING_FOLDING,17789,17975,186,,,,,,,,,,no,no,unmapped_raw_key
P01,without_tutor,T01,25446,2026-05-28T22:18:35.056957+00:00,1780006715.0549297,dcs_bios_raw,EXT_WING_FOLDING,17975,18162,187,,,,,,,,,,no,no,unmapped_raw_key
P01,without_tutor,T01,25447,2026-05-28T22:18:35.098599+00:00,1780006715.095564,dcs_bios_raw,EXT_WING_FOLDING,18162,18348,186,,,,,,,,,,no,no,unmapped_raw_key
P01,without_tutor,T01,25448,2026-05-28T22:18:35.140196+00:00,1780006715.1371555,dcs_bios_raw,EXT_WING_FOLDING,18348,18535,187,,,,,,,,,,no,no,unmapped_raw_key
P01,without_tutor,T01,25449,2026-05-28T22:18:35.181746+00:00,1780006715.1787088,dcs_bios_raw,EXT_WING_FOLDING,18535,18695,160,,,,,,,,,,no,no,unmapped_raw_key
P01,without_tutor,T01,25450,2026-05-28T22:18:35.223820+00:00,1780006715.2207758,dcs_bios_raw,EXT_WING_FOLDING,18695,18882,187,,,,,,,,,,no,no,unmapped_raw_key
P01,without_tutor,T01,25451,2026-05-28T22:18:35.267005+00:00,1780006715.2614346,dcs_bios_raw,EXT_WING_FOLDING,18882,19069,187,,,,,,,,,,no,no,unmapped_raw_key
P01,without_tutor,T01,25452,2026-05-28T22:18:35.307724+00:00,1780006715.3031652,dcs_bios_raw,EXT_WING_FOLDING,19069,19256,187,,,,,,,,,,no,no,unmapped_raw_key
P01,without_tutor,T01,25453,2026-05-28T22:18:35.347808+00:00,1780006715.3447673,dcs_bios_raw,EXT_WING_FOLDING,19256,19444,188,,,,,,,,,,no,no,unmapped_raw_key
P01,without_tutor,T01,25454,2026-05-28T22:18:35.389333+00:00,1780006715.387814,dcs_bios_raw,EXT_WING_FOLDING,19444,19631,187,,,,,,,,,,no,no,unmapped_raw_key
P01,without_tutor,T01,25455,2026-05-28T22:18:35.432903+00:00,1780006715.429861,dcs_bios_raw,EXT_WING_FOLDING,19631,19819,188,,,,,,,,,,no,no,unmapped_raw_key
P01,without_tutor,T01,25456,2026-05-28T22:18:35.473003+00:00,1780006715.471481,dcs_bios_raw,EXT_WING_FOLDING,19819,20007,188,,,,,,,,,,no,no,unmapped_raw_key
P01,without_tutor,T01,25457,2026-05-28T22:18:35.517702+00:00,1780006715.5131323,dcs_bios_raw,EXT_WING_FOLDING,20007,20196,189,,,,,,,,,,no,no,unmapped_raw_key
P01,without_tutor,T01,25458,2026-05-28T22:18:35.557753+00:00,1780006715.5547109,dcs_bios_raw,EXT_WING_FOLDING,20196,20384,188,,,,,,,,,,no,no,unmapped_raw_key
P01,without_tutor,T01,25459,2026-05-28T22:18:35.600402+00:00,1780006715.5962563,dcs_bios_raw,EXT_WING_FOLDING,20384,20573,189,,,,,,,,,,no,no,unmapped_raw_key
P01,without_tutor,T01,25460,2026-05-28T22:18:35.639999+00:00,1780006715.6384814,dcs_bios_raw,EXT_WING_FOLDING,20573,20761,188,,,,,,,,,,no,no,unmapped_raw_key
P01,without_tutor,T01,25461,2026-05-28T22:18:35.681647+00:00,1780006715.6785738,dcs_bios_raw,EXT_WING_FOLDING,20761,20950,189,,,,,,,,,,no,no,unmapped_raw_key
P01,without_tutor,T01,25462,2026-05-28T22:18:35.723246+00:00,1780006715.720203,dcs_bios_raw,EXT_WING_FOLDING,20950,21139,189,,,,,,,,,,no,no,unmapped_raw_key
P01,without_tutor,T01,25463,2026-05-28T22:18:35.765263+00:00,1780006715.7622435,dcs_bios_raw,EXT_WING_FOLDING,21139,21329,190,,,,,,,,,,no,no,unmapped_raw_key
P01,without_tutor,T01,25464,2026-05-28T22:18:35.806362+00:00,1780006715.8033202,dcs_bios_raw,EXT_WING_FOLDING,21329,21518,189,,,,,,,,,,no,no,unmapped_raw_key
P01,without_tutor,T01,25465,2026-05-28T22:18:35.850042+00:00,1780006715.8470109,dcs_bios_raw,EXT_WING_FOLDING,21518,21708,190,,,,,,,,,,no,no,unmapped_raw_key
P01,without_tutor,T01,25466,2026-05-28T22:18:35.894743+00:00,1780006715.8886855,dcs_bios_raw,EXT_WING_FOLDING,21708,21898,190,,,,,,,,,,no,no,unmapped_raw_key
P01,without_tutor,T01,25467,2026-05-28T22:18:35.932811+00:00,1780006715.929778,dcs_bios_raw,EXT_WING_FOLDING,21898,22088,190,,,,,,,,,,no,no,unmapped_raw_key
P01,without_tutor,T01,25468,2026-05-28T22:18:35.973871+00:00,1780006715.9708402,dcs_bios_raw,EXT_WING_FOLDING,22088,22279,191,,,,,,,,,,no,no,unmapped_raw_key
P01,without_tutor,T01,25469,2026-05-28T22:18:36.015371+00:00,1780006716.0123417,dcs_bios_raw,EXT_WING_FOLDING,22279,22469,190,,,,,,,,,,no,no,unmapped_raw_key
P01,without_tutor,T01,25470,2026-05-28T22:18:36.058549+00:00,1780006716.0544755,dcs_bios_raw,EXT_WING_FOLDING,22469,22633,164,,,,,,,,,,no,no,unmapped_raw_key
P01,without_tutor,T01,25471,2026-05-28T22:18:36.098585+00:00,1780006716.0955677,dcs_bios_raw,EXT_WING_FOLDING,22633,22824,191,,,,,,,,,,no,no,unmapped_raw_key
P01,without_tutor,T01,25472,2026-05-28T22:18:36.140098+00:00,1780006716.137034,dcs_bios_raw,EXT_WING_FOLDING,22824,23015,191,,,,,,,,,,no,no,unmapped_raw_key
P01,without_tutor,T01,25473,2026-05-28T22:18:36.181674+00:00,1780006716.1786306,dcs_bios_raw,EXT_WING_FOLDING,23015,23206,191,,,,,,,,,,no,no,unmapped_raw_key
P01,without_tutor,T01,25474,2026-05-28T22:18:36.223212+00:00,1780006716.2201798,dcs_bios_raw,EXT_WING_FOLDING,23206,23398,192,,,,,,,,,,no,no,unmapped_raw_key
P01,without_tutor,T01,25475,2026-05-28T22:18:36.265362+00:00,1780006716.262336,dcs_bios_raw,EXT_WING_FOLDING,23398,23590,192,,,,,,,,,,no,no,unmapped_raw_key
P01,without_tutor,T01,25476,2026-05-28T22:18:36.307934+00:00,1780006716.3033745,dcs_bios_raw,EXT_WING_FOLDING,23590,23782,192,,,,,,,,,,no,no,unmapped_raw_key
P01,without_tutor,T01,25477,2026-05-28T22:18:36.348554+00:00,1780006716.3455167,dcs_bios_raw,EXT_WING_FOLDING,23782,23974,192,,,,,,,,,,no,no,unmapped_raw_key
P01,without_tutor,T01,25478,2026-05-28T22:18:36.390119+00:00,1780006716.3870842,dcs_bios_raw,EXT_WING_FOLDING,23974,24167,193,,,,,,,,,,no,no,unmapped_raw_key
P01,without_tutor,T01,25479,2026-05-28T22:18:36.431693+00:00,1780006716.4286566,dcs_bios_raw,EXT_WING_FOLDING,24167,24360,193,,,,,,,,,,no,no,unmapped_raw_key
P01,without_tutor,T01,25480,2026-05-28T22:18:36.473832+00:00,1780006716.4708002,dcs_bios_raw,EXT_WING_FOLDING,24360,24553,193,,,,,,,,,,no,no,unmapped_raw_key
P01,without_tutor,T01,25481,2026-05-28T22:18:36.515324+00:00,1780006716.5123045,dcs_bios_raw,EXT_WING_FOLDING,24553,24746,193,,,,,,,,,,no,no,unmapped_raw_key
P01,without_tutor,T01,25482,2026-05-28T22:18:36.556936+00:00,1780006716.5549173,dcs_bios_raw,EXT_WING_FOLDING,24746,24940,194,,,,,,,,,,no,no,unmapped_raw_key
P01,without_tutor,T01,25483,2026-05-28T22:18:36.598497+00:00,1780006716.5954716,dcs_bios_raw,EXT_WING_FOLDING,24940,25133,193,,,,,,,,,,no,no,unmapped_raw_key
P01,without_tutor,T01,25484,2026-05-28T22:18:36.643085+00:00,1780006716.6385355,dcs_bios_raw,EXT_WING_FOLDING,25133,25327,194,,,,,,,,,,no,no,unmapped_raw_key
P01,without_tutor,T01,25485,2026-05-28T22:18:36.681696+00:00,1780006716.6786537,dcs_bios_raw,EXT_WING_FOLDING,25327,25522,195,,,,,,,,,,no,no,unmapped_raw_key
P01,without_tutor,T01,25486,2026-05-28T22:18:36.726758+00:00,1780006716.7207026,dcs_bios_raw,EXT_WING_FOLDING,25522,25716,194,,,,,,,,,,no,no,unmapped_raw_key
P01,without_tutor,T01,25487,2026-05-28T22:18:36.764811+00:00,1780006716.7607772,dcs_bios_raw,EXT_WING_FOLDING,25716,25911,195,,,,,,,,,,no,no,unmapped_raw_key
P01,without_tutor,T01,25488,2026-05-28T22:18:36.806339+00:00,1780006716.8032963,dcs_bios_raw,EXT_WING_FOLDING,25911,26078,167,,,,,,,,,,no,no,unmapped_raw_key
P01,without_tutor,T01,25489,2026-05-28T22:18:36.846846+00:00,1780006716.844829,dcs_bios_raw,EXT_WING_FOLDING,26078,26273,195,,,,,,,,,,no,no,unmapped_raw_key
P01,without_tutor,T01,25490,2026-05-28T22:18:36.888431+00:00,1780006716.8869028,dcs_bios_raw,EXT_WING_FOLDING,26273,26469,196,,,,,,,,,,no,no,unmapped_raw_key
P01,without_tutor,T01,25491,2026-05-28T22:18:36.930086+00:00,1780006716.9269786,dcs_bios_raw,EXT_WING_FOLDING,26469,26664,195,,,,,,,,,,no,no,unmapped_raw_key
P01,without_tutor,T01,25492,2026-05-28T22:18:36.977795+00:00,1780006716.9702127,dcs_bios_raw,EXT_WING_FOLDING,26664,26860,196,,,,,,,,,,no,no,unmapped_raw_key
P01,without_tutor,T01,25493,2026-05-28T22:18:37.014826+00:00,1780006717.0107806,dcs_bios_raw,EXT_WING_FOLDING,26860,27056,196,,,,,,,,,,no,no,unmapped_raw_key
P01,without_tutor,T01,25494,2026-05-28T22:18:37.056956+00:00,1780006717.0539353,dcs_bios_raw,EXT_WING_FOLDING,27056,27253,197,,,,,,,,,,no,no,unmapped_raw_key
P01,without_tutor,T01,25495,2026-05-28T22:18:37.098547+00:00,1780006717.0955145,dcs_bios_raw,EXT_WING_FOLDING,27253,27450,197,,,,,,,,,,no,no,unmapped_raw_key
P01,without_tutor,T01,25496,2026-05-28T22:18:37.140103+00:00,1780006717.137034,dcs_bios_raw,EXT_WING_FOLDING,27450,27647,197,,,,,,,,,,no,no,unmapped_raw_key
P01,without_tutor,T01,25497,2026-05-28T22:18:37.184748+00:00,1780006717.1786702,dcs_bios_raw,EXT_WING_FOLDING,27647,27844,197,,,,,,,,,,no,no,unmapped_raw_key
P01,without_tutor,T01,25498,2026-05-28T22:18:37.225315+00:00,1780006717.220763,dcs_bios_raw,EXT_WING_FOLDING,27844,28042,198,,,,,,,,,,no,no,unmapped_raw_key
P01,without_tutor,T01,25499,2026-05-28T22:18:37.264938+00:00,1780006717.2624137,dcs_bios_raw,EXT_WING_FOLDING,28042,28211,169,,,,,,,,,,no,no,unmapped_raw_key
P01,without_tutor,T01,25500,2026-05-28T22:18:37.305500+00:00,1780006717.302955,dcs_bios_raw,EXT_WING_FOLDING,28211,28438,227,,,,,,,,,,no,no,unmapped_raw_key
P01,without_tutor,T01,25501,2026-05-28T22:18:37.348678+00:00,1780006717.3456447,dcs_bios_raw,EXT_WING_FOLDING,28438,28636,198,,,,,,,,,,no,no,unmapped_raw_key
P01,without_tutor,T01,25502,2026-05-28T22:18:37.389296+00:00,1780006717.3862448,dcs_bios_raw,EXT_WING_FOLDING,28636,28835,199,,,,,,,,,,no,no,unmapped_raw_key
P01,without_tutor,T01,25503,2026-05-28T22:18:37.431393+00:00,1780006717.4283562,dcs_bios_raw,EXT_WING_FOLDING,28835,29034,199,,,,,,,,,,no,no,unmapped_raw_key
P01,without_tutor,T01,25504,2026-05-28T22:18:37.473001+00:00,1780006717.469934,dcs_bios_raw,EXT_WING_FOLDING,29034,29233,199,,,,,,,,,,no,no,unmapped_raw_key
P01,without_tutor,T01,25505,2026-05-28T22:18:37.514616+00:00,1780006717.511585,dcs_bios_raw,EXT_WING_FOLDING,29233,29433,200,,,,,,,,,,no,no,unmapped_raw_key
P01,without_tutor,T01,25506,2026-05-28T22:18:37.557698+00:00,1780006717.5546482,dcs_bios_raw,EXT_WING_FOLDING,29433,29632,199,,,,,,,,,,no,no,unmapped_raw_key
P01,without_tutor,T01,25507,2026-05-28T22:18:37.601300+00:00,1780006717.5967557,dcs_bios_raw,EXT_WING_FOLDING,29632,29833,201,,,,,,,,,,no,no,unmapped_raw_key
P01,without_tutor,T01,25508,2026-05-28T22:18:37.644985+00:00,1780006717.6414413,dcs_bios_raw,EXT_WING_FOLDING,29833,30033,200,,,,,,,,,,no,no,unmapped_raw_key
P01,without_tutor,T01,25509,2026-05-28T22:18:37.689259+00:00,1780006717.684664,dcs_bios_raw,EXT_WING_FOLDING,30033,30234,201,,,,,,,,,,no,no,unmapped_raw_key
P01,without_tutor,T01,25510,2026-05-28T22:18:37.732411+00:00,1780006717.7293675,dcs_bios_raw,EXT_WING_FOLDING,30234,30435,201,,,,,,,,,,no,no,unmapped_raw_key
P01,without_tutor,T01,25511,2026-05-28T22:18:37.778504+00:00,1780006717.7729337,dcs_bios_raw,EXT_WING_FOLDING,30435,30665,230,,,,,,,,,,no,no,unmapped_raw_key
P01,without_tutor,T01,25512,2026-05-28T22:18:37.820140+00:00,1780006717.815542,dcs_bios_raw,EXT_WING_FOLDING,30665,30867,202,,,,,,,,,,no,no,unmapped_raw_key
P01,without_tutor,T01,25513,2026-05-28T22:18:37.859321+00:00,1780006717.8577893,dcs_bios_raw,EXT_WING_FOLDING,30867,31069,202,,,,,,,,,,no,no,unmapped_raw_key
P01,without_tutor,T01,25514,2026-05-28T22:18:37.901397+00:00,1780006717.8998735,dcs_bios_raw,EXT_WING_FOLDING,31069,31271,202,,,,,,,,,,no,no,unmapped_raw_key
P01,without_tutor,T01,25515,2026-05-28T22:18:37.943083+00:00,1780006717.9400406,dcs_bios_raw,EXT_WING_FOLDING,31271,31473,202,,,,,,,,,,no,no,unmapped_raw_key
P01,without_tutor,T01,25516,2026-05-28T22:18:37.984681+00:00,1780006717.9816432,dcs_bios_raw,EXT_WING_FOLDING,31473,31676,203,,,,,,,,,,no,no,unmapped_raw_key
P01,without_tutor,T01,25517,2026-05-28T22:18:38.026284+00:00,1780006718.0247622,dcs_bios_raw,EXT_WING_FOLDING,31676,31880,204,,,,,,,,,,no,no,unmapped_raw_key
P01,without_tutor,T01,25518,2026-05-28T22:18:38.068350+00:00,1780006718.0668247,dcs_bios_raw,EXT_WING_FOLDING,31880,32083,203,,,,,,,,,,no,no,unmapped_raw_key
P01,without_tutor,T01,25519,2026-05-28T22:18:38.112963+00:00,1780006718.1083908,dcs_bios_raw,EXT_WING_FOLDING,32083,32287,204,,,,,,,,,,no,no,unmapped_raw_key
P01,without_tutor,T01,25520,2026-05-28T22:18:38.155086+00:00,1780006718.1499765,dcs_bios_raw,EXT_WING_FOLDING,32287,32491,204,,,,,,,,,,no,no,unmapped_raw_key
P01,without_tutor,T01,25521,2026-05-28T22:18:38.194637+00:00,1780006718.1915972,dcs_bios_raw,EXT_WING_FOLDING,32491,32696,205,,,,,,,,,,no,no,unmapped_raw_key
P01,without_tutor,T01,25522,2026-05-28T22:18:38.238321+00:00,1780006718.233783,dcs_bios_raw,EXT_WING_FOLDING,32696,32901,205,,,,,,,,,,no,no,unmapped_raw_key
P01,without_tutor,T01,25523,2026-05-28T22:18:38.278447+00:00,1780006718.2754061,dcs_bios_raw,EXT_WING_FOLDING,32901,33106,205,,,,,,,,,,no,no,unmapped_raw_key
P01,without_tutor,T01,25524,2026-05-28T22:18:38.321596+00:00,1780006718.3170407,dcs_bios_raw,EXT_WING_FOLDING,33106,33311,205,,,,,,,,,,no,no,unmapped_raw_key
P01,without_tutor,T01,25525,2026-05-28T22:18:38.361700+00:00,1780006718.358667,dcs_bios_raw,EXT_WING_FOLDING,33311,33517,206,,,,,,,,,,no,no,unmapped_raw_key
P01,without_tutor,T01,25526,2026-05-28T22:18:38.402346+00:00,1780006718.3992937,dcs_bios_raw,EXT_WING_FOLDING,33517,33723,206,,,,,,,,,,no,no,unmapped_raw_key
P01,without_tutor,T01,25527,2026-05-28T22:18:38.444489+00:00,1780006718.4414554,dcs_bios_raw,EXT_WING_FOLDING,33723,33930,207,,,,,,,,,,no,no,unmapped_raw_key
P01,without_tutor,T01,25528,2026-05-28T22:18:38.487122+00:00,1780006718.4830294,dcs_bios_raw,EXT_WING_FOLDING,33930,34137,207,,,,,,,,,,no,no,unmapped_raw_key
P01,without_tutor,T01,25529,2026-05-28T22:18:38.527702+00:00,1780006718.5246544,dcs_bios_raw,EXT_WING_FOLDING,34137,34344,207,,,,,,,,,,no,no,unmapped_raw_key
P01,without_tutor,T01,25530,2026-05-28T22:18:38.573907+00:00,1780006718.567774,dcs_bios_raw,EXT_WING_FOLDING,34344,34552,208,,,,,,,,,,no,no,unmapped_raw_key
P01,without_tutor,T01,25531,2026-05-28T22:18:38.611445+00:00,1780006718.6099179,dcs_bios_raw,EXT_WING_FOLDING,34552,34759,207,,,,,,,,,,no,no,unmapped_raw_key
P01,without_tutor,T01,25532,2026-05-28T22:18:38.653169+00:00,1780006718.6501322,dcs_bios_raw,EXT_WING_FOLDING,34759,34968,209,,,,,,,,,,no,no,unmapped_raw_key
P01,without_tutor,T01,25533,2026-05-28T22:18:38.695327+00:00,1780006718.6923063,dcs_bios_raw,EXT_WING_FOLDING,34968,35176,208,,,,,,,,,,no,no,unmapped_raw_key
P01,without_tutor,T01,25534,2026-05-28T22:18:38.736839+00:00,1780006718.7348208,dcs_bios_raw,EXT_WING_FOLDING,35176,35385,209,,,,,,,,,,no,no,unmapped_raw_key
P01,without_tutor,T01,25535,2026-05-28T22:18:38.778512+00:00,1780006718.7754729,dcs_bios_raw,EXT_WING_FOLDING,35385,35565,180,,,,,,,,,,no,no,unmapped_raw_key
P01,without_tutor,T01,25536,2026-05-28T22:18:38.820068+00:00,1780006718.8170176,dcs_bios_raw,EXT_WING_FOLDING,35565,35774,209,,,,,,,,,,no,no,unmapped_raw_key
P01,without_tutor,T01,25537,2026-05-28T22:18:38.865250+00:00,1780006718.8591917,dcs_bios_raw,EXT_WING_FOLDING,35774,35984,210,,,,,,,,,,no,no,unmapped_raw_key
P01,without_tutor,T01,25538,2026-05-28T22:18:38.906951+00:00,1780006718.899822,dcs_bios_raw,EXT_WING_FOLDING,35984,36195,211,,,,,,,,,,no,no,unmapped_raw_key
P01,without_tutor,T01,25539,2026-05-28T22:18:38.945056+00:00,1780006718.9414692,dcs_bios_raw,EXT_WING_FOLDING,36195,36405,210,,,,,,,,,,no,no,unmapped_raw_key
P01,without_tutor,T01,25540,2026-05-28T22:18:38.986247+00:00,1780006718.9831667,dcs_bios_raw,EXT_WING_FOLDING,36405,36617,212,,,,,,,,,,no,no,unmapped_raw_key
P01,without_tutor,T01,25541,2026-05-28T22:18:39.027815+00:00,1780006719.024729,dcs_bios_raw,EXT_WING_FOLDING,36617,36828,211,,,,,,,,,,no,no,unmapped_raw_key
P01,without_tutor,T01,25542,2026-05-28T22:18:39.071479+00:00,1780006719.0668628,dcs_bios_raw,EXT_WING_FOLDING,36828,37040,212,,,,,,,,,,no,no,unmapped_raw_key
P01,without_tutor,T01,25543,2026-05-28T22:18:39.111512+00:00,1780006719.1099923,dcs_bios_raw,EXT_WING_FOLDING,37040,37252,212,,,,,,,,,,no,no,unmapped_raw_key
P01,without_tutor,T01,25544,2026-05-28T22:18:39.154618+00:00,1780006719.1530967,dcs_bios_raw,EXT_WING_FOLDING,37252,37465,213,,,,,,,,,,no,no,unmapped_raw_key
P01,without_tutor,T01,25545,2026-05-28T22:18:39.197727+00:00,1780006719.1946857,dcs_bios_raw,EXT_WING_FOLDING,37465,37678,213,,,,,,,,,,no,no,unmapped_raw_key
P01,without_tutor,T01,25546,2026-05-28T22:18:39.238411+00:00,1780006719.2368627,dcs_bios_raw,EXT_WING_FOLDING,37678,37891,213,,,,,,,,,,no,no,unmapped_raw_key
P01,without_tutor,T01,25547,2026-05-28T22:18:39.279982+00:00,1780006719.2769406,dcs_bios_raw,EXT_WING_FOLDING,37891,38105,214,,,,,,,,,,no,no,unmapped_raw_key
P01,without_tutor,T01,25548,2026-05-28T22:18:39.320068+00:00,1780006719.31702,dcs_bios_raw,EXT_WING_FOLDING,38105,38319,214,,,,,,,,,,no,no,unmapped_raw_key
P01,without_tutor,T01,25549,2026-05-28T22:18:39.361675+00:00,1780006719.3586295,dcs_bios_raw,EXT_WING_FOLDING,38319,38533,214,,,,,,,,,,no,no,unmapped_raw_key
P01,without_tutor,T01,25550,2026-05-28T22:18:39.402736+00:00,1780006719.3996708,dcs_bios_raw,EXT_WING_FOLDING,38533,38748,215,,,,,,,,,,no,no,unmapped_raw_key
P01,without_tutor,T01,25551,2026-05-28T22:18:39.444854+00:00,1780006719.4422982,dcs_bios_raw,EXT_WING_FOLDING,38748,38964,216,,,,,,,,,,no,no,unmapped_raw_key
P01,without_tutor,T01,25552,2026-05-28T22:18:39.486852+00:00,1780006719.4838295,dcs_bios_raw,EXT_WING_FOLDING,38964,39179,215,,,,,,,,,,no,no,unmapped_raw_key
P01,without_tutor,T01,25553,2026-05-28T22:18:39.531626+00:00,1780006719.5255537,dcs_bios_raw,EXT_WING_FOLDING,39179,39395,216,,,,,,,,,,no,no,unmapped_raw_key
P01,without_tutor,T01,25554,2026-05-28T22:18:39.570769+00:00,1780006719.5677016,dcs_bios_raw,EXT_WING_FOLDING,39395,39612,217,,,,,,,,,,no,no,unmapped_raw_key
P01,without_tutor,T01,25555,2026-05-28T22:18:39.611366+00:00,1780006719.6098232,dcs_bios_raw,EXT_WING_FOLDING,39612,39798,186,,,,,,,,,,no,no,unmapped_raw_key
P01,without_tutor,T01,25556,2026-05-28T22:18:39.652921+00:00,1780006719.6513698,dcs_bios_raw,EXT_WING_FOLDING,39798,40015,217,,,,,,,,,,no,no,unmapped_raw_key
P01,without_tutor,T01,25557,2026-05-28T22:18:39.694621+00:00,1780006719.6915646,dcs_bios_raw,EXT_WING_FOLDING,40015,40233,218,,,,,,,,,,no,no,unmapped_raw_key
P01,without_tutor,T01,25558,2026-05-28T22:18:39.737734+00:00,1780006719.7346563,dcs_bios_raw,EXT_WING_FOLDING,40233,40451,218,,,,,,,,,,no,no,unmapped_raw_key
P01,without_tutor,T01,25559,2026-05-28T22:18:39.777814+00:00,1780006719.776251,dcs_bios_raw,EXT_WING_FOLDING,40451,40669,218,,,,,,,,,,no,no,unmapped_raw_key
P01,without_tutor,T01,25560,2026-05-28T22:18:39.820882+00:00,1780006719.8178108,dcs_bios_raw,EXT_WING_FOLDING,40669,40888,219,,,,,,,,,,no,no,unmapped_raw_key
P01,without_tutor,T01,25561,2026-05-28T22:18:39.862899+00:00,1780006719.8583226,dcs_bios_raw,EXT_WING_FOLDING,40888,41107,219,,,,,,,,,,no,no,unmapped_raw_key
P01,without_tutor,T01,25562,2026-05-28T22:18:39.902470+00:00,1780006719.8994417,dcs_bios_raw,EXT_WING_FOLDING,41107,41327,220,,,,,,,,,,no,no,unmapped_raw_key
P01,without_tutor,T01,25563,2026-05-28T22:18:39.947114+00:00,1780006719.9415076,dcs_bios_raw,EXT_WING_FOLDING,41327,41547,220,,,,,,,,,,no,no,unmapped_raw_key
P01,without_tutor,T01,25564,2026-05-28T22:18:39.985678+00:00,1780006719.9830894,dcs_bios_raw,WING_FOLD_ROTATE,0,1,1,,,,,,,,,,no,no,unmapped_raw_key
P01,without_tutor,T01,25564,2026-05-28T22:18:39.985678+00:00,1780006719.9830894,dcs_bios_raw,EXT_WING_FOLDING,41547,41768,221,,,,,,,,,,no,no,unmapped_raw_key
P01,without_tutor,T01,25565,2026-05-28T22:18:40.033819+00:00,1780006720.027722,dcs_bios_raw,EXT_WING_FOLDING,41768,41799,31,,,,,,,,,,no,no,unmapped_raw_key
P01,without_tutor,T01,25576,2026-05-28T22:18:40.624749+00:00,1780006720.6216955,dcs_bios_raw,WING_FOLD_ROTATE,1,2,1,,,,,,,,,,no,no,unmapped_raw_key
P01,without_tutor,T01,25577,2026-05-28T22:18:40.666756+00:00,1780006720.6637404,dcs_bios_raw,EXT_WING_FOLDING,41799,41794,-5,,,,,,,,,,no,no,unmapped_raw_key
P01,without_tutor,T01,25578,2026-05-28T22:18:40.708385+00:00,1780006720.70532,dcs_bios_raw,EXT_WING_FOLDING,41794,41755,-39,,,,,,,,,,no,no,unmapped_raw_key
P01,without_tutor,T01,25579,2026-05-28T22:18:40.749994+00:00,1780006720.74692,dcs_bios_raw,EXT_WING_FOLDING,41755,41685,-70,,,,,,,,,,no,no,unmapped_raw_key
P01,without_tutor,T01,25580,2026-05-28T22:18:40.793062+00:00,1780006720.7900107,dcs_bios_raw,EXT_WING_FOLDING,41685,41588,-97,,,,,,,,,,no,no,unmapped_raw_key
P01,without_tutor,T01,25581,2026-05-28T22:18:40.833247+00:00,1780006720.8317041,dcs_bios_raw,EXT_WING_FOLDING,41588,41468,-120,,,,,,,,,,no,no,unmapped_raw_key
P01,without_tutor,T01,25582,2026-05-28T22:18:40.875335+00:00,1780006720.872317,dcs_bios_raw,EXT_WING_FOLDING,41468,41329,-139,,,,,,,,,,no,no,unmapped_raw_key
P01,without_tutor,T01,25583,2026-05-28T22:18:40.917090+00:00,1780006720.9150486,dcs_bios_raw,EXT_WING_FOLDING,41329,41173,-156,,,,,,,,,,no,no,unmapped_raw_key
P01,without_tutor,T01,25584,2026-05-28T22:18:40.957689+00:00,1780006720.9561634,dcs_bios_raw,EXT_WING_FOLDING,41173,41003,-170,,,,,,,,,,no,no,unmapped_raw_key
P01,without_tutor,T01,25585,2026-05-28T22:18:40.999293+00:00,1780006720.997765,dcs_bios_raw,EXT_WING_FOLDING,41003,40820,-183,,,,,,,,,,no,no,unmapped_raw_key
P01,without_tutor,T01,25586,2026-05-28T22:18:41.042912+00:00,1780006721.039861,dcs_bios_raw,EXT_WING_FOLDING,40820,40628,-192,,,,,,,,,,no,no,unmapped_raw_key
P01,without_tutor,T01,25587,2026-05-28T22:18:41.082927+00:00,1780006721.0798957,dcs_bios_raw,EXT_WING_FOLDING,40628,40427,-201,,,,,,,,,,no,no,unmapped_raw_key
P01,without_tutor,T01,25588,2026-05-28T22:18:41.125116+00:00,1780006721.1215308,dcs_bios_raw,EXT_WING_FOLDING,40427,40218,-209,,,,,,,,,,no,no,unmapped_raw_key
P01,without_tutor,T01,25589,2026-05-28T22:18:41.166735+00:00,1780006721.1637156,dcs_bios_raw,EXT_WING_FOLDING,40218,40003,-215,,,,,,,,,,no,no,unmapped_raw_key
P01,without_tutor,T01,25590,2026-05-28T22:18:41.208412+00:00,1780006721.2053795,dcs_bios_raw,EXT_WING_FOLDING,40003,39782,-221,,,,,,,,,,no,no,unmapped_raw_key
P01,without_tutor,T01,25591,2026-05-28T22:18:41.250012+00:00,1780006721.2484975,dcs_bios_raw,EXT_WING_FOLDING,39782,39557,-225,,,,,,,,,,no,no,unmapped_raw_key
P01,without_tutor,T01,25592,2026-05-28T22:18:41.293852+00:00,1780006721.2892735,dcs_bios_raw,EXT_WING_FOLDING,39557,39328,-229,,,,,,,,,,no,no,unmapped_raw_key
P01,without_tutor,T01,25593,2026-05-28T22:18:41.334848+00:00,1780006721.331274,dcs_bios_raw,EXT_WING_FOLDING,39328,39096,-232,,,,,,,,,,no,no,unmapped_raw_key
P01,without_tutor,T01,25594,2026-05-28T22:18:41.377016+00:00,1780006721.372925,dcs_bios_raw,EXT_WING_FOLDING,39096,38861,-235,,,,,,,,,,no,no,unmapped_raw_key
P01,without_tutor,T01,25595,2026-05-28T22:18:41.417006+00:00,1780006721.4149745,dcs_bios_raw,EXT_WING_FOLDING,38861,38624,-237,,,,,,,,,,no,no,unmapped_raw_key
P01,without_tutor,T01,25596,2026-05-28T22:18:41.458666+00:00,1780006721.4556298,dcs_bios_raw,EXT_WING_FOLDING,38624,38384,-240,,,,,,,,,,no,no,unmapped_raw_key
P01,without_tutor,T01,25597,2026-05-28T22:18:41.500898+00:00,1780006721.4978685,dcs_bios_raw,EXT_WING_FOLDING,38384,38178,-206,,,,,,,,,,no,no,unmapped_raw_key
P01,without_tutor,T01,25598,2026-05-28T22:18:41.541371+00:00,1780006721.5383434,dcs_bios_raw,EXT_WING_FOLDING,38178,37935,-243,,,,,,,,,,no,no,unmapped_raw_key
P01,without_tutor,T01,25599,2026-05-28T22:18:41.582989+00:00,1780006721.5814705,dcs_bios_raw,EXT_WING_FOLDING,37935,37692,-243,,,,,,,,,,no,no,unmapped_raw_key
P01,without_tutor,T01,25600,2026-05-28T22:18:41.627723+00:00,1780006721.6231346,dcs_bios_raw,EXT_WING_FOLDING,37692,37447,-245,,,,,,,,,,no,no,unmapped_raw_key
P01,without_tutor,T01,25601,2026-05-28T22:18:41.669898+00:00,1780006721.6638281,dcs_bios_raw,EXT_WING_FOLDING,37447,37202,-245,,,,,,,,,,no,no,unmapped_raw_key
P01,without_tutor,T01,25602,2026-05-28T22:18:41.711476+00:00,1780006721.7053688,dcs_bios_raw,EXT_WING_FOLDING,37202,36956,-246,,,,,,,,,,no,no,unmapped_raw_key
P01,without_tutor,T01,25603,2026-05-28T22:18:41.750060+00:00,1780006721.748537,dcs_bios_raw,EXT_WING_FOLDING,36956,36709,-247,,,,,,,,,,no,no,unmapped_raw_key
P01,without_tutor,T01,25604,2026-05-28T22:18:41.793210+00:00,1780006721.7901614,dcs_bios_raw,EXT_WING_FOLDING,36709,36462,-247,,,,,,,,,,no,no,unmapped_raw_key
P01,without_tutor,T01,25605,2026-05-28T22:18:41.834830+00:00,1780006721.8307772,dcs_bios_raw,EXT_WING_FOLDING,36462,36214,-248,,,,,,,,,,no,no,unmapped_raw_key
P01,without_tutor,T01,25606,2026-05-28T22:18:41.875472+00:00,1780006721.8729262,dcs_bios_raw,EXT_WING_FOLDING,36214,35966,-248,,,,,,,,,,no,no,unmapped_raw_key
P01,without_tutor,T01,25607,2026-05-28T22:18:41.917113+00:00,1780006721.9150848,dcs_bios_raw,EXT_WING_FOLDING,35966,35718,-248,,,,,,,,,,no,no,unmapped_raw_key
P01,without_tutor,T01,25608,2026-05-28T22:18:41.962292+00:00,1780006721.9561565,dcs_bios_raw,EXT_WING_FOLDING,35718,35470,-248,,,,,,,,,,no,no,unmapped_raw_key
P01,without_tutor,T01,25609,2026-05-28T22:18:42.002957+00:00,1780006721.9983966,dcs_bios_raw,EXT_WING_FOLDING,35470,35222,-248,,,,,,,,,,no,no,unmapped_raw_key
P01,without_tutor,T01,25610,2026-05-28T22:18:42.041560+00:00,1780006722.0384955,dcs_bios_raw,EXT_WING_FOLDING,35222,34973,-249,,,,,,,,,,no,no,unmapped_raw_key
P01,without_tutor,T01,25611,2026-05-28T22:18:42.083194+00:00,1780006722.0816758,dcs_bios_raw,EXT_WING_FOLDING,34973,34724,-249,,,,,,,,,,no,no,unmapped_raw_key
P01,without_tutor,T01,25612,2026-05-28T22:18:42.125275+00:00,1780006722.1222548,dcs_bios_raw,EXT_WING_FOLDING,34724,34511,-213,,,,,,,,,,no,no,unmapped_raw_key
P01,without_tutor,T01,25613,2026-05-28T22:18:42.167004+00:00,1780006722.164988,dcs_bios_raw,EXT_WING_FOLDING,34511,34227,-284,,,,,,,,,,no,no,unmapped_raw_key
P01,without_tutor,T01,25614,2026-05-28T22:18:42.208645+00:00,1780006722.2071228,dcs_bios_raw,EXT_WING_FOLDING,34227,34014,-213,,,,,,,,,,no,no,unmapped_raw_key
P01,without_tutor,T01,25615,2026-05-28T22:18:42.250815+00:00,1780006722.247753,dcs_bios_raw,EXT_WING_FOLDING,34014,33765,-249,,,,,,,,,,no,no,unmapped_raw_key
P01,without_tutor,T01,25616,2026-05-28T22:18:42.292849+00:00,1780006722.2898116,dcs_bios_raw,EXT_WING_FOLDING,33765,33517,-248,,,,,,,,,,no,no,unmapped_raw_key
P01,without_tutor,T01,25617,2026-05-28T22:18:42.335427+00:00,1780006722.3313682,dcs_bios_raw,EXT_WING_FOLDING,33517,33268,-249,,,,,,,,,,no,no,unmapped_raw_key
P01,without_tutor,T01,25618,2026-05-28T22:18:42.375538+00:00,1780006722.3729992,dcs_bios_raw,EXT_WING_FOLDING,33268,33020,-248,,,,,,,,,,no,no,unmapped_raw_key
P01,without_tutor,T01,25619,2026-05-28T22:18:42.419186+00:00,1780006722.4161348,dcs_bios_raw,EXT_WING_FOLDING,33020,32771,-249,,,,,,,,,,no,no,unmapped_raw_key
P01,without_tutor,T01,25620,2026-05-28T22:18:42.459337+00:00,1780006722.4578207,dcs_bios_raw,EXT_WING_FOLDING,32771,32523,-248,,,,,,,,,,no,no,unmapped_raw_key
P01,without_tutor,T01,25621,2026-05-28T22:18:42.502882+00:00,1780006722.4998226,dcs_bios_raw,EXT_WING_FOLDING,32523,32275,-248,,,,,,,,,,no,no,unmapped_raw_key
P01,without_tutor,T01,25622,2026-05-28T22:18:42.544498+00:00,1780006722.5399394,dcs_bios_raw,EXT_WING_FOLDING,32275,32026,-249,,,,,,,,,,no,no,unmapped_raw_key
P01,without_tutor,T01,25623,2026-05-28T22:18:42.585126+00:00,1780006722.581566,dcs_bios_raw,EXT_WING_FOLDING,32026,31778,-248,,,,,,,,,,no,no,unmapped_raw_key
P01,without_tutor,T01,25624,2026-05-28T22:18:42.626242+00:00,1780006722.6232035,dcs_bios_raw,EXT_WING_FOLDING,31778,31530,-248,,,,,,,,,,no,no,unmapped_raw_key
P01,without_tutor,T01,25625,2026-05-28T22:18:42.667882+00:00,1780006722.6648264,dcs_bios_raw,EXT_WING_FOLDING,31530,31282,-248,,,,,,,,,,no,no,unmapped_raw_key
P01,without_tutor,T01,25626,2026-05-28T22:18:42.711557+00:00,1780006722.7069924,dcs_bios_raw,EXT_WING_FOLDING,31282,31070,-212,,,,,,,,,,no,no,unmapped_raw_key
P01,without_tutor,T01,25627,2026-05-28T22:18:42.753172+00:00,1780006722.747075,dcs_bios_raw,EXT_WING_FOLDING,31070,30787,-283,,,,,,,,,,no,no,unmapped_raw_key
P01,without_tutor,T01,25628,2026-05-28T22:18:42.793225+00:00,1780006722.7886784,dcs_bios_raw,EXT_WING_FOLDING,30787,30539,-248,,,,,,,,,,no,no,unmapped_raw_key
P01,without_tutor,T01,25629,2026-05-28T22:18:42.833254+00:00,1780006722.8302047,dcs_bios_raw,EXT_WING_FOLDING,30539,30327,-212,,,,,,,,,,no,no,unmapped_raw_key
P01,without_tutor,T01,25630,2026-05-28T22:18:42.874838+00:00,1780006722.8723133,dcs_bios_raw,EXT_WING_FOLDING,30327,30080,-247,,,,,,,,,,no,no,unmapped_raw_key
P01,without_tutor,T01,25631,2026-05-28T22:18:42.915495+00:00,1780006722.9129257,dcs_bios_raw,EXT_WING_FOLDING,30080,29833,-247,,,,,,,,,,no,no,unmapped_raw_key
P01,without_tutor,T01,25632,2026-05-28T22:18:42.957087+00:00,1780006722.9550524,dcs_bios_raw,EXT_WING_FOLDING,29833,29586,-247,,,,,,,,,,no,no,unmapped_raw_key
P01,without_tutor,T01,25633,2026-05-28T22:18:42.999635+00:00,1780006722.9966047,dcs_bios_raw,EXT_WING_FOLDING,29586,29339,-247,,,,,,,,,,no,no,unmapped_raw_key
P01,without_tutor,T01,25634,2026-05-28T22:18:43.041730+00:00,1780006723.0386963,dcs_bios_raw,EXT_WING_FOLDING,29339,29092,-247,,,,,,,,,,no,no,unmapped_raw_key
P01,without_tutor,T01,25635,2026-05-28T22:18:43.082411+00:00,1780006723.0793278,dcs_bios_raw,EXT_WING_FOLDING,29092,28845,-247,,,,,,,,,,no,no,unmapped_raw_key
P01,without_tutor,T01,25636,2026-05-28T22:18:43.125528+00:00,1780006723.1214654,dcs_bios_raw,EXT_WING_FOLDING,28845,28634,-211,,,,,,,,,,no,no,unmapped_raw_key
P01,without_tutor,T01,25637,2026-05-28T22:18:43.167099+00:00,1780006723.1630433,dcs_bios_raw,EXT_WING_FOLDING,28634,28387,-247,,,,,,,,,,no,no,unmapped_raw_key
P01,without_tutor,T01,25638,2026-05-28T22:18:43.206744+00:00,1780006723.2047224,dcs_bios_raw,EXT_WING_FOLDING,28387,28140,-247,,,,,,,,,,no,no,unmapped_raw_key
P01,without_tutor,T01,25639,2026-05-28T22:18:43.249885+00:00,1780006723.2468426,dcs_bios_raw,EXT_WING_FOLDING,28140,27894,-246,,,,,,,,,,no,no,unmapped_raw_key
P01,without_tutor,T01,25640,2026-05-28T22:18:43.291608+00:00,1780006723.2885733,dcs_bios_raw,EXT_WING_FOLDING,27894,27648,-246,,,,,,,,,,no,no,unmapped_raw_key
P01,without_tutor,T01,25641,2026-05-28T22:18:43.333279+00:00,1780006723.3302066,dcs_bios_raw,EXT_WING_FOLDING,27648,27402,-246,,,,,,,,,,no,no,unmapped_raw_key
P01,without_tutor,T01,25642,2026-05-28T22:18:43.376925+00:00,1780006723.3723645,dcs_bios_raw,EXT_WING_FOLDING,27402,27156,-246,,,,,,,,,,no,no,unmapped_raw_key
P01,without_tutor,T01,25643,2026-05-28T22:18:43.417008+00:00,1780006723.4144676,dcs_bios_raw,EXT_WING_FOLDING,27156,26910,-246,,,,,,,,,,no,no,unmapped_raw_key
P01,without_tutor,T01,25644,2026-05-28T22:18:43.460095+00:00,1780006723.455544,dcs_bios_raw,EXT_WING_FOLDING,26910,26664,-246,,,,,,,,,,no,no,unmapped_raw_key
P01,without_tutor,T01,25645,2026-05-28T22:18:43.499654+00:00,1780006723.4966116,dcs_bios_raw,EXT_WING_FOLDING,26664,26418,-246,,,,,,,,,,no,no,unmapped_raw_key
P01,without_tutor,T01,25646,2026-05-28T22:18:43.542410+00:00,1780006723.5393782,dcs_bios_raw,EXT_WING_FOLDING,26418,26173,-245,,,,,,,,,,no,no,unmapped_raw_key
P01,without_tutor,T01,25647,2026-05-28T22:18:43.587061+00:00,1780006723.5814664,dcs_bios_raw,EXT_WING_FOLDING,26173,25927,-246,,,,,,,,,,no,no,unmapped_raw_key
P01,without_tutor,T01,25648,2026-05-28T22:18:43.625081+00:00,1780006723.6215231,dcs_bios_raw,EXT_WING_FOLDING,25927,25682,-245,,,,,,,,,,no,no,unmapped_raw_key
P01,without_tutor,T01,25649,2026-05-28T22:18:43.665612+00:00,1780006723.6630619,dcs_bios_raw,EXT_WING_FOLDING,25682,25437,-245,,,,,,,,,,no,no,unmapped_raw_key
P01,without_tutor,T01,25650,2026-05-28T22:18:43.707684+00:00,1780006723.7046187,dcs_bios_raw,EXT_WING_FOLDING,25437,25191,-246,,,,,,,,,,no,no,unmapped_raw_key
P01,without_tutor,T01,25651,2026-05-28T22:18:43.750806+00:00,1780006723.7462656,dcs_bios_raw,EXT_WING_FOLDING,25191,24946,-245,,,,,,,,,,no,no,unmapped_raw_key
P01,without_tutor,T01,25652,2026-05-28T22:18:43.792299+00:00,1780006723.7892585,dcs_bios_raw,EXT_WING_FOLDING,24946,24701,-245,,,,,,,,,,no,no,unmapped_raw_key
P01,without_tutor,T01,25653,2026-05-28T22:18:43.835410+00:00,1780006723.8328657,dcs_bios_raw,EXT_WING_FOLDING,24701,24457,-244,,,,,,,,,,no,no,unmapped_raw_key
P01,without_tutor,T01,25654,2026-05-28T22:18:43.875594+00:00,1780006723.8730364,dcs_bios_raw,EXT_WING_FOLDING,24457,24212,-245,,,,,,,,,,no,no,unmapped_raw_key
P01,without_tutor,T01,25655,2026-05-28T22:18:43.917127+00:00,1780006723.9150999,dcs_bios_raw,EXT_WING_FOLDING,24212,23967,-245,,,,,,,,,,no,no,unmapped_raw_key
P01,without_tutor,T01,25656,2026-05-28T22:18:43.959207+00:00,1780006723.9561527,dcs_bios_raw,EXT_WING_FOLDING,23967,23723,-244,,,,,,,,,,no,no,unmapped_raw_key
P01,without_tutor,T01,25657,2026-05-28T22:18:44.002428+00:00,1780006723.9978476,dcs_bios_raw,EXT_WING_FOLDING,23723,23513,-210,,,,,,,,,,no,no,unmapped_raw_key
P01,without_tutor,T01,25658,2026-05-28T22:18:44.041567+00:00,1780006724.0385053,dcs_bios_raw,EXT_WING_FOLDING,23513,23269,-244,,,,,,,,,,no,no,unmapped_raw_key
P01,without_tutor,T01,25659,2026-05-28T22:18:44.083167+00:00,1780006724.0801408,dcs_bios_raw,EXT_WING_FOLDING,23269,23024,-245,,,,,,,,,,no,no,unmapped_raw_key
P01,without_tutor,T01,25660,2026-05-28T22:18:44.123138+00:00,1780006724.1216211,dcs_bios_raw,EXT_WING_FOLDING,23024,22780,-244,,,,,,,,,,no,no,unmapped_raw_key
P01,without_tutor,T01,25661,2026-05-28T22:18:44.166249+00:00,1780006724.164729,dcs_bios_raw,EXT_WING_FOLDING,22780,22536,-244,,,,,,,,,,no,no,unmapped_raw_key
P01,without_tutor,T01,25662,2026-05-28T22:18:44.212865+00:00,1780006724.2052772,dcs_bios_raw,EXT_WING_FOLDING,22536,22292,-244,,,,,,,,,,no,no,unmapped_raw_key
P01,without_tutor,T01,25663,2026-05-28T22:18:44.249933+00:00,1780006724.2469003,dcs_bios_raw,EXT_WING_FOLDING,22292,22048,-244,,,,,,,,,,no,no,unmapped_raw_key
P01,without_tutor,T01,25664,2026-05-28T22:18:44.293029+00:00,1780006724.288482,dcs_bios_raw,EXT_WING_FOLDING,22048,21804,-244,,,,,,,,,,no,no,unmapped_raw_key
P01,without_tutor,T01,25665,2026-05-28T22:18:44.333103+00:00,1780006724.3300397,dcs_bios_raw,EXT_WING_FOLDING,21804,21561,-243,,,,,,,,,,no,no,unmapped_raw_key
P01,without_tutor,T01,25666,2026-05-28T22:18:44.374667+00:00,1780006724.3716292,dcs_bios_raw,EXT_WING_FOLDING,21561,21317,-244,,,,,,,,,,no,no,unmapped_raw_key
P01,without_tutor,T01,25667,2026-05-28T22:18:44.417759+00:00,1780006724.413186,dcs_bios_raw,EXT_WING_FOLDING,21317,21073,-244,,,,,,,,,,no,no,unmapped_raw_key
P01,without_tutor,T01,25668,2026-05-28T22:18:44.457788+00:00,1780006724.454718,dcs_bios_raw,EXT_WING_FOLDING,21073,20830,-243,,,,,,,,,,no,no,unmapped_raw_key
P01,without_tutor,T01,25669,2026-05-28T22:18:44.499313+00:00,1780006724.496234,dcs_bios_raw,EXT_WING_FOLDING,20830,20587,-243,,,,,,,,,,no,no,unmapped_raw_key
P01,without_tutor,T01,25670,2026-05-28T22:18:44.541358+00:00,1780006724.53826,dcs_bios_raw,EXT_WING_FOLDING,20587,20378,-209,,,,,,,,,,no,no,unmapped_raw_key
P01,without_tutor,T01,25671,2026-05-28T22:18:44.587036+00:00,1780006724.5799365,dcs_bios_raw,EXT_WING_FOLDING,20378,20135,-243,,,,,,,,,,no,no,unmapped_raw_key
P01,without_tutor,T01,25672,2026-05-28T22:18:44.623246+00:00,1780006724.6217086,dcs_bios_raw,EXT_WING_FOLDING,20135,19892,-243,,,,,,,,,,no,no,unmapped_raw_key
P01,without_tutor,T01,25673,2026-05-28T22:18:44.665176+00:00,1780006724.6615245,dcs_bios_raw,EXT_WING_FOLDING,19892,19649,-243,,,,,,,,,,no,no,unmapped_raw_key
P01,without_tutor,T01,25674,2026-05-28T22:18:44.707137+00:00,1780006724.7045407,dcs_bios_raw,EXT_WING_FOLDING,19649,19406,-243,,,,,,,,,,no,no,unmapped_raw_key
P01,without_tutor,T01,25675,2026-05-28T22:18:44.747894+00:00,1780006724.7463508,dcs_bios_raw,EXT_WING_FOLDING,19406,19163,-243,,,,,,,,,,no,no,unmapped_raw_key
P01,without_tutor,T01,25676,2026-05-28T22:18:44.791620+00:00,1780006724.788535,dcs_bios_raw,EXT_WING_FOLDING,19163,18920,-243,,,,,,,,,,no,no,unmapped_raw_key
P01,without_tutor,T01,25677,2026-05-28T22:18:44.832257+00:00,1780006724.8292124,dcs_bios_raw,EXT_WING_FOLDING,18920,18677,-243,,,,,,,,,,no,no,unmapped_raw_key
P01,without_tutor,T01,25678,2026-05-28T22:18:44.874973+00:00,1780006724.8713815,dcs_bios_raw,EXT_WING_FOLDING,18677,18435,-242,,,,,,,,,,no,no,unmapped_raw_key
P01,without_tutor,T01,25679,2026-05-28T22:18:44.916179+00:00,1780006724.9131358,dcs_bios_raw,EXT_WING_FOLDING,18435,18192,-243,,,,,,,,,,no,no,unmapped_raw_key
P01,without_tutor,T01,25680,2026-05-28T22:18:44.958513+00:00,1780006724.9554768,dcs_bios_raw,EXT_WING_FOLDING,18192,17950,-242,,,,,,,,,,no,no,unmapped_raw_key
P01,without_tutor,T01,25681,2026-05-28T22:18:44.998681+00:00,1780006724.9971526,dcs_bios_raw,EXT_WING_FOLDING,17950,17707,-243,,,,,,,,,,no,no,unmapped_raw_key
P01,without_tutor,T01,25682,2026-05-28T22:18:45.041389+00:00,1780006725.038347,dcs_bios_raw,EXT_WING_FOLDING,17707,17465,-242,,,,,,,,,,no,no,unmapped_raw_key
P01,without_tutor,T01,25683,2026-05-28T22:18:45.087221+00:00,1780006725.0800576,dcs_bios_raw,EXT_WING_FOLDING,17465,17222,-243,,,,,,,,,,no,no,unmapped_raw_key
P01,without_tutor,T01,25684,2026-05-28T22:18:45.124883+00:00,1780006725.1213167,dcs_bios_raw,EXT_WING_FOLDING,17222,16980,-242,,,,,,,,,,no,no,unmapped_raw_key
P01,without_tutor,T01,25685,2026-05-28T22:18:45.165614+00:00,1780006725.1630688,dcs_bios_raw,EXT_WING_FOLDING,16980,16738,-242,,,,,,,,,,no,no,unmapped_raw_key
P01,without_tutor,T01,25686,2026-05-28T22:18:45.206872+00:00,1780006725.2048447,dcs_bios_raw,EXT_WING_FOLDING,16738,16496,-242,,,,,,,,,,no,no,unmapped_raw_key
P01,without_tutor,T01,25687,2026-05-28T22:18:45.248574+00:00,1780006725.2470517,dcs_bios_raw,EXT_WING_FOLDING,16496,16254,-242,,,,,,,,,,no,no,unmapped_raw_key
P01,without_tutor,T01,25688,2026-05-28T22:18:45.292330+00:00,1780006725.2892914,dcs_bios_raw,EXT_WING_FOLDING,16254,16012,-242,,,,,,,,,,no,no,unmapped_raw_key
P01,without_tutor,T01,25689,2026-05-28T22:18:45.334063+00:00,1780006725.3310215,dcs_bios_raw,EXT_WING_FOLDING,16012,15770,-242,,,,,,,,,,no,no,unmapped_raw_key
P01,without_tutor,T01,25690,2026-05-28T22:18:45.374697+00:00,1780006725.3716583,dcs_bios_raw,EXT_WING_FOLDING,15770,15528,-242,,,,,,,,,,no,no,unmapped_raw_key
P01,without_tutor,T01,25691,2026-05-28T22:18:45.416869+00:00,1780006725.4138467,dcs_bios_raw,EXT_WING_FOLDING,15528,15287,-241,,,,,,,,,,no,no,unmapped_raw_key
P01,without_tutor,T01,25692,2026-05-28T22:18:45.457743+00:00,1780006725.4547002,dcs_bios_raw,EXT_WING_FOLDING,15287,15080,-207,,,,,,,,,,no,no,unmapped_raw_key
P01,without_tutor,T01,25693,2026-05-28T22:18:45.503064+00:00,1780006725.4980075,dcs_bios_raw,EXT_WING_FOLDING,15080,14838,-242,,,,,,,,,,no,no,unmapped_raw_key
P01,without_tutor,T01,25694,2026-05-28T22:18:45.541739+00:00,1780006725.5387037,dcs_bios_raw,EXT_WING_FOLDING,14838,14596,-242,,,,,,,,,,no,no,unmapped_raw_key
P01,without_tutor,T01,25695,2026-05-28T22:18:45.584093+00:00,1780006725.5810113,dcs_bios_raw,EXT_WING_FOLDING,14596,14355,-241,,,,,,,,,,no,no,unmapped_raw_key
P01,without_tutor,T01,25696,2026-05-28T22:18:45.624861+00:00,1780006725.6217973,dcs_bios_raw,EXT_WING_FOLDING,14355,14114,-241,,,,,,,,,,no,no,unmapped_raw_key
P01,without_tutor,T01,25697,2026-05-28T22:18:45.666935+00:00,1780006725.663915,dcs_bios_raw,EXT_WING_FOLDING,14114,13872,-242,,,,,,,,,,no,no,unmapped_raw_key
P01,without_tutor,T01,25698,2026-05-28T22:18:45.707219+00:00,1780006725.705699,dcs_bios_raw,EXT_WING_FOLDING,13872,13631,-241,,,,,,,,,,no,no,unmapped_raw_key
P01,without_tutor,T01,25699,2026-05-28T22:18:45.752533+00:00,1780006725.7479541,dcs_bios_raw,EXT_WING_FOLDING,13631,13390,-241,,,,,,,,,,no,no,unmapped_raw_key
P01,without_tutor,T01,25700,2026-05-28T22:18:45.791612+00:00,1780006725.7885404,dcs_bios_raw,EXT_WING_FOLDING,13390,13148,-242,,,,,,,,,,no,no,unmapped_raw_key
P01,without_tutor,T01,25701,2026-05-28T22:18:45.834909+00:00,1780006725.8318532,dcs_bios_raw,EXT_WING_FOLDING,13148,12907,-241,,,,,,,,,,no,no,unmapped_raw_key
P01,without_tutor,T01,25702,2026-05-28T22:18:45.875591+00:00,1780006725.8729968,dcs_bios_raw,EXT_WING_FOLDING,12907,12666,-241,,,,,,,,,,no,no,unmapped_raw_key
P01,without_tutor,T01,25703,2026-05-28T22:18:45.919328+00:00,1780006725.9147232,dcs_bios_raw,EXT_WING_FOLDING,12666,12425,-241,,,,,,,,,,no,no,unmapped_raw_key
P01,without_tutor,T01,25704,2026-05-28T22:18:45.957876+00:00,1780006725.9563253,dcs_bios_raw,EXT_WING_FOLDING,12425,12184,-241,,,,,,,,,,no,no,unmapped_raw_key
P01,without_tutor,T01,25705,2026-05-28T22:18:46.001058+00:00,1780006725.9984643,dcs_bios_raw,EXT_WING_FOLDING,12184,11943,-241,,,,,,,,,,no,no,unmapped_raw_key
P01,without_tutor,T01,25706,2026-05-28T22:18:46.043221+00:00,1780006726.0401437,dcs_bios_raw,EXT_WING_FOLDING,11943,11702,-241,,,,,,,,,,no,no,unmapped_raw_key
P01,without_tutor,T01,25707,2026-05-28T22:18:46.085521+00:00,1780006726.0824683,dcs_bios_raw,EXT_WING_FOLDING,11702,11461,-241,,,,,,,,,,no,no,unmapped_raw_key
P01,without_tutor,T01,25708,2026-05-28T22:18:46.126212+00:00,1780006726.1231236,dcs_bios_raw,EXT_WING_FOLDING,11461,11221,-240,,,,,,,,,,no,no,unmapped_raw_key
P01,without_tutor,T01,25709,2026-05-28T22:18:46.166821+00:00,1780006726.1648011,dcs_bios_raw,EXT_WING_FOLDING,11221,10980,-241,,,,,,,,,,no,no,unmapped_raw_key
P01,without_tutor,T01,25710,2026-05-28T22:18:46.211044+00:00,1780006726.2054558,dcs_bios_raw,EXT_WING_FOLDING,10980,10739,-241,,,,,,,,,,no,no,unmapped_raw_key
P01,without_tutor,T01,25711,2026-05-28T22:18:46.251806+00:00,1780006726.2472167,dcs_bios_raw,EXT_WING_FOLDING,10739,10499,-240,,,,,,,,,,no,no,unmapped_raw_key
P01,without_tutor,T01,25712,2026-05-28T22:18:46.291422+00:00,1780006726.2898939,dcs_bios_raw,EXT_WING_FOLDING,10499,10292,-207,,,,,,,,,,no,no,unmapped_raw_key
P01,without_tutor,T01,25713,2026-05-28T22:18:46.333170+00:00,1780006726.3316412,dcs_bios_raw,EXT_WING_FOLDING,10292,10052,-240,,,,,,,,,,no,no,unmapped_raw_key
P01,without_tutor,T01,25714,2026-05-28T22:18:46.375446+00:00,1780006726.3724196,dcs_bios_raw,EXT_WING_FOLDING,10052,9811,-241,,,,,,,,,,no,no,unmapped_raw_key
P01,without_tutor,T01,25715,2026-05-28T22:18:46.417060+00:00,1780006726.4140377,dcs_bios_raw,EXT_WING_FOLDING,9811,9571,-240,,,,,,,,,,no,no,unmapped_raw_key
P01,without_tutor,T01,25716,2026-05-28T22:18:46.457873+00:00,1780006726.4563444,dcs_bios_raw,EXT_WING_FOLDING,9571,9330,-241,,,,,,,,,,no,no,unmapped_raw_key
P01,without_tutor,T01,25717,2026-05-28T22:18:46.500166+00:00,1780006726.4971316,dcs_bios_raw,EXT_WING_FOLDING,9330,9090,-240,,,,,,,,,,no,no,unmapped_raw_key
P01,without_tutor,T01,25718,2026-05-28T22:18:46.542322+00:00,1780006726.539288,dcs_bios_raw,EXT_WING_FOLDING,9090,8850,-240,,,,,,,,,,no,no,unmapped_raw_key
P01,without_tutor,T01,25719,2026-05-28T22:18:46.582917+00:00,1780006726.5813916,dcs_bios_raw,EXT_WING_FOLDING,8850,8609,-241,,,,,,,,,,no,no,unmapped_raw_key
P01,without_tutor,T01,25720,2026-05-28T22:18:46.624715+00:00,1780006726.6216388,dcs_bios_raw,EXT_WING_FOLDING,8609,8369,-240,,,,,,,,,,no,no,unmapped_raw_key
P01,without_tutor,T01,25721,2026-05-28T22:18:46.666320+00:00,1780006726.663269,dcs_bios_raw,EXT_WING_FOLDING,8369,8129,-240,,,,,,,,,,no,no,unmapped_raw_key
P01,without_tutor,T01,25722,2026-05-28T22:18:46.707167+00:00,1780006726.7056518,dcs_bios_raw,EXT_WING_FOLDING,8129,7888,-241,,,,,,,,,,no,no,unmapped_raw_key
P01,without_tutor,T01,25723,2026-05-28T22:18:46.750918+00:00,1780006726.7478774,dcs_bios_raw,EXT_WING_FOLDING,7888,7648,-240,,,,,,,,,,no,no,unmapped_raw_key
P01,without_tutor,T01,25724,2026-05-28T22:18:46.791648+00:00,1780006726.788587,dcs_bios_raw,EXT_WING_FOLDING,7648,7408,-240,,,,,,,,,,no,no,unmapped_raw_key
P01,without_tutor,T01,25725,2026-05-28T22:18:46.833946+00:00,1780006726.830892,dcs_bios_raw,EXT_WING_FOLDING,7408,7168,-240,,,,,,,,,,no,no,unmapped_raw_key
P01,without_tutor,T01,25726,2026-05-28T22:18:46.878688+00:00,1780006726.8731031,dcs_bios_raw,EXT_WING_FOLDING,7168,6928,-240,,,,,,,,,,no,no,unmapped_raw_key
P01,without_tutor,T01,25727,2026-05-28T22:18:46.916322+00:00,1780006726.9147966,dcs_bios_raw,EXT_WING_FOLDING,6928,6688,-240,,,,,,,,,,no,no,unmapped_raw_key
P01,without_tutor,T01,25728,2026-05-28T22:18:46.958065+00:00,1780006726.9555364,dcs_bios_raw,EXT_WING_FOLDING,6688,6448,-240,,,,,,,,,,no,no,unmapped_raw_key
P01,without_tutor,T01,25729,2026-05-28T22:18:47.000924+00:00,1780006726.9978542,dcs_bios_raw,EXT_WING_FOLDING,6448,6242,-206,,,,,,,,,,no,no,unmapped_raw_key
P01,without_tutor,T01,25730,2026-05-28T22:18:47.042561+00:00,1780006727.0395043,dcs_bios_raw,EXT_WING_FOLDING,6242,6002,-240,,,,,,,,,,no,no,unmapped_raw_key
P01,without_tutor,T01,25731,2026-05-28T22:18:47.083169+00:00,1780006727.0816438,dcs_bios_raw,EXT_WING_FOLDING,6002,5762,-240,,,,,,,,,,no,no,unmapped_raw_key
P01,without_tutor,T01,25732,2026-05-28T22:18:47.126901+00:00,1780006727.1223428,dcs_bios_raw,EXT_WING_FOLDING,5762,5522,-240,,,,,,,,,,no,no,unmapped_raw_key
P01,without_tutor,T01,25733,2026-05-28T22:18:47.165564+00:00,1780006727.1630075,dcs_bios_raw,EXT_WING_FOLDING,5522,5282,-240,,,,,,,,,,no,no,unmapped_raw_key
P01,without_tutor,T01,25734,2026-05-28T22:18:47.209923+00:00,1780006727.2053602,dcs_bios_raw,EXT_WING_FOLDING,5282,5042,-240,,,,,,,,,,no,no,unmapped_raw_key
P01,without_tutor,T01,25735,2026-05-28T22:18:47.250212+00:00,1780006727.2471423,dcs_bios_raw,EXT_WING_FOLDING,5042,4802,-240,,,,,,,,,,no,no,unmapped_raw_key
P01,without_tutor,T01,25736,2026-05-28T22:18:47.295497+00:00,1780006727.2893915,dcs_bios_raw,EXT_WING_FOLDING,4802,4562,-240,,,,,,,,,,no,no,unmapped_raw_key
P01,without_tutor,T01,25737,2026-05-28T22:18:47.335058+00:00,1780006727.3314824,dcs_bios_raw,EXT_WING_FOLDING,4562,4323,-239,,,,,,,,,,no,no,unmapped_raw_key
P01,without_tutor,T01,25738,2026-05-28T22:18:47.374767+00:00,1780006727.3732307,dcs_bios_raw,EXT_WING_FOLDING,4323,4083,-240,,,,,,,,,,no,no,unmapped_raw_key
P01,without_tutor,T01,25739,2026-05-28T22:18:47.418549+00:00,1780006727.4150116,dcs_bios_raw,EXT_WING_FOLDING,4083,3843,-240,,,,,,,,,,no,no,unmapped_raw_key
P01,without_tutor,T01,25740,2026-05-28T22:18:47.458698+00:00,1780006727.4556568,dcs_bios_raw,EXT_WING_FOLDING,3843,3603,-240,,,,,,,,,,no,no,unmapped_raw_key
P01,without_tutor,T01,25741,2026-05-28T22:18:47.501870+00:00,1780006727.4977908,dcs_bios_raw,EXT_WING_FOLDING,3603,3363,-240,,,,,,,,,,no,no,unmapped_raw_key
P01,without_tutor,T01,25742,2026-05-28T22:18:47.543063+00:00,1780006727.5400188,dcs_bios_raw,EXT_WING_FOLDING,3363,3123,-240,,,,,,,,,,no,no,unmapped_raw_key
P01,without_tutor,T01,25743,2026-05-28T22:18:47.585669+00:00,1780006727.5816023,dcs_bios_raw,EXT_WING_FOLDING,3123,2884,-239,,,,,,,,,,no,no,unmapped_raw_key
P01,without_tutor,T01,25744,2026-05-28T22:18:47.625530+00:00,1780006727.622933,dcs_bios_raw,EXT_WING_FOLDING,2884,2644,-240,,,,,,,,,,no,no,unmapped_raw_key
P01,without_tutor,T01,25745,2026-05-28T22:18:47.667184+00:00,1780006727.6631048,dcs_bios_raw,EXT_WING_FOLDING,2644,2404,-240,,,,,,,,,,no,no,unmapped_raw_key
P01,without_tutor,T01,25746,2026-05-28T22:18:47.707867+00:00,1780006727.7048151,dcs_bios_raw,EXT_WING_FOLDING,2404,2164,-240,,,,,,,,,,no,no,unmapped_raw_key
P01,without_tutor,T01,25747,2026-05-28T22:18:47.751540+00:00,1780006727.7484908,dcs_bios_raw,EXT_WING_FOLDING,2164,1925,-239,,,,,,,,,,no,no,unmapped_raw_key
P01,without_tutor,T01,25748,2026-05-28T22:18:47.791766+00:00,1780006727.7902417,dcs_bios_raw,EXT_WING_FOLDING,1925,1685,-240,,,,,,,,,,no,no,unmapped_raw_key
P01,without_tutor,T01,25749,2026-05-28T22:18:47.833958+00:00,1780006727.8308904,dcs_bios_raw,EXT_WING_FOLDING,1685,1479,-206,,,,,,,,,,no,no,unmapped_raw_key
P01,without_tutor,T01,25750,2026-05-28T22:18:47.876284+00:00,1780006727.873226,dcs_bios_raw,EXT_WING_FOLDING,1479,1240,-239,,,,,,,,,,no,no,unmapped_raw_key
P01,without_tutor,T01,25751,2026-05-28T22:18:47.917032+00:00,1780006727.9149935,dcs_bios_raw,EXT_WING_FOLDING,1240,1000,-240,,,,,,,,,,no,no,unmapped_raw_key
P01,without_tutor,T01,25752,2026-05-28T22:18:47.958635+00:00,1780006727.9555817,dcs_bios_raw,EXT_WING_FOLDING,1000,760,-240,,,,,,,,,,no,no,unmapped_raw_key
P01,without_tutor,T01,25753,2026-05-28T22:18:48.004005+00:00,1780006727.9978518,dcs_bios_raw,EXT_WING_FOLDING,760,521,-239,,,,,,,,,,no,no,unmapped_raw_key
P01,without_tutor,T01,25754,2026-05-28T22:18:48.043167+00:00,1780006728.0400906,dcs_bios_raw,EXT_WING_FOLDING,521,281,-240,,,,,,,,,,no,no,unmapped_raw_key
P01,without_tutor,T01,25755,2026-05-28T22:18:48.084008+00:00,1780006728.0809321,dcs_bios_raw,EXT_WING_FOLDING,281,41,-240,,,,,,,,,,no,no,unmapped_raw_key
P01,without_tutor,T01,25756,2026-05-28T22:18:48.124736+00:00,1780006728.121686,dcs_bios_raw,EXT_WING_FOLDING,41,0,-41,,,,,,,,,,no,no,unmapped_raw_key
P01,without_tutor,T01,26162,2026-05-28T22:19:13.738559+00:00,1780006753.7355072,dcs_bios_raw,PITOT_HEAT_SW,,1,1,pitot_heater_switch,S26,,,,,,,,no,no,
P01,without_tutor,T01,26208,2026-05-28T22:19:16.530067+00:00,1780006756.526988,dcs_bios_raw,ENG_ANTIICE_SW,,2,2,,,,,,,,,,no,no,unmapped_raw_key
P01,without_tutor,T01,26469,2026-05-28T22:19:33.140336+00:00,1780006773.1352034,dcs_bios_raw,EMERGENCY_PARKING_BRAKE_PULL,,0,0,parking_brake_handle,S28,,,,,,,,no,no,
P01,without_tutor,T01,26472,2026-05-28T22:19:33.261684+00:00,1780006773.2586117,dcs_bios_raw,EMERGENCY_PARKING_BRAKE_ROTATE,,0,0,parking_brake_handle,S28,,,,,,,,no,no,
P01,without_tutor,T01,26870,2026-05-28T22:20:31.725481+00:00,1780006831.7213624,dcs_bios_raw,IFEI,,44891,44891,,,,,,,,,,no,no,unmapped_raw_key
P01,without_tutor,T01,26875,2026-05-28T22:20:32.265256+00:00,1780006832.2622285,dcs_bios_raw,IFEI,44891,45875,984,,,,,,,,,,no,no,unmapped_raw_key
P01,without_tutor,T01,26880,2026-05-28T22:20:32.641410+00:00,1780006832.6383662,dcs_bios_raw,IFEI,45875,44891,-984,,,,,,,,,,no,no,unmapped_raw_key
P01,without_tutor,T01,26884,2026-05-28T22:20:33.059245+00:00,1780006833.056197,dcs_bios_raw,IFEI,44891,43907,-984,,,,,,,,,,no,no,unmapped_raw_key
P01,without_tutor,T01,26890,2026-05-28T22:20:34.097870+00:00,1780006834.0947976,dcs_bios_raw,IFEI,43907,42923,-984,,,,,,,,,,no,no,unmapped_raw_key
P01,without_tutor,T01,26891,2026-05-28T22:20:34.139874+00:00,1780006834.136828,dcs_bios_raw,IFEI,42923,41939,-984,,,,,,,,,,no,no,unmapped_raw_key
P01,without_tutor,T01,26897,2026-05-28T22:20:34.765460+00:00,1780006834.7623923,dcs_bios_raw,IFEI,41939,40955,-984,,,,,,,,,,no,no,unmapped_raw_key
P01,without_tutor,T01,26898,2026-05-28T22:20:34.805634+00:00,1780006834.8030202,dcs_bios_raw,IFEI,40955,39971,-984,,,,,,,,,,no,no,unmapped_raw_key
P01,without_tutor,T01,26899,2026-05-28T22:20:34.850169+00:00,1780006834.8456173,dcs_bios_raw,IFEI,39971,38987,-984,,,,,,,,,,no,no,unmapped_raw_key
P01,without_tutor,T01,26907,2026-05-28T22:20:35.806232+00:00,1780006835.8031883,dcs_bios_raw,IFEI,38987,39971,984,,,,,,,,,,no,no,unmapped_raw_key
P01,without_tutor,T01,26908,2026-05-28T22:20:35.890084+00:00,1780006835.8870325,dcs_bios_raw,IFEI,39971,40955,984,,,,,,,,,,no,no,unmapped_raw_key
P01,without_tutor,T01,26910,2026-05-28T22:20:36.140192+00:00,1780006836.137147,dcs_bios_raw,IFEI,40955,41939,984,,,,,,,,,,no,no,unmapped_raw_key
P01,without_tutor,T01,26911,2026-05-28T22:20:36.223861+00:00,1780006836.2208192,dcs_bios_raw,IFEI,41939,42923,984,,,,,,,,,,no,no,unmapped_raw_key
P01,without_tutor,T01,26914,2026-05-28T22:20:36.473252+00:00,1780006836.4702048,dcs_bios_raw,IFEI,42923,41939,-984,,,,,,,,,,no,no,unmapped_raw_key
P01,without_tutor,T01,26915,2026-05-28T22:20:36.515363+00:00,1780006836.5123305,dcs_bios_raw,IFEI,41939,40955,-984,,,,,,,,,,no,no,unmapped_raw_key
P01,without_tutor,T01,26957,2026-05-28T22:20:42.820054+00:00,1780006842.8170059,dcs_bios_raw,IFEI,40955,39971,-984,,,,,,,,,,no,no,unmapped_raw_key
P01,without_tutor,T01,26959,2026-05-28T22:20:42.903824+00:00,1780006842.9007971,dcs_bios_raw,IFEI,39971,38987,-984,,,,,,,,,,no,no,unmapped_raw_key
P01,without_tutor,T01,26961,2026-05-28T22:20:43.197672+00:00,1780006843.193098,dcs_bios_raw,IFEI,38987,37019,-1968,,,,,,,,,,no,no,unmapped_raw_key
P01,without_tutor,T01,26962,2026-05-28T22:20:43.280013+00:00,1780006843.2754245,dcs_bios_raw,IFEI,37019,36035,-984,,,,,,,,,,no,no,unmapped_raw_key
P01,without_tutor,T01,26972,2026-05-28T22:20:44.694763+00:00,1780006844.693236,dcs_bios_raw,IFEI,36035,37019,984,,,,,,,,,,no,no,unmapped_raw_key
P01,without_tutor,T01,26976,2026-05-28T22:20:45.030753+00:00,1780006845.0261726,dcs_bios_raw,IFEI,37019,38003,984,,,,,,,,,,no,no,unmapped_raw_key
P01,without_tutor,T01,26977,2026-05-28T22:20:45.070861+00:00,1780006845.067797,dcs_bios_raw,IFEI,38003,38987,984,,,,,,,,,,no,no,unmapped_raw_key
P01,without_tutor,T01,26979,2026-05-28T22:20:45.323241+00:00,1780006845.317033,dcs_bios_raw,IFEI,38987,39971,984,,,,,,,,,,no,no,unmapped_raw_key
P01,without_tutor,T01,26980,2026-05-28T22:20:45.364860+00:00,1780006845.3592615,dcs_bios_raw,IFEI,39971,40955,984,,,,,,,,,,no,no,unmapped_raw_key
P01,without_tutor,T01,26983,2026-05-28T22:20:45.694612+00:00,1780006845.691566,dcs_bios_raw,IFEI,40955,41939,984,,,,,,,,,,no,no,unmapped_raw_key
P01,without_tutor,T01,26984,2026-05-28T22:20:45.738707+00:00,1780006845.7346075,dcs_bios_raw,IFEI,41939,42923,984,,,,,,,,,,no,no,unmapped_raw_key
P01,without_tutor,T01,26988,2026-05-28T22:20:46.154537+00:00,1780006846.1514418,dcs_bios_raw,IFEI,42923,43907,984,,,,,,,,,,no,no,unmapped_raw_key
P01,without_tutor,T01,26990,2026-05-28T22:20:46.364788+00:00,1780006846.360715,dcs_bios_raw,IFEI,43907,44891,984,,,,,,,,,,no,no,unmapped_raw_key
P01,without_tutor,T01,26991,2026-05-28T22:20:46.450053+00:00,1780006846.4429193,dcs_bios_raw,IFEI,44891,45875,984,,,,,,,,,,no,no,unmapped_raw_key
P01,without_tutor,T01,26992,2026-05-28T22:20:46.488640+00:00,1780006846.48455,dcs_bios_raw,IFEI,45875,46859,984,,,,,,,,,,no,no,unmapped_raw_key
P01,without_tutor,T01,27008,2026-05-28T22:20:49.156273+00:00,1780006849.1516733,dcs_bios_raw,IFEI,46859,45875,-984,,,,,,,,,,no,no,unmapped_raw_key
P01,without_tutor,T01,27013,2026-05-28T22:20:49.489325+00:00,1780006849.4847307,dcs_bios_raw,IFEI,45875,44891,-984,,,,,,,,,,no,no,unmapped_raw_key
P01,without_tutor,T01,27014,2026-05-28T22:20:49.571632+00:00,1780006849.568598,dcs_bios_raw,IFEI,44891,43907,-984,,,,,,,,,,no,no,unmapped_raw_key
P01,without_tutor,T01,27018,2026-05-28T22:20:49.904843+00:00,1780006849.900804,dcs_bios_raw,IFEI,43907,44891,984,,,,,,,,,,no,no,unmapped_raw_key
P01,without_tutor,T01,27019,2026-05-28T22:20:49.988678+00:00,1780006849.9851274,dcs_bios_raw,IFEI,44891,45875,984,,,,,,,,,,no,no,unmapped_raw_key
P01,without_tutor,T01,27021,2026-05-28T22:20:50.197141+00:00,1780006850.194579,dcs_bios_raw,IFEI,45875,46859,984,,,,,,,,,,no,no,unmapped_raw_key
P01,without_tutor,T01,27024,2026-05-28T22:20:50.445417+00:00,1780006850.4428675,dcs_bios_raw,IFEI,46859,47843,984,,,,,,,,,,no,no,unmapped_raw_key
P01,without_tutor,T01,27025,2026-05-28T22:20:50.488542+00:00,1780006850.4855025,dcs_bios_raw,IFEI,47843,48827,984,,,,,,,,,,no,no,unmapped_raw_key
P01,without_tutor,T01,27027,2026-05-28T22:20:50.698542+00:00,1780006850.6955025,dcs_bios_raw,IFEI,48827,49811,984,,,,,,,,,,no,no,unmapped_raw_key
P01,without_tutor,T01,27028,2026-05-28T22:20:50.740217+00:00,1780006850.7371676,dcs_bios_raw,IFEI,49811,50795,984,,,,,,,,,,no,no,unmapped_raw_key
P01,without_tutor,T01,27030,2026-05-28T22:20:50.957004+00:00,1780006850.9554856,dcs_bios_raw,IFEI,50795,51779,984,,,,,,,,,,no,no,unmapped_raw_key
P01,without_tutor,T01,27032,2026-05-28T22:20:51.168499+00:00,1780006851.163959,dcs_bios_raw,IFEI,51779,52763,984,,,,,,,,,,no,no,unmapped_raw_key
P01,without_tutor,T01,27033,2026-05-28T22:20:51.210115+00:00,1780006851.2055612,dcs_bios_raw,IFEI,52763,53747,984,,,,,,,,,,no,no,unmapped_raw_key
P01,without_tutor,T01,27037,2026-05-28T22:20:51.839942+00:00,1780006851.8323054,dcs_bios_raw,IFEI,53747,54731,984,,,,,,,,,,no,no,unmapped_raw_key
P01,without_tutor,T01,27038,2026-05-28T22:20:51.917098+00:00,1780006851.9155762,dcs_bios_raw,IFEI,54731,55715,984,,,,,,,,,,no,no,unmapped_raw_key
P01,without_tutor,T01,27040,2026-05-28T22:20:52.166896+00:00,1780006852.1653771,dcs_bios_raw,IFEI,55715,56699,984,,,,,,,,,,no,no,unmapped_raw_key
P01,without_tutor,T01,27042,2026-05-28T22:20:52.251746+00:00,1780006852.2486873,dcs_bios_raw,IFEI,56699,57683,984,,,,,,,,,,no,no,unmapped_raw_key
P01,without_tutor,T01,27044,2026-05-28T22:20:52.459346+00:00,1780006852.4563115,dcs_bios_raw,IFEI,57683,58667,984,,,,,,,,,,no,no,unmapped_raw_key
P01,without_tutor,T01,27045,2026-05-28T22:20:52.545733+00:00,1780006852.5401008,dcs_bios_raw,IFEI,58667,59651,984,,,,,,,,,,no,no,unmapped_raw_key
P01,without_tutor,T01,27047,2026-05-28T22:20:52.709275+00:00,1780006852.7077563,dcs_bios_raw,IFEI,59651,60635,984,,,,,,,,,,no,no,unmapped_raw_key
P01,without_tutor,T01,27317,2026-05-28T22:21:28.811742+00:00,1780006888.8056338,dcs_bios_raw,SAI_CAGE,,0,0,standby_attitude_cage_knob,S32,,,,,,,,no,no,
P01,without_tutor,T01,28288,2026-05-28T22:23:18.461578+00:00,1780006998.4600258,dcs_bios_raw,HUD_ATT_SW,,2,2,attitude_source_selector,S33,,,,,,,,no,no,
P01,without_tutor,T01,28294,2026-05-28T22:23:20.127024+00:00,1780007000.1250024,dcs_bios_raw,HUD_ATT_SW,2,1,-1,attitude_source_selector,S33,,,,,,,,no,no,
P01,without_tutor,T01,28297,2026-05-28T22:23:21.003198+00:00,1780007001.0001655,dcs_bios_raw,HUD_ATT_SW,1,2,1,attitude_source_selector,S33,,,,,,,,no,no,
P01,without_tutor,T01,28303,2026-05-28T22:23:23.213183+00:00,1780007003.210145,dcs_bios_raw,HUD_ATT_SW,2,1,-1,attitude_source_selector,S33,,,,,,,,no,no,
P01,without_tutor,T01,28306,2026-05-28T22:23:23.630035+00:00,1780007003.6270003,dcs_bios_raw,HUD_ATT_SW,1,0,-1,attitude_source_selector,S33,,,,,,,,no,no,
P01,without_tutor,T01,28308,2026-05-28T22:23:24.462872+00:00,1780007004.4582756,dcs_bios_raw,HUD_ATT_SW,0,1,1,attitude_source_selector,S33,,,,,,,,no,no,
P01,without_tutor,T01,28312,2026-05-28T22:23:25.545339+00:00,1780007005.5423179,dcs_bios_raw,HUD_ATT_SW,1,2,1,attitude_source_selector,S33,,,,,,,,no,no,
P01,without_tutor,T01,28317,2026-05-28T22:23:26.420032+00:00,1780007006.416973,dcs_bios_raw,HUD_ATT_SW,2,1,-1,attitude_source_selector,S33,,,,,,,,no,no,
