ParticipantID,Condition,TrialID,EventIndex,Timestamp,TWall,Source,RawKey,RawValueBefore,RawValueAfter,Delta,MappedTarget,CandidateStepID,ActiveStepID,FusedStepID,ExpectedForStep,BeforeHelpCycleID,AfterHelpCycleID,NearestHelpCycleID,SecondsSinceLastHelp,StepCompletedByThisEvent,GateViolationCandidate,AutoCodingHint
P09,with_tutor,T01,1,2026-05-28T23:38:04.052058+00:00,1780011484.03882,dcs_bios_raw,APU_CONTROL_SW,,0,0,apu_switch,S03,,S01,,d3a09f05-2d49-458d-8111-4e91a84a58d5,,d3a09f05-2d49-458d-8111-4e91a84a58d5,,no,no,
P09,with_tutor,T01,1,2026-05-28T23:38:04.052058+00:00,1780011484.03882,dcs_bios_raw,ENGINE_CRANK_SW,,1,1,eng_crank_switch,S04;S10,,S01,,d3a09f05-2d49-458d-8111-4e91a84a58d5,,d3a09f05-2d49-458d-8111-4e91a84a58d5,,no,no,
P09,with_tutor,T01,1,2026-05-28T23:38:04.052058+00:00,1780011484.03882,dcs_bios_raw,BATTERY_SW,,1,1,battery_switch,S01,,S01,,d3a09f05-2d49-458d-8111-4e91a84a58d5,,d3a09f05-2d49-458d-8111-4e91a84a58d5,,no,no,
P09,with_tutor,T01,1,2026-05-28T23:38:04.052058+00:00,1780011484.03882,dcs_bios_raw,L_GEN_SW,,1,1,generator_left_switch,S01,,S01,,d3a09f05-2d49-458d-8111-4e91a84a58d5,,d3a09f05-2d49-458d-8111-4e91a84a58d5,,no,no,
P09,with_tutor,T01,1,2026-05-28T23:38:04.052058+00:00,1780011484.03882,dcs_bios_raw,R_GEN_SW,,1,1,generator_right_switch,S01,,S01,,d3a09f05-2d49-458d-8111-4e91a84a58d5,,d3a09f05-2d49-458d-8111-4e91a84a58d5,,no,no,
P09,with_tutor,T01,1,2026-05-28T23:38:04.052058+00:00,1780011484.03882,dcs_bios_raw,BLEED_AIR_KNOB,,2,2,bleed_air_knob,S06,,S01,,d3a09f05-2d49-458d-8111-4e91a84a58d5,,d3a09f05-2d49-458d-8111-4e91a84a58d5,,no,no,
P09,with_tutor,T01,2,2026-05-28T23:38:04.082034+00:00,1780011484.0800037,dcs_bios_raw,INT_THROTTLE_LEFT,,5924,5924,throttle_quadrant_reference,,,S01,,d3a09f05-2d49-458d-8111-4e91a84a58d5,,d3a09f05-2d49-458d-8111-4e91a84a58d5,,no,no,mapped_target_without_candidate_step
P09,with_tutor,T01,2,2026-05-28T23:38:04.082034+00:00,1780011484.0800037,dcs_bios_raw,INT_THROTTLE_RIGHT,,5924,5924,throttle_quadrant_reference,,,S01,,d3a09f05-2d49-458d-8111-4e91a84a58d5,,d3a09f05-2d49-458d-8111-4e91a84a58d5,,no,no,mapped_target_without_candidate_step
P09,with_tutor,T01,2,2026-05-28T23:38:04.082034+00:00,1780011484.0800037,dcs_bios_raw,PRESSURE_ALT,,17,17,,,,S01,,d3a09f05-2d49-458d-8111-4e91a84a58d5,,d3a09f05-2d49-458d-8111-4e91a84a58d5,,no,no,unmapped_raw_key
P09,with_tutor,T01,3,2026-05-28T23:38:04.124194+00:00,1780011484.1211534,dcs_bios_raw,INT_THROTTLE_LEFT,5924,5373,-551,throttle_quadrant_reference,,,S01,,d3a09f05-2d49-458d-8111-4e91a84a58d5,,d3a09f05-2d49-458d-8111-4e91a84a58d5,,no,no,mapped_target_without_candidate_step
P09,with_tutor,T01,3,2026-05-28T23:38:04.124194+00:00,1780011484.1211534,dcs_bios_raw,INT_THROTTLE_RIGHT,5924,5373,-551,throttle_quadrant_reference,,,S01,,d3a09f05-2d49-458d-8111-4e91a84a58d5,,d3a09f05-2d49-458d-8111-4e91a84a58d5,,no,no,mapped_target_without_candidate_step
P09,with_tutor,T01,3,2026-05-28T23:38:04.124194+00:00,1780011484.1211534,dcs_bios_raw,VSI,,32766,32766,,,,S01,,d3a09f05-2d49-458d-8111-4e91a84a58d5,,d3a09f05-2d49-458d-8111-4e91a84a58d5,,no,no,unmapped_raw_key
P09,with_tutor,T01,3,2026-05-28T23:38:04.124194+00:00,1780011484.1211534,dcs_bios_raw,PRESSURE_ALT,17,56,39,,,,S01,,d3a09f05-2d49-458d-8111-4e91a84a58d5,,d3a09f05-2d49-458d-8111-4e91a84a58d5,,no,no,unmapped_raw_key
P09,with_tutor,T01,4,2026-05-28T23:38:04.167398+00:00,1780011484.16283,dcs_bios_raw,INT_THROTTLE_LEFT,5373,4823,-550,throttle_quadrant_reference,,,S01,,d3a09f05-2d49-458d-8111-4e91a84a58d5,,d3a09f05-2d49-458d-8111-4e91a84a58d5,,no,no,mapped_target_without_candidate_step
P09,with_tutor,T01,4,2026-05-28T23:38:04.167398+00:00,1780011484.16283,dcs_bios_raw,INT_THROTTLE_RIGHT,5373,4823,-550,throttle_quadrant_reference,,,S01,,d3a09f05-2d49-458d-8111-4e91a84a58d5,,d3a09f05-2d49-458d-8111-4e91a84a58d5,,no,no,mapped_target_without_candidate_step
P09,with_tutor,T01,4,2026-05-28T23:38:04.167398+00:00,1780011484.16283,dcs_bios_raw,VSI,32766,32764,-2,,,,S01,,d3a09f05-2d49-458d-8111-4e91a84a58d5,,d3a09f05-2d49-458d-8111-4e91a84a58d5,,no,no,unmapped_raw_key
P09,with_tutor,T01,4,2026-05-28T23:38:04.167398+00:00,1780011484.16283,dcs_bios_raw,PRESSURE_ALT,56,90,34,,,,S01,,d3a09f05-2d49-458d-8111-4e91a84a58d5,,d3a09f05-2d49-458d-8111-4e91a84a58d5,,no,no,unmapped_raw_key
P09,with_tutor,T01,5,2026-05-28T23:38:04.206475+00:00,1780011484.2049546,dcs_bios_raw,INT_THROTTLE_LEFT,4823,4272,-551,throttle_quadrant_reference,,,S01,,d3a09f05-2d49-458d-8111-4e91a84a58d5,,d3a09f05-2d49-458d-8111-4e91a84a58d5,,no,no,mapped_target_without_candidate_step
P09,with_tutor,T01,5,2026-05-28T23:38:04.206475+00:00,1780011484.2049546,dcs_bios_raw,INT_THROTTLE_RIGHT,4823,4272,-551,throttle_quadrant_reference,,,S01,,d3a09f05-2d49-458d-8111-4e91a84a58d5,,d3a09f05-2d49-458d-8111-4e91a84a58d5,,no,no,mapped_target_without_candidate_step
P09,with_tutor,T01,5,2026-05-28T23:38:04.206475+00:00,1780011484.2049546,dcs_bios_raw,VSI,32764,32761,-3,,,,S01,,d3a09f05-2d49-458d-8111-4e91a84a58d5,,d3a09f05-2d49-458d-8111-4e91a84a58d5,,no,no,unmapped_raw_key
P09,with_tutor,T01,5,2026-05-28T23:38:04.206475+00:00,1780011484.2049546,dcs_bios_raw,PRESSURE_ALT,90,115,25,,,,S01,,d3a09f05-2d49-458d-8111-4e91a84a58d5,,d3a09f05-2d49-458d-8111-4e91a84a58d5,,no,no,unmapped_raw_key
P09,with_tutor,T01,6,2026-05-28T23:38:04.248156+00:00,1780011484.2451193,dcs_bios_raw,INT_THROTTLE_LEFT,4272,3722,-550,throttle_quadrant_reference,,,S01,,d3a09f05-2d49-458d-8111-4e91a84a58d5,,d3a09f05-2d49-458d-8111-4e91a84a58d5,,no,no,mapped_target_without_candidate_step
P09,with_tutor,T01,6,2026-05-28T23:38:04.248156+00:00,1780011484.2451193,dcs_bios_raw,INT_THROTTLE_RIGHT,4272,3722,-550,throttle_quadrant_reference,,,S01,,d3a09f05-2d49-458d-8111-4e91a84a58d5,,d3a09f05-2d49-458d-8111-4e91a84a58d5,,no,no,mapped_target_without_candidate_step
P09,with_tutor,T01,6,2026-05-28T23:38:04.248156+00:00,1780011484.2451193,dcs_bios_raw,VSI,32761,32756,-5,,,,S01,,d3a09f05-2d49-458d-8111-4e91a84a58d5,,d3a09f05-2d49-458d-8111-4e91a84a58d5,,no,no,unmapped_raw_key
P09,with_tutor,T01,6,2026-05-28T23:38:04.248156+00:00,1780011484.2451193,dcs_bios_raw,PRESSURE_ALT,115,137,22,,,,S01,,d3a09f05-2d49-458d-8111-4e91a84a58d5,,d3a09f05-2d49-458d-8111-4e91a84a58d5,,no,no,unmapped_raw_key
P09,with_tutor,T01,7,2026-05-28T23:38:04.289730+00:00,1780011484.2866862,dcs_bios_raw,INT_THROTTLE_LEFT,3722,3171,-551,throttle_quadrant_reference,,,S01,,d3a09f05-2d49-458d-8111-4e91a84a58d5,,d3a09f05-2d49-458d-8111-4e91a84a58d5,,no,no,mapped_target_without_candidate_step
P09,with_tutor,T01,7,2026-05-28T23:38:04.289730+00:00,1780011484.2866862,dcs_bios_raw,INT_THROTTLE_RIGHT,3722,3171,-551,throttle_quadrant_reference,,,S01,,d3a09f05-2d49-458d-8111-4e91a84a58d5,,d3a09f05-2d49-458d-8111-4e91a84a58d5,,no,no,mapped_target_without_candidate_step
P09,with_tutor,T01,7,2026-05-28T23:38:04.289730+00:00,1780011484.2866862,dcs_bios_raw,VSI,32756,32751,-5,,,,S01,,d3a09f05-2d49-458d-8111-4e91a84a58d5,,d3a09f05-2d49-458d-8111-4e91a84a58d5,,no,no,unmapped_raw_key
P09,with_tutor,T01,7,2026-05-28T23:38:04.289730+00:00,1780011484.2866862,dcs_bios_raw,PRESSURE_ALT,137,156,19,,,,S01,,d3a09f05-2d49-458d-8111-4e91a84a58d5,,d3a09f05-2d49-458d-8111-4e91a84a58d5,,no,no,unmapped_raw_key
P09,with_tutor,T01,8,2026-05-28T23:38:04.331862+00:00,1780011484.3288276,dcs_bios_raw,INT_THROTTLE_LEFT,3171,2621,-550,throttle_quadrant_reference,,,S01,,d3a09f05-2d49-458d-8111-4e91a84a58d5,,d3a09f05-2d49-458d-8111-4e91a84a58d5,,no,no,mapped_target_without_candidate_step
P09,with_tutor,T01,8,2026-05-28T23:38:04.331862+00:00,1780011484.3288276,dcs_bios_raw,INT_THROTTLE_RIGHT,3171,2621,-550,throttle_quadrant_reference,,,S01,,d3a09f05-2d49-458d-8111-4e91a84a58d5,,d3a09f05-2d49-458d-8111-4e91a84a58d5,,no,no,mapped_target_without_candidate_step
P09,with_tutor,T01,8,2026-05-28T23:38:04.331862+00:00,1780011484.3288276,dcs_bios_raw,VSI,32751,32747,-4,,,,S01,,d3a09f05-2d49-458d-8111-4e91a84a58d5,,d3a09f05-2d49-458d-8111-4e91a84a58d5,,no,no,unmapped_raw_key
P09,with_tutor,T01,8,2026-05-28T23:38:04.331862+00:00,1780011484.3288276,dcs_bios_raw,PRESSURE_ALT,156,171,15,,,,S01,,d3a09f05-2d49-458d-8111-4e91a84a58d5,,d3a09f05-2d49-458d-8111-4e91a84a58d5,,no,no,unmapped_raw_key
P09,with_tutor,T01,9,2026-05-28T23:38:04.375021+00:00,1780011484.3719637,dcs_bios_raw,INT_THROTTLE_LEFT,2621,2070,-551,throttle_quadrant_reference,,,S01,,d3a09f05-2d49-458d-8111-4e91a84a58d5,,d3a09f05-2d49-458d-8111-4e91a84a58d5,,no,no,mapped_target_without_candidate_step
P09,with_tutor,T01,9,2026-05-28T23:38:04.375021+00:00,1780011484.3719637,dcs_bios_raw,INT_THROTTLE_RIGHT,2621,2070,-551,throttle_quadrant_reference,,,S01,,d3a09f05-2d49-458d-8111-4e91a84a58d5,,d3a09f05-2d49-458d-8111-4e91a84a58d5,,no,no,mapped_target_without_candidate_step
P09,with_tutor,T01,9,2026-05-28T23:38:04.375021+00:00,1780011484.3719637,dcs_bios_raw,VSI,32747,32746,-1,,,,S01,,d3a09f05-2d49-458d-8111-4e91a84a58d5,,d3a09f05-2d49-458d-8111-4e91a84a58d5,,no,no,unmapped_raw_key
P09,with_tutor,T01,9,2026-05-28T23:38:04.375021+00:00,1780011484.3719637,dcs_bios_raw,PRESSURE_ALT,171,184,13,,,,S01,,d3a09f05-2d49-458d-8111-4e91a84a58d5,,d3a09f05-2d49-458d-8111-4e91a84a58d5,,no,no,unmapped_raw_key
P09,with_tutor,T01,10,2026-05-28T23:38:04.418093+00:00,1780011484.413536,dcs_bios_raw,INT_THROTTLE_LEFT,2070,1520,-550,throttle_quadrant_reference,,,S01,,d3a09f05-2d49-458d-8111-4e91a84a58d5,,d3a09f05-2d49-458d-8111-4e91a84a58d5,,no,no,mapped_target_without_candidate_step
P09,with_tutor,T01,10,2026-05-28T23:38:04.418093+00:00,1780011484.413536,dcs_bios_raw,INT_THROTTLE_RIGHT,2070,1520,-550,throttle_quadrant_reference,,,S01,,d3a09f05-2d49-458d-8111-4e91a84a58d5,,d3a09f05-2d49-458d-8111-4e91a84a58d5,,no,no,mapped_target_without_candidate_step
P09,with_tutor,T01,10,2026-05-28T23:38:04.418093+00:00,1780011484.413536,dcs_bios_raw,VSI,32746,32748,2,,,,S01,,d3a09f05-2d49-458d-8111-4e91a84a58d5,,d3a09f05-2d49-458d-8111-4e91a84a58d5,,no,no,unmapped_raw_key
P09,with_tutor,T01,10,2026-05-28T23:38:04.418093+00:00,1780011484.413536,dcs_bios_raw,PRESSURE_ALT,184,194,10,,,,S01,,d3a09f05-2d49-458d-8111-4e91a84a58d5,,d3a09f05-2d49-458d-8111-4e91a84a58d5,,no,no,unmapped_raw_key
P09,with_tutor,T01,11,2026-05-28T23:38:04.458201+00:00,1780011484.4551697,dcs_bios_raw,INT_THROTTLE_LEFT,1520,969,-551,throttle_quadrant_reference,,,S01,,d3a09f05-2d49-458d-8111-4e91a84a58d5,,d3a09f05-2d49-458d-8111-4e91a84a58d5,,no,no,mapped_target_without_candidate_step
P09,with_tutor,T01,11,2026-05-28T23:38:04.458201+00:00,1780011484.4551697,dcs_bios_raw,INT_THROTTLE_RIGHT,1520,969,-551,throttle_quadrant_reference,,,S01,,d3a09f05-2d49-458d-8111-4e91a84a58d5,,d3a09f05-2d49-458d-8111-4e91a84a58d5,,no,no,mapped_target_without_candidate_step
P09,with_tutor,T01,11,2026-05-28T23:38:04.458201+00:00,1780011484.4551697,dcs_bios_raw,VSI,32748,32753,5,,,,S01,,d3a09f05-2d49-458d-8111-4e91a84a58d5,,d3a09f05-2d49-458d-8111-4e91a84a58d5,,no,no,unmapped_raw_key
P09,with_tutor,T01,11,2026-05-28T23:38:04.458201+00:00,1780011484.4551697,dcs_bios_raw,PRESSURE_ALT,194,202,8,,,,S01,,d3a09f05-2d49-458d-8111-4e91a84a58d5,,d3a09f05-2d49-458d-8111-4e91a84a58d5,,no,no,unmapped_raw_key
P09,with_tutor,T01,12,2026-05-28T23:38:04.497385+00:00,1780011484.4943318,dcs_bios_raw,INT_THROTTLE_LEFT,969,419,-550,throttle_quadrant_reference,,,S01,,d3a09f05-2d49-458d-8111-4e91a84a58d5,,d3a09f05-2d49-458d-8111-4e91a84a58d5,,no,no,mapped_target_without_candidate_step
P09,with_tutor,T01,12,2026-05-28T23:38:04.497385+00:00,1780011484.4943318,dcs_bios_raw,INT_THROTTLE_RIGHT,969,419,-550,throttle_quadrant_reference,,,S01,,d3a09f05-2d49-458d-8111-4e91a84a58d5,,d3a09f05-2d49-458d-8111-4e91a84a58d5,,no,no,mapped_target_without_candidate_step
P09,with_tutor,T01,12,2026-05-28T23:38:04.497385+00:00,1780011484.4943318,dcs_bios_raw,VSI,32753,32759,6,,,,S01,,d3a09f05-2d49-458d-8111-4e91a84a58d5,,d3a09f05-2d49-458d-8111-4e91a84a58d5,,no,no,unmapped_raw_key
P09,with_tutor,T01,12,2026-05-28T23:38:04.497385+00:00,1780011484.4943318,dcs_bios_raw,PRESSURE_ALT,202,209,7,,,,S01,,d3a09f05-2d49-458d-8111-4e91a84a58d5,,d3a09f05-2d49-458d-8111-4e91a84a58d5,,no,no,unmapped_raw_key
P09,with_tutor,T01,13,2026-05-28T23:38:04.542044+00:00,1780011484.5364296,dcs_bios_raw,INT_THROTTLE_LEFT,419,0,-419,throttle_quadrant_reference,,,S01,,d3a09f05-2d49-458d-8111-4e91a84a58d5,,d3a09f05-2d49-458d-8111-4e91a84a58d5,,no,no,mapped_target_without_candidate_step
P09,with_tutor,T01,13,2026-05-28T23:38:04.542044+00:00,1780011484.5364296,dcs_bios_raw,INT_THROTTLE_RIGHT,419,0,-419,throttle_quadrant_reference,,,S01,,d3a09f05-2d49-458d-8111-4e91a84a58d5,,d3a09f05-2d49-458d-8111-4e91a84a58d5,,no,no,mapped_target_without_candidate_step
P09,with_tutor,T01,13,2026-05-28T23:38:04.542044+00:00,1780011484.5364296,dcs_bios_raw,VSI,32759,32765,6,,,,S01,,d3a09f05-2d49-458d-8111-4e91a84a58d5,,d3a09f05-2d49-458d-8111-4e91a84a58d5,,no,no,unmapped_raw_key
P09,with_tutor,T01,13,2026-05-28T23:38:04.542044+00:00,1780011484.5364296,dcs_bios_raw,PRESSURE_ALT,209,214,5,,,,S01,,d3a09f05-2d49-458d-8111-4e91a84a58d5,,d3a09f05-2d49-458d-8111-4e91a84a58d5,,no,no,unmapped_raw_key
P09,with_tutor,T01,14,2026-05-28T23:38:04.585753+00:00,1780011484.5781534,dcs_bios_raw,VSI,32765,32772,7,,,,S01,,d3a09f05-2d49-458d-8111-4e91a84a58d5,,d3a09f05-2d49-458d-8111-4e91a84a58d5,,no,no,unmapped_raw_key
P09,with_tutor,T01,14,2026-05-28T23:38:04.585753+00:00,1780011484.5781534,dcs_bios_raw,PRESSURE_ALT,214,219,5,,,,S01,,d3a09f05-2d49-458d-8111-4e91a84a58d5,,d3a09f05-2d49-458d-8111-4e91a84a58d5,,no,no,unmapped_raw_key
P09,with_tutor,T01,15,2026-05-28T23:38:04.624931+00:00,1780011484.6203525,dcs_bios_raw,VSI,32772,32777,5,,,,S01,,d3a09f05-2d49-458d-8111-4e91a84a58d5,,d3a09f05-2d49-458d-8111-4e91a84a58d5,,no,no,unmapped_raw_key
P09,with_tutor,T01,15,2026-05-28T23:38:04.624931+00:00,1780011484.6203525,dcs_bios_raw,PRESSURE_ALT,219,223,4,,,,S01,,d3a09f05-2d49-458d-8111-4e91a84a58d5,,d3a09f05-2d49-458d-8111-4e91a84a58d5,,no,no,unmapped_raw_key
P09,with_tutor,T01,16,2026-05-28T23:38:04.666519+00:00,1780011484.6619568,dcs_bios_raw,VSI,32777,32780,3,,,,S01,,d3a09f05-2d49-458d-8111-4e91a84a58d5,,d3a09f05-2d49-458d-8111-4e91a84a58d5,,no,no,unmapped_raw_key
P09,with_tutor,T01,16,2026-05-28T23:38:04.666519+00:00,1780011484.6619568,dcs_bios_raw,PRESSURE_ALT,223,226,3,,,,S01,,d3a09f05-2d49-458d-8111-4e91a84a58d5,,d3a09f05-2d49-458d-8111-4e91a84a58d5,,no,no,unmapped_raw_key
P09,with_tutor,T01,17,2026-05-28T23:38:04.709634+00:00,1780011484.703549,dcs_bios_raw,VSI,32780,32782,2,,,,S01,,d3a09f05-2d49-458d-8111-4e91a84a58d5,,d3a09f05-2d49-458d-8111-4e91a84a58d5,,no,no,unmapped_raw_key
P09,with_tutor,T01,17,2026-05-28T23:38:04.709634+00:00,1780011484.703549,dcs_bios_raw,PRESSURE_ALT,226,228,2,,,,S01,,d3a09f05-2d49-458d-8111-4e91a84a58d5,,d3a09f05-2d49-458d-8111-4e91a84a58d5,,no,no,unmapped_raw_key
P09,with_tutor,T01,18,2026-05-28T23:38:04.749825+00:00,1780011484.7452693,dcs_bios_raw,PRESSURE_ALT,228,231,3,,,,S01,,d3a09f05-2d49-458d-8111-4e91a84a58d5,,d3a09f05-2d49-458d-8111-4e91a84a58d5,,no,no,unmapped_raw_key
P09,with_tutor,T01,19,2026-05-28T23:38:04.791922+00:00,1780011484.785842,dcs_bios_raw,VSI,32782,32781,-1,,,,S01,,d3a09f05-2d49-458d-8111-4e91a84a58d5,,d3a09f05-2d49-458d-8111-4e91a84a58d5,,no,no,unmapped_raw_key
P09,with_tutor,T01,19,2026-05-28T23:38:04.791922+00:00,1780011484.785842,dcs_bios_raw,PRESSURE_ALT,231,232,1,,,,S01,,d3a09f05-2d49-458d-8111-4e91a84a58d5,,d3a09f05-2d49-458d-8111-4e91a84a58d5,,no,no,unmapped_raw_key
P09,with_tutor,T01,20,2026-05-28T23:38:04.833522+00:00,1780011484.8279154,dcs_bios_raw,VSI,32781,32779,-2,,,,S01,,d3a09f05-2d49-458d-8111-4e91a84a58d5,,d3a09f05-2d49-458d-8111-4e91a84a58d5,,no,no,unmapped_raw_key
P09,with_tutor,T01,20,2026-05-28T23:38:04.833522+00:00,1780011484.8279154,dcs_bios_raw,PRESSURE_ALT,232,234,2,,,,S01,,d3a09f05-2d49-458d-8111-4e91a84a58d5,,d3a09f05-2d49-458d-8111-4e91a84a58d5,,no,no,unmapped_raw_key
P09,with_tutor,T01,21,2026-05-28T23:38:04.875075+00:00,1780011484.870015,dcs_bios_raw,VSI,32779,32777,-2,,,,S01,,d3a09f05-2d49-458d-8111-4e91a84a58d5,,d3a09f05-2d49-458d-8111-4e91a84a58d5,,no,no,unmapped_raw_key
P09,with_tutor,T01,21,2026-05-28T23:38:04.875075+00:00,1780011484.870015,dcs_bios_raw,PRESSURE_ALT,234,235,1,,,,S01,,d3a09f05-2d49-458d-8111-4e91a84a58d5,,d3a09f05-2d49-458d-8111-4e91a84a58d5,,no,no,unmapped_raw_key
P09,with_tutor,T01,22,2026-05-28T23:38:04.915122+00:00,1780011484.9105666,dcs_bios_raw,VSI,32777,32774,-3,,,,S01,,d3a09f05-2d49-458d-8111-4e91a84a58d5,,d3a09f05-2d49-458d-8111-4e91a84a58d5,,no,no,unmapped_raw_key
P09,with_tutor,T01,22,2026-05-28T23:38:04.915122+00:00,1780011484.9105666,dcs_bios_raw,PRESSURE_ALT,235,236,1,,,,S01,,d3a09f05-2d49-458d-8111-4e91a84a58d5,,d3a09f05-2d49-458d-8111-4e91a84a58d5,,no,no,unmapped_raw_key
P09,with_tutor,T01,23,2026-05-28T23:38:04.961274+00:00,1780011484.9526591,dcs_bios_raw,VSI,32774,32771,-3,,,,S01,,d3a09f05-2d49-458d-8111-4e91a84a58d5,,d3a09f05-2d49-458d-8111-4e91a84a58d5,,no,no,unmapped_raw_key
P09,with_tutor,T01,24,2026-05-28T23:38:04.998840+00:00,1780011484.994281,dcs_bios_raw,VSI,32771,32769,-2,,,,S01,,d3a09f05-2d49-458d-8111-4e91a84a58d5,,d3a09f05-2d49-458d-8111-4e91a84a58d5,,no,no,unmapped_raw_key
P09,with_tutor,T01,24,2026-05-28T23:38:04.998840+00:00,1780011484.994281,dcs_bios_raw,PRESSURE_ALT,236,237,1,,,,S01,,d3a09f05-2d49-458d-8111-4e91a84a58d5,,d3a09f05-2d49-458d-8111-4e91a84a58d5,,no,no,unmapped_raw_key
P09,with_tutor,T01,25,2026-05-28T23:38:05.040477+00:00,1780011485.036404,dcs_bios_raw,VSI,32769,32766,-3,,,,S01,,d3a09f05-2d49-458d-8111-4e91a84a58d5,,d3a09f05-2d49-458d-8111-4e91a84a58d5,,no,no,unmapped_raw_key
P09,with_tutor,T01,25,2026-05-28T23:38:05.040477+00:00,1780011485.036404,dcs_bios_raw,PRESSURE_ALT,237,238,1,,,,S01,,d3a09f05-2d49-458d-8111-4e91a84a58d5,,d3a09f05-2d49-458d-8111-4e91a84a58d5,,no,no,unmapped_raw_key
P09,with_tutor,T01,26,2026-05-28T23:38:05.083629+00:00,1780011485.0780034,dcs_bios_raw,VSI,32766,32763,-3,,,,S01,,d3a09f05-2d49-458d-8111-4e91a84a58d5,,d3a09f05-2d49-458d-8111-4e91a84a58d5,,no,no,unmapped_raw_key
P09,with_tutor,T01,27,2026-05-28T23:38:05.125726+00:00,1780011485.1196249,dcs_bios_raw,VSI,32763,32761,-2,,,,S01,,d3a09f05-2d49-458d-8111-4e91a84a58d5,,d3a09f05-2d49-458d-8111-4e91a84a58d5,,no,no,unmapped_raw_key
P09,with_tutor,T01,28,2026-05-28T23:38:05.168834+00:00,1780011485.1611829,dcs_bios_raw,VSI,32761,32759,-2,,,,S01,,d3a09f05-2d49-458d-8111-4e91a84a58d5,,d3a09f05-2d49-458d-8111-4e91a84a58d5,,no,no,unmapped_raw_key
P09,with_tutor,T01,28,2026-05-28T23:38:05.168834+00:00,1780011485.1611829,dcs_bios_raw,PRESSURE_ALT,238,239,1,,,,S01,,d3a09f05-2d49-458d-8111-4e91a84a58d5,,d3a09f05-2d49-458d-8111-4e91a84a58d5,,no,no,unmapped_raw_key
P09,with_tutor,T01,29,2026-05-28T23:38:05.207872+00:00,1780011485.2032797,dcs_bios_raw,VSI,32759,32758,-1,,,,S01,,d3a09f05-2d49-458d-8111-4e91a84a58d5,,d3a09f05-2d49-458d-8111-4e91a84a58d5,,no,no,unmapped_raw_key
P09,with_tutor,T01,30,2026-05-28T23:38:05.252036+00:00,1780011485.2433846,dcs_bios_raw,VSI,32758,32757,-1,,,,S01,,d3a09f05-2d49-458d-8111-4e91a84a58d5,,d3a09f05-2d49-458d-8111-4e91a84a58d5,,no,no,unmapped_raw_key
P09,with_tutor,T01,34,2026-05-28T23:38:05.415035+00:00,1780011485.4104419,dcs_bios_raw,VSI,32757,32758,1,,,,S01,,d3a09f05-2d49-458d-8111-4e91a84a58d5,,d3a09f05-2d49-458d-8111-4e91a84a58d5,,no,no,unmapped_raw_key
P09,with_tutor,T01,35,2026-05-28T23:38:05.456610+00:00,1780011485.4520478,dcs_bios_raw,VSI,32758,32760,2,,,,S01,,d3a09f05-2d49-458d-8111-4e91a84a58d5,,d3a09f05-2d49-458d-8111-4e91a84a58d5,,no,no,unmapped_raw_key
P09,with_tutor,T01,36,2026-05-28T23:38:05.498763+00:00,1780011485.494185,dcs_bios_raw,VSI,32760,32761,1,,,,S01,,d3a09f05-2d49-458d-8111-4e91a84a58d5,,d3a09f05-2d49-458d-8111-4e91a84a58d5,,no,no,unmapped_raw_key
P09,with_tutor,T01,37,2026-05-28T23:38:05.540363+00:00,1780011485.535784,dcs_bios_raw,VSI,32761,32762,1,,,,S01,,d3a09f05-2d49-458d-8111-4e91a84a58d5,,d3a09f05-2d49-458d-8111-4e91a84a58d5,,no,no,unmapped_raw_key
P09,with_tutor,T01,38,2026-05-28T23:38:05.581966+00:00,1780011485.5774207,dcs_bios_raw,VSI,32762,32764,2,,,,S01,,d3a09f05-2d49-458d-8111-4e91a84a58d5,,d3a09f05-2d49-458d-8111-4e91a84a58d5,,no,no,unmapped_raw_key
P09,with_tutor,T01,39,2026-05-28T23:38:05.625053+00:00,1780011485.61794,dcs_bios_raw,VSI,32764,32765,1,,,,S01,,d3a09f05-2d49-458d-8111-4e91a84a58d5,,d3a09f05-2d49-458d-8111-4e91a84a58d5,,no,no,unmapped_raw_key
P09,with_tutor,T01,40,2026-05-28T23:38:05.665098+00:00,1780011485.6604972,dcs_bios_raw,VSI,32765,32766,1,,,,S01,,d3a09f05-2d49-458d-8111-4e91a84a58d5,,d3a09f05-2d49-458d-8111-4e91a84a58d5,,no,no,unmapped_raw_key
P09,with_tutor,T01,41,2026-05-28T23:38:05.706732+00:00,1780011485.702116,dcs_bios_raw,VSI,32766,32767,1,,,,S01,,d3a09f05-2d49-458d-8111-4e91a84a58d5,,d3a09f05-2d49-458d-8111-4e91a84a58d5,,no,no,unmapped_raw_key
P09,with_tutor,T01,42,2026-05-28T23:38:05.748855+00:00,1780011485.7442703,dcs_bios_raw,VSI,32767,32768,1,,,,S01,,d3a09f05-2d49-458d-8111-4e91a84a58d5,,d3a09f05-2d49-458d-8111-4e91a84a58d5,,no,no,unmapped_raw_key
P09,with_tutor,T01,43,2026-05-28T23:38:05.790484+00:00,1780011485.7848785,dcs_bios_raw,VSI,32768,32769,1,,,,S01,,d3a09f05-2d49-458d-8111-4e91a84a58d5,,d3a09f05-2d49-458d-8111-4e91a84a58d5,,no,no,unmapped_raw_key
P09,with_tutor,T01,45,2026-05-28T23:38:05.873612+00:00,1780011485.8680086,dcs_bios_raw,VSI,32769,32770,1,,,,S01,,d3a09f05-2d49-458d-8111-4e91a84a58d5,,d3a09f05-2d49-458d-8111-4e91a84a58d5,,no,no,unmapped_raw_key
P09,with_tutor,T01,48,2026-05-28T23:38:05.997942+00:00,1780011485.9933596,dcs_bios_raw,VSI,32770,32769,-1,,,,S01,,d3a09f05-2d49-458d-8111-4e91a84a58d5,,d3a09f05-2d49-458d-8111-4e91a84a58d5,,no,no,unmapped_raw_key
P09,with_tutor,T01,51,2026-05-28T23:38:06.124846+00:00,1780011486.118753,dcs_bios_raw,VSI,32769,32768,-1,,,,S01,,d3a09f05-2d49-458d-8111-4e91a84a58d5,,d3a09f05-2d49-458d-8111-4e91a84a58d5,,no,no,unmapped_raw_key
P09,with_tutor,T01,53,2026-05-28T23:38:06.206496+00:00,1780011486.2019193,dcs_bios_raw,VSI,32768,32767,-1,,,,S01,,d3a09f05-2d49-458d-8111-4e91a84a58d5,,d3a09f05-2d49-458d-8111-4e91a84a58d5,,no,no,unmapped_raw_key
P09,with_tutor,T01,55,2026-05-28T23:38:06.290283+00:00,1780011486.2857308,dcs_bios_raw,VSI,32767,32766,-1,,,,S01,,d3a09f05-2d49-458d-8111-4e91a84a58d5,,d3a09f05-2d49-458d-8111-4e91a84a58d5,,no,no,unmapped_raw_key
P09,with_tutor,T01,58,2026-05-28T23:38:06.422684+00:00,1780011486.4105139,dcs_bios_raw,VSI,32766,32765,-1,,,,S01,,d3a09f05-2d49-458d-8111-4e91a84a58d5,,d3a09f05-2d49-458d-8111-4e91a84a58d5,,no,no,unmapped_raw_key
P09,with_tutor,T01,61,2026-05-28T23:38:06.541930+00:00,1780011486.5358107,dcs_bios_raw,VSI,32765,32766,1,,,,S01,,d3a09f05-2d49-458d-8111-4e91a84a58d5,,d3a09f05-2d49-458d-8111-4e91a84a58d5,,no,no,unmapped_raw_key
P09,with_tutor,T01,66,2026-05-28T23:38:06.750531+00:00,1780011486.7449305,dcs_bios_raw,VSI,32766,32767,1,,,,S01,,d3a09f05-2d49-458d-8111-4e91a84a58d5,,d3a09f05-2d49-458d-8111-4e91a84a58d5,,no,no,unmapped_raw_key
P09,with_tutor,T01,72,2026-05-28T23:38:07.001158+00:00,1780011486.9950573,dcs_bios_raw,VSI,32767,32768,1,,,,S01,,d3a09f05-2d49-458d-8111-4e91a84a58d5,,d3a09f05-2d49-458d-8111-4e91a84a58d5,,no,no,unmapped_raw_key
P09,with_tutor,T01,76,2026-05-28T23:38:07.168074+00:00,1780011487.1634712,dcs_bios_raw,VSI,32768,32767,-1,,,,S01,,d3a09f05-2d49-458d-8111-4e91a84a58d5,,d3a09f05-2d49-458d-8111-4e91a84a58d5,,no,no,unmapped_raw_key
P09,with_tutor,T01,309,2026-05-28T23:38:20.459530+00:00,1780011500.454966,dcs_bios_raw,BATTERY_SW,1,2,1,battery_switch,S01,,S02,,cab7fb83-076c-4d2e-9cb1-75b0aa77ae92,d3a09f05-2d49-458d-8111-4e91a84a58d5,cab7fb83-076c-4d2e-9cb1-75b0aa77ae92,11.891367,no,no,after_help
P09,with_tutor,T01,1426,2026-05-28T23:39:37.860469+00:00,1780011577.8558738,dcs_bios_raw,APU_CONTROL_SW,0,1,1,apu_switch,S03,,S03,,69f9ed6d-cbb7-4dda-8cde-828d76de3030,a833e78c-7ed2-4a44-99f6-0ece0b631826,a833e78c-7ed2-4a44-99f6-0ece0b631826,12.050738,no,no,after_help
P09,with_tutor,T01,2168,2026-05-28T23:40:08.652831+00:00,1780011608.6472697,dcs_bios_raw,ENGINE_CRANK_SW,1,2,1,eng_crank_switch,S04;S10,,S05,,a2404869-68b3-4248-af21-a33efc2d27d9,69f9ed6d-cbb7-4dda-8cde-828d76de3030,a2404869-68b3-4248-af21-a33efc2d27d9,13.385986,no,no,after_help
P09,with_tutor,T01,2850,2026-05-28T23:40:37.374347+00:00,1780011637.3713133,dcs_bios_raw,INT_THROTTLE_RIGHT,0,471,471,throttle_quadrant_reference,,,S05,,64d66b07-ffab-47f3-a0b9-b7c70bb671a2,a2404869-68b3-4248-af21-a33efc2d27d9,a2404869-68b3-4248-af21-a33efc2d27d9,16.427138,no,no,mapped_target_without_candidate_step;after_help
P09,with_tutor,T01,2851,2026-05-28T23:40:37.416408+00:00,1780011637.4133706,dcs_bios_raw,INT_THROTTLE_RIGHT,471,1022,551,throttle_quadrant_reference,,,S05,,64d66b07-ffab-47f3-a0b9-b7c70bb671a2,a2404869-68b3-4248-af21-a33efc2d27d9,a2404869-68b3-4248-af21-a33efc2d27d9,16.469196,no,no,mapped_target_without_candidate_step;after_help
P09,with_tutor,T01,2852,2026-05-28T23:40:37.458000+00:00,1780011637.4549599,dcs_bios_raw,INT_THROTTLE_RIGHT,1022,1572,550,throttle_quadrant_reference,,,S05,,64d66b07-ffab-47f3-a0b9-b7c70bb671a2,a2404869-68b3-4248-af21-a33efc2d27d9,a2404869-68b3-4248-af21-a33efc2d27d9,16.510785,no,no,mapped_target_without_candidate_step;after_help
P09,with_tutor,T01,2853,2026-05-28T23:40:37.500090+00:00,1780011637.4965134,dcs_bios_raw,INT_THROTTLE_RIGHT,1572,2123,551,throttle_quadrant_reference,,,S05,,64d66b07-ffab-47f3-a0b9-b7c70bb671a2,a2404869-68b3-4248-af21-a33efc2d27d9,a2404869-68b3-4248-af21-a33efc2d27d9,16.552338,no,no,mapped_target_without_candidate_step;after_help
P09,with_tutor,T01,2854,2026-05-28T23:40:37.541239+00:00,1780011637.5381615,dcs_bios_raw,INT_THROTTLE_RIGHT,2123,2673,550,throttle_quadrant_reference,,,S05,,64d66b07-ffab-47f3-a0b9-b7c70bb671a2,a2404869-68b3-4248-af21-a33efc2d27d9,a2404869-68b3-4248-af21-a33efc2d27d9,16.593987,no,no,mapped_target_without_candidate_step;after_help
P09,with_tutor,T01,2855,2026-05-28T23:40:37.582770+00:00,1780011637.5797312,dcs_bios_raw,INT_THROTTLE_RIGHT,2673,3224,551,throttle_quadrant_reference,,,S05,,64d66b07-ffab-47f3-a0b9-b7c70bb671a2,a2404869-68b3-4248-af21-a33efc2d27d9,a2404869-68b3-4248-af21-a33efc2d27d9,16.635556,no,no,mapped_target_without_candidate_step;after_help
P09,with_tutor,T01,2856,2026-05-28T23:40:37.626380+00:00,1780011637.6218195,dcs_bios_raw,INT_THROTTLE_RIGHT,3224,3696,472,throttle_quadrant_reference,,,S05,,64d66b07-ffab-47f3-a0b9-b7c70bb671a2,a2404869-68b3-4248-af21-a33efc2d27d9,a2404869-68b3-4248-af21-a33efc2d27d9,16.677644,no,no,mapped_target_without_candidate_step;after_help
P09,with_tutor,T01,2857,2026-05-28T23:40:37.667884+00:00,1780011637.6633437,dcs_bios_raw,INT_THROTTLE_RIGHT,3696,4246,550,throttle_quadrant_reference,,,S05,,64d66b07-ffab-47f3-a0b9-b7c70bb671a2,a2404869-68b3-4248-af21-a33efc2d27d9,a2404869-68b3-4248-af21-a33efc2d27d9,16.719169,no,no,mapped_target_without_candidate_step;after_help
P09,with_tutor,T01,2858,2026-05-28T23:40:37.710039+00:00,1780011637.7049785,dcs_bios_raw,INT_THROTTLE_RIGHT,4246,4797,551,throttle_quadrant_reference,,,S05,,64d66b07-ffab-47f3-a0b9-b7c70bb671a2,a2404869-68b3-4248-af21-a33efc2d27d9,a2404869-68b3-4248-af21-a33efc2d27d9,16.760803,no,no,mapped_target_without_candidate_step;after_help
P09,with_tutor,T01,2859,2026-05-28T23:40:37.751131+00:00,1780011637.7465873,dcs_bios_raw,INT_THROTTLE_RIGHT,4797,5347,550,throttle_quadrant_reference,,,S05,,64d66b07-ffab-47f3-a0b9-b7c70bb671a2,a2404869-68b3-4248-af21-a33efc2d27d9,a2404869-68b3-4248-af21-a33efc2d27d9,16.802412,no,no,mapped_target_without_candidate_step;after_help
P09,with_tutor,T01,2860,2026-05-28T23:40:37.791214+00:00,1780011637.7881646,dcs_bios_raw,INT_THROTTLE_RIGHT,5347,5898,551,throttle_quadrant_reference,,,S05,,64d66b07-ffab-47f3-a0b9-b7c70bb671a2,a2404869-68b3-4248-af21-a33efc2d27d9,a2404869-68b3-4248-af21-a33efc2d27d9,16.84399,no,no,mapped_target_without_candidate_step;after_help
P09,with_tutor,T01,2861,2026-05-28T23:40:37.831770+00:00,1780011637.830253,dcs_bios_raw,INT_THROTTLE_RIGHT,5898,6448,550,throttle_quadrant_reference,,,S05,,64d66b07-ffab-47f3-a0b9-b7c70bb671a2,a2404869-68b3-4248-af21-a33efc2d27d9,a2404869-68b3-4248-af21-a33efc2d27d9,16.886078,no,no,mapped_target_without_candidate_step;after_help
P09,with_tutor,T01,2862,2026-05-28T23:40:37.873340+00:00,1780011637.8718207,dcs_bios_raw,INT_THROTTLE_RIGHT,6448,6553,105,throttle_quadrant_reference,,,S05,,64d66b07-ffab-47f3-a0b9-b7c70bb671a2,a2404869-68b3-4248-af21-a33efc2d27d9,a2404869-68b3-4248-af21-a33efc2d27d9,16.927646,no,no,mapped_target_without_candidate_step;after_help
P09,with_tutor,T01,3100,2026-05-28T23:40:47.610132+00:00,1780011647.606576,dcs_bios_raw,VSI,32767,32766,-1,,,,S06,,64d66b07-ffab-47f3-a0b9-b7c70bb671a2,a2404869-68b3-4248-af21-a33efc2d27d9,64d66b07-ffab-47f3-a0b9-b7c70bb671a2,26.662401,no,no,unmapped_raw_key;after_help
P09,with_tutor,T01,3141,2026-05-28T23:40:49.322124+00:00,1780011649.3164794,dcs_bios_raw,VSI,32766,32765,-1,,,,S06,,64d66b07-ffab-47f3-a0b9-b7c70bb671a2,a2404869-68b3-4248-af21-a33efc2d27d9,64d66b07-ffab-47f3-a0b9-b7c70bb671a2,28.372304,no,no,unmapped_raw_key;after_help
P09,with_tutor,T01,3143,2026-05-28T23:40:49.388068+00:00,1780011649.3850155,dcs_bios_raw,COMM1_CHANNEL_NUMERIC,,1,1,ufc_comm1_channel_selector_rotate;ufc_comm1_channel_selector_pull,S09,,S06,,64d66b07-ffab-47f3-a0b9-b7c70bb671a2,a2404869-68b3-4248-af21-a33efc2d27d9,64d66b07-ffab-47f3-a0b9-b7c70bb671a2,28.44084,no,no,after_help
P09,with_tutor,T01,3143,2026-05-28T23:40:49.388068+00:00,1780011649.3850155,dcs_bios_raw,COMM2_CHANNEL_NUMERIC,,1,1,ufc_comm2_channel_selector_rotate;ufc_comm2_channel_selector_pull,,,S06,,64d66b07-ffab-47f3-a0b9-b7c70bb671a2,a2404869-68b3-4248-af21-a33efc2d27d9,64d66b07-ffab-47f3-a0b9-b7c70bb671a2,28.44084,no,no,mapped_target_without_candidate_step;after_help
P09,with_tutor,T01,3145,2026-05-28T23:40:49.456680+00:00,1780011649.4535947,dcs_bios_raw,ENGINE_CRANK_SW,2,1,-1,eng_crank_switch,S04;S10,,S06,,64d66b07-ffab-47f3-a0b9-b7c70bb671a2,a2404869-68b3-4248-af21-a33efc2d27d9,64d66b07-ffab-47f3-a0b9-b7c70bb671a2,28.50942,no,no,after_help
P09,with_tutor,T01,3172,2026-05-28T23:40:50.544987+00:00,1780011650.537883,dcs_bios_raw,VSI,32765,32766,1,,,,S06,,64d66b07-ffab-47f3-a0b9-b7c70bb671a2,a2404869-68b3-4248-af21-a33efc2d27d9,64d66b07-ffab-47f3-a0b9-b7c70bb671a2,29.593708,no,no,unmapped_raw_key;after_help
P09,with_tutor,T01,3191,2026-05-28T23:40:51.334933+00:00,1780011651.330341,dcs_bios_raw,VSI,32766,32767,1,,,,S06,,64d66b07-ffab-47f3-a0b9-b7c70bb671a2,a2404869-68b3-4248-af21-a33efc2d27d9,64d66b07-ffab-47f3-a0b9-b7c70bb671a2,30.386166,no,no,unmapped_raw_key;after_help
P09,with_tutor,T01,3637,2026-05-28T23:41:14.058030+00:00,1780011674.0534666,dcs_bios_raw,BLEED_AIR_KNOB,2,1,-1,bleed_air_knob,S06,,S07,,1a629d32-ad8d-41e6-aba5-2262d55fe85f,64d66b07-ffab-47f3-a0b9-b7c70bb671a2,1a629d32-ad8d-41e6-aba5-2262d55fe85f,13.934658,no,no,after_help
P09,with_tutor,T01,3649,2026-05-28T23:41:14.850290+00:00,1780011674.8457484,dcs_bios_raw,BLEED_AIR_KNOB,1,0,-1,bleed_air_knob,S06,,S07,,1a629d32-ad8d-41e6-aba5-2262d55fe85f,64d66b07-ffab-47f3-a0b9-b7c70bb671a2,1a629d32-ad8d-41e6-aba5-2262d55fe85f,14.72694,no,no,after_help
P09,with_tutor,T01,3665,2026-05-28T23:41:15.596564+00:00,1780011675.5935326,dcs_bios_raw,BLEED_AIR_KNOB,0,3,3,bleed_air_knob,S06,,S07,,1a629d32-ad8d-41e6-aba5-2262d55fe85f,64d66b07-ffab-47f3-a0b9-b7c70bb671a2,1a629d32-ad8d-41e6-aba5-2262d55fe85f,15.474724,no,no,after_help
P09,with_tutor,T01,3679,2026-05-28T23:41:16.391285+00:00,1780011676.3852136,dcs_bios_raw,BLEED_AIR_KNOB,3,2,-1,bleed_air_knob,S06,,S07,,1a629d32-ad8d-41e6-aba5-2262d55fe85f,64d66b07-ffab-47f3-a0b9-b7c70bb671a2,1a629d32-ad8d-41e6-aba5-2262d55fe85f,16.266405,no,no,after_help
P09,with_tutor,T01,3912,2026-05-28T23:41:31.850055+00:00,1780011691.8449838,dcs_bios_raw,LIGHTS_TEST_SW,,1,1,lights_test_button,S07,,S07,,9af933fa-ba9c-4ef2-9d81-fa817330f9f9,1a629d32-ad8d-41e6-aba5-2262d55fe85f,1a629d32-ad8d-41e6-aba5-2262d55fe85f,10.851626,no,no,after_help
P09,with_tutor,T01,3915,2026-05-28T23:41:32.013621+00:00,1780011692.0105944,dcs_bios_raw,LIGHTS_TEST_SW,1,0,-1,lights_test_button,S07,,S07,,9af933fa-ba9c-4ef2-9d81-fa817330f9f9,1a629d32-ad8d-41e6-aba5-2262d55fe85f,1a629d32-ad8d-41e6-aba5-2262d55fe85f,11.017237,no,no,after_help
P09,with_tutor,T01,3931,2026-05-28T23:41:32.930399+00:00,1780011692.9288938,dcs_bios_raw,LIGHTS_TEST_SW,0,1,1,lights_test_button,S07,,S07,,9af933fa-ba9c-4ef2-9d81-fa817330f9f9,1a629d32-ad8d-41e6-aba5-2262d55fe85f,1a629d32-ad8d-41e6-aba5-2262d55fe85f,11.935536,no,no,after_help
P09,with_tutor,T01,3970,2026-05-28T23:41:34.930361+00:00,1780011694.928854,dcs_bios_raw,LIGHTS_TEST_SW,1,0,-1,lights_test_button,S07,,S08,,9af933fa-ba9c-4ef2-9d81-fa817330f9f9,1a629d32-ad8d-41e6-aba5-2262d55fe85f,9af933fa-ba9c-4ef2-9d81-fa817330f9f9,13.935497,no,no,after_help
P09,with_tutor,T01,4013,2026-05-28T23:41:37.555753+00:00,1780011697.5527012,dcs_bios_raw,LIGHTS_TEST_SW,0,1,1,lights_test_button,S07,,S08,,9af933fa-ba9c-4ef2-9d81-fa817330f9f9,1a629d32-ad8d-41e6-aba5-2262d55fe85f,9af933fa-ba9c-4ef2-9d81-fa817330f9f9,16.559344,no,no,after_help
P09,with_tutor,T01,4016,2026-05-28T23:41:37.680661+00:00,1780011697.678092,dcs_bios_raw,LIGHTS_TEST_SW,1,0,-1,lights_test_button,S07,,S08,,9af933fa-ba9c-4ef2-9d81-fa817330f9f9,1a629d32-ad8d-41e6-aba5-2262d55fe85f,9af933fa-ba9c-4ef2-9d81-fa817330f9f9,16.684735,no,no,after_help
P09,with_tutor,T01,4325,2026-05-28T23:41:58.014869+00:00,1780011718.0118284,dcs_bios_raw,LEFT_DDI_BRT_SELECT,,1,1,left_mdi_brightness_selector,S08,,S08,,7ce9d9d5-55aa-42be-bdfd-0dbf45b81808,9af933fa-ba9c-4ef2-9d81-fa817330f9f9,9af933fa-ba9c-4ef2-9d81-fa817330f9f9,11.424466,no,no,after_help
P09,with_tutor,T01,4374,2026-05-28T23:42:01.291923+00:00,1780011721.2888987,dcs_bios_raw,LEFT_DDI_BRT_SELECT,1,2,1,left_mdi_brightness_selector,S08,,S08,,7ce9d9d5-55aa-42be-bdfd-0dbf45b81808,9af933fa-ba9c-4ef2-9d81-fa817330f9f9,9af933fa-ba9c-4ef2-9d81-fa817330f9f9,14.701536,no,no,after_help
P09,with_tutor,T01,4412,2026-05-28T23:42:04.252086+00:00,1780011724.2480361,dcs_bios_raw,RIGHT_DDI_BRT_SELECT,,1,1,right_mdi_brightness_selector,S08,,S08,,7ce9d9d5-55aa-42be-bdfd-0dbf45b81808,9af933fa-ba9c-4ef2-9d81-fa817330f9f9,9af933fa-ba9c-4ef2-9d81-fa817330f9f9,17.660674,no,no,after_help
P09,with_tutor,T01,4428,2026-05-28T23:42:05.168954+00:00,1780011725.1643944,dcs_bios_raw,RIGHT_DDI_BRT_SELECT,1,2,1,right_mdi_brightness_selector,S08,,S08,,7ce9d9d5-55aa-42be-bdfd-0dbf45b81808,9af933fa-ba9c-4ef2-9d81-fa817330f9f9,9af933fa-ba9c-4ef2-9d81-fa817330f9f9,18.577032,no,no,after_help
P09,with_tutor,T01,4595,2026-05-28T23:42:16.611189+00:00,1780011736.6081457,dcs_bios_raw,HUD_SYM_BRT,,983,983,hud_symbology_brightness_knob,S08,,S08,,7ce9d9d5-55aa-42be-bdfd-0dbf45b81808,9af933fa-ba9c-4ef2-9d81-fa817330f9f9,7ce9d9d5-55aa-42be-bdfd-0dbf45b81808,30.020783,no,no,after_help
P09,with_tutor,T01,4597,2026-05-28T23:42:16.696399+00:00,1780011736.6933339,dcs_bios_raw,HUD_SYM_BRT,983,1967,984,hud_symbology_brightness_knob,S08,,S08,,7ce9d9d5-55aa-42be-bdfd-0dbf45b81808,9af933fa-ba9c-4ef2-9d81-fa817330f9f9,7ce9d9d5-55aa-42be-bdfd-0dbf45b81808,30.105972,no,no,after_help
P09,with_tutor,T01,4608,2026-05-28T23:42:17.236407+00:00,1780011737.2348893,dcs_bios_raw,HUD_SYM_BRT,1967,2951,984,hud_symbology_brightness_knob,S08,,S08,,7ce9d9d5-55aa-42be-bdfd-0dbf45b81808,9af933fa-ba9c-4ef2-9d81-fa817330f9f9,7ce9d9d5-55aa-42be-bdfd-0dbf45b81808,30.647527,no,no,after_help
P09,with_tutor,T01,4609,2026-05-28T23:42:17.279616+00:00,1780011737.2765727,dcs_bios_raw,HUD_SYM_BRT,2951,3935,984,hud_symbology_brightness_knob,S08,,S08,,7ce9d9d5-55aa-42be-bdfd-0dbf45b81808,9af933fa-ba9c-4ef2-9d81-fa817330f9f9,7ce9d9d5-55aa-42be-bdfd-0dbf45b81808,30.68921,no,no,after_help
P09,with_tutor,T01,4610,2026-05-28T23:42:17.361845+00:00,1780011737.3588126,dcs_bios_raw,HUD_SYM_BRT,3935,4919,984,hud_symbology_brightness_knob,S08,,S08,,7ce9d9d5-55aa-42be-bdfd-0dbf45b81808,9af933fa-ba9c-4ef2-9d81-fa817330f9f9,7ce9d9d5-55aa-42be-bdfd-0dbf45b81808,30.77145,no,no,after_help
P09,with_tutor,T01,4612,2026-05-28T23:42:17.610632+00:00,1780011737.6080556,dcs_bios_raw,HUD_SYM_BRT,4919,5903,984,hud_symbology_brightness_knob,S08,,S08,,7ce9d9d5-55aa-42be-bdfd-0dbf45b81808,9af933fa-ba9c-4ef2-9d81-fa817330f9f9,7ce9d9d5-55aa-42be-bdfd-0dbf45b81808,31.020693,no,no,after_help
P09,with_tutor,T01,4613,2026-05-28T23:42:17.654239+00:00,1780011737.6511602,dcs_bios_raw,HUD_SYM_BRT,5903,6887,984,hud_symbology_brightness_knob,S08,,S08,,7ce9d9d5-55aa-42be-bdfd-0dbf45b81808,9af933fa-ba9c-4ef2-9d81-fa817330f9f9,7ce9d9d5-55aa-42be-bdfd-0dbf45b81808,31.063798,no,no,after_help
P09,with_tutor,T01,4615,2026-05-28T23:42:17.737386+00:00,1780011737.7343302,dcs_bios_raw,HUD_SYM_BRT,6887,7871,984,hud_symbology_brightness_knob,S08,,S08,,7ce9d9d5-55aa-42be-bdfd-0dbf45b81808,9af933fa-ba9c-4ef2-9d81-fa817330f9f9,7ce9d9d5-55aa-42be-bdfd-0dbf45b81808,31.146968,no,no,after_help
P09,with_tutor,T01,4620,2026-05-28T23:42:17.987299+00:00,1780011737.984212,dcs_bios_raw,HUD_SYM_BRT,7871,8855,984,hud_symbology_brightness_knob,S08,,S08,,7ce9d9d5-55aa-42be-bdfd-0dbf45b81808,9af933fa-ba9c-4ef2-9d81-fa817330f9f9,7ce9d9d5-55aa-42be-bdfd-0dbf45b81808,31.39685,no,no,after_help
P09,with_tutor,T01,4621,2026-05-28T23:42:18.027902+00:00,1780011738.0248666,dcs_bios_raw,HUD_SYM_BRT,8855,9839,984,hud_symbology_brightness_knob,S08,,S08,,7ce9d9d5-55aa-42be-bdfd-0dbf45b81808,9af933fa-ba9c-4ef2-9d81-fa817330f9f9,7ce9d9d5-55aa-42be-bdfd-0dbf45b81808,31.437504,no,no,after_help
P09,with_tutor,T01,4624,2026-05-28T23:42:18.279670+00:00,1780011738.2765963,dcs_bios_raw,HUD_SYM_BRT,9839,10823,984,hud_symbology_brightness_knob,S08,,S08,,7ce9d9d5-55aa-42be-bdfd-0dbf45b81808,9af933fa-ba9c-4ef2-9d81-fa817330f9f9,7ce9d9d5-55aa-42be-bdfd-0dbf45b81808,31.689234,no,no,after_help
P09,with_tutor,T01,4625,2026-05-28T23:42:18.320246+00:00,1780011738.3172219,dcs_bios_raw,HUD_SYM_BRT,10823,11807,984,hud_symbology_brightness_knob,S08,,S08,,7ce9d9d5-55aa-42be-bdfd-0dbf45b81808,9af933fa-ba9c-4ef2-9d81-fa817330f9f9,7ce9d9d5-55aa-42be-bdfd-0dbf45b81808,31.72986,no,no,after_help
P09,with_tutor,T01,4626,2026-05-28T23:42:18.389737+00:00,1780011738.3856945,dcs_bios_raw,HUD_SYM_BRT,11807,12791,984,hud_symbology_brightness_knob,S08,,S08,,7ce9d9d5-55aa-42be-bdfd-0dbf45b81808,9af933fa-ba9c-4ef2-9d81-fa817330f9f9,7ce9d9d5-55aa-42be-bdfd-0dbf45b81808,31.798332,no,no,after_help
P09,with_tutor,T01,4629,2026-05-28T23:42:18.583639+00:00,1780011738.582118,dcs_bios_raw,HUD_SYM_BRT,12791,13775,984,hud_symbology_brightness_knob,S08,,S08,,7ce9d9d5-55aa-42be-bdfd-0dbf45b81808,9af933fa-ba9c-4ef2-9d81-fa817330f9f9,7ce9d9d5-55aa-42be-bdfd-0dbf45b81808,31.994756,no,no,after_help
P09,with_tutor,T01,4630,2026-05-28T23:42:18.626329+00:00,1780011738.6232512,dcs_bios_raw,HUD_SYM_BRT,13775,14759,984,hud_symbology_brightness_knob,S08,,S08,,7ce9d9d5-55aa-42be-bdfd-0dbf45b81808,9af933fa-ba9c-4ef2-9d81-fa817330f9f9,7ce9d9d5-55aa-42be-bdfd-0dbf45b81808,32.035889,no,no,after_help
P09,with_tutor,T01,4631,2026-05-28T23:42:18.670038+00:00,1780011738.6633813,dcs_bios_raw,HUD_SYM_BRT,14759,15743,984,hud_symbology_brightness_knob,S08,,S08,,7ce9d9d5-55aa-42be-bdfd-0dbf45b81808,9af933fa-ba9c-4ef2-9d81-fa817330f9f9,7ce9d9d5-55aa-42be-bdfd-0dbf45b81808,32.076019,no,no,after_help
P09,with_tutor,T01,4644,2026-05-28T23:42:19.667972+00:00,1780011739.6649382,dcs_bios_raw,HUD_SYM_BRT,15743,16727,984,hud_symbology_brightness_knob,S08,,S08,,7ce9d9d5-55aa-42be-bdfd-0dbf45b81808,9af933fa-ba9c-4ef2-9d81-fa817330f9f9,7ce9d9d5-55aa-42be-bdfd-0dbf45b81808,33.077576,no,no,after_help
P09,with_tutor,T01,4645,2026-05-28T23:42:19.709523+00:00,1780011739.7064884,dcs_bios_raw,HUD_SYM_BRT,16727,17711,984,hud_symbology_brightness_knob,S08,,S08,,7ce9d9d5-55aa-42be-bdfd-0dbf45b81808,9af933fa-ba9c-4ef2-9d81-fa817330f9f9,7ce9d9d5-55aa-42be-bdfd-0dbf45b81808,33.119126,no,no,after_help
P09,with_tutor,T01,4651,2026-05-28T23:42:19.958770+00:00,1780011739.9557173,dcs_bios_raw,HUD_SYM_BRT,17711,19679,1968,hud_symbology_brightness_knob,S08,,S08,,7ce9d9d5-55aa-42be-bdfd-0dbf45b81808,9af933fa-ba9c-4ef2-9d81-fa817330f9f9,7ce9d9d5-55aa-42be-bdfd-0dbf45b81808,33.368355,no,no,after_help
P09,with_tutor,T01,4652,2026-05-28T23:42:20.000379+00:00,1780011739.9973545,dcs_bios_raw,HUD_SYM_BRT,19679,20663,984,hud_symbology_brightness_knob,S08,,S08,,7ce9d9d5-55aa-42be-bdfd-0dbf45b81808,9af933fa-ba9c-4ef2-9d81-fa817330f9f9,7ce9d9d5-55aa-42be-bdfd-0dbf45b81808,33.409992,no,no,after_help
P09,with_tutor,T01,4653,2026-05-28T23:42:20.042054+00:00,1780011740.0395002,dcs_bios_raw,HUD_SYM_BRT,20663,21647,984,hud_symbology_brightness_knob,S08,,S08,,7ce9d9d5-55aa-42be-bdfd-0dbf45b81808,9af933fa-ba9c-4ef2-9d81-fa817330f9f9,7ce9d9d5-55aa-42be-bdfd-0dbf45b81808,33.452138,no,no,after_help
P09,with_tutor,T01,4654,2026-05-28T23:42:20.251119+00:00,1780011740.2465377,dcs_bios_raw,HUD_SYM_BRT,21647,23615,1968,hud_symbology_brightness_knob,S08,,S08,,7ce9d9d5-55aa-42be-bdfd-0dbf45b81808,9af933fa-ba9c-4ef2-9d81-fa817330f9f9,7ce9d9d5-55aa-42be-bdfd-0dbf45b81808,33.659175,no,no,after_help
P09,with_tutor,T01,4657,2026-05-28T23:42:20.458146+00:00,1780011740.4566138,dcs_bios_raw,HUD_SYM_BRT,23615,24599,984,hud_symbology_brightness_knob,S08,,S08,,7ce9d9d5-55aa-42be-bdfd-0dbf45b81808,9af933fa-ba9c-4ef2-9d81-fa817330f9f9,7ce9d9d5-55aa-42be-bdfd-0dbf45b81808,33.869251,no,no,after_help
P09,with_tutor,T01,4658,2026-05-28T23:42:20.500371+00:00,1780011740.497312,dcs_bios_raw,HUD_SYM_BRT,24599,25583,984,hud_symbology_brightness_knob,S08,,S08,,7ce9d9d5-55aa-42be-bdfd-0dbf45b81808,9af933fa-ba9c-4ef2-9d81-fa817330f9f9,7ce9d9d5-55aa-42be-bdfd-0dbf45b81808,33.90995,no,no,after_help
P09,with_tutor,T01,4663,2026-05-28T23:42:20.711267+00:00,1780011740.7067099,dcs_bios_raw,HUD_SYM_BRT,25583,26567,984,hud_symbology_brightness_knob,S08,,S08,,7ce9d9d5-55aa-42be-bdfd-0dbf45b81808,9af933fa-ba9c-4ef2-9d81-fa817330f9f9,7ce9d9d5-55aa-42be-bdfd-0dbf45b81808,34.119348,no,no,after_help
P09,with_tutor,T01,4664,2026-05-28T23:42:20.751779+00:00,1780011740.747246,dcs_bios_raw,HUD_SYM_BRT,26567,27551,984,hud_symbology_brightness_knob,S08,,S08,,7ce9d9d5-55aa-42be-bdfd-0dbf45b81808,9af933fa-ba9c-4ef2-9d81-fa817330f9f9,7ce9d9d5-55aa-42be-bdfd-0dbf45b81808,34.159884,no,no,after_help
P09,with_tutor,T01,4665,2026-05-28T23:42:20.791870+00:00,1780011740.7903497,dcs_bios_raw,HUD_SYM_BRT,27551,28535,984,hud_symbology_brightness_knob,S08,,S08,,7ce9d9d5-55aa-42be-bdfd-0dbf45b81808,9af933fa-ba9c-4ef2-9d81-fa817330f9f9,7ce9d9d5-55aa-42be-bdfd-0dbf45b81808,34.202987,no,no,after_help
P09,with_tutor,T01,4667,2026-05-28T23:42:21.000525+00:00,1780011740.9979794,dcs_bios_raw,HUD_SYM_BRT,28535,29519,984,hud_symbology_brightness_knob,S08,,S08,,7ce9d9d5-55aa-42be-bdfd-0dbf45b81808,9af933fa-ba9c-4ef2-9d81-fa817330f9f9,7ce9d9d5-55aa-42be-bdfd-0dbf45b81808,34.410617,no,no,after_help
P09,with_tutor,T01,4668,2026-05-28T23:42:21.042144+00:00,1780011741.0395997,dcs_bios_raw,HUD_SYM_BRT,29519,30503,984,hud_symbology_brightness_knob,S08,,S08,,7ce9d9d5-55aa-42be-bdfd-0dbf45b81808,9af933fa-ba9c-4ef2-9d81-fa817330f9f9,7ce9d9d5-55aa-42be-bdfd-0dbf45b81808,34.452237,no,no,after_help
P09,with_tutor,T01,4671,2026-05-28T23:42:21.292757+00:00,1780011741.288187,dcs_bios_raw,HUD_SYM_BRT,30503,31487,984,hud_symbology_brightness_knob,S08,,S08,,7ce9d9d5-55aa-42be-bdfd-0dbf45b81808,9af933fa-ba9c-4ef2-9d81-fa817330f9f9,7ce9d9d5-55aa-42be-bdfd-0dbf45b81808,34.700825,no,no,after_help
P09,with_tutor,T01,4673,2026-05-28T23:42:21.377965+00:00,1780011741.373407,dcs_bios_raw,HUD_SYM_BRT,31487,32471,984,hud_symbology_brightness_knob,S08,,S08,,7ce9d9d5-55aa-42be-bdfd-0dbf45b81808,9af933fa-ba9c-4ef2-9d81-fa817330f9f9,7ce9d9d5-55aa-42be-bdfd-0dbf45b81808,34.786045,no,no,after_help
P09,with_tutor,T01,4684,2026-05-28T23:42:21.959147+00:00,1780011741.956092,dcs_bios_raw,HUD_SYM_BRT,32471,33455,984,hud_symbology_brightness_knob,S08,,S08,,7ce9d9d5-55aa-42be-bdfd-0dbf45b81808,9af933fa-ba9c-4ef2-9d81-fa817330f9f9,7ce9d9d5-55aa-42be-bdfd-0dbf45b81808,35.36873,no,no,after_help
P09,with_tutor,T01,4728,2026-05-28T23:42:25.084204+00:00,1780011745.0811625,dcs_bios_raw,AMPCD_BRT_CTL,,983,983,ampcd_off_brightness_knob,S08,,S08,,7ce9d9d5-55aa-42be-bdfd-0dbf45b81808,9af933fa-ba9c-4ef2-9d81-fa817330f9f9,7ce9d9d5-55aa-42be-bdfd-0dbf45b81808,38.4938,no,no,after_help
P09,with_tutor,T01,4730,2026-05-28T23:42:25.170556+00:00,1780011745.1649692,dcs_bios_raw,AMPCD_BRT_CTL,983,1967,984,ampcd_off_brightness_knob,S08,,S08,,7ce9d9d5-55aa-42be-bdfd-0dbf45b81808,9af933fa-ba9c-4ef2-9d81-fa817330f9f9,7ce9d9d5-55aa-42be-bdfd-0dbf45b81808,38.577607,no,no,after_help
P09,with_tutor,T01,4735,2026-05-28T23:42:25.375112+00:00,1780011745.3735762,dcs_bios_raw,AMPCD_BRT_CTL,1967,2951,984,ampcd_off_brightness_knob,S08,,S08,,7ce9d9d5-55aa-42be-bdfd-0dbf45b81808,9af933fa-ba9c-4ef2-9d81-fa817330f9f9,7ce9d9d5-55aa-42be-bdfd-0dbf45b81808,38.786214,no,no,after_help
P09,with_tutor,T01,4736,2026-05-28T23:42:25.417265+00:00,1780011745.4142213,dcs_bios_raw,AMPCD_BRT_CTL,2951,3935,984,ampcd_off_brightness_knob,S08,,S08,,7ce9d9d5-55aa-42be-bdfd-0dbf45b81808,9af933fa-ba9c-4ef2-9d81-fa817330f9f9,7ce9d9d5-55aa-42be-bdfd-0dbf45b81808,38.826859,no,no,after_help
P09,with_tutor,T01,4737,2026-05-28T23:42:25.461914+00:00,1780011745.4558609,dcs_bios_raw,AMPCD_BRT_CTL,3935,4919,984,ampcd_off_brightness_knob,S08,,S08,,7ce9d9d5-55aa-42be-bdfd-0dbf45b81808,9af933fa-ba9c-4ef2-9d81-fa817330f9f9,7ce9d9d5-55aa-42be-bdfd-0dbf45b81808,38.868499,no,no,after_help
P09,with_tutor,T01,4739,2026-05-28T23:42:25.666604+00:00,1780011745.6635451,dcs_bios_raw,AMPCD_BRT_CTL,4919,6887,1968,ampcd_off_brightness_knob,S08,,S08,,7ce9d9d5-55aa-42be-bdfd-0dbf45b81808,9af933fa-ba9c-4ef2-9d81-fa817330f9f9,7ce9d9d5-55aa-42be-bdfd-0dbf45b81808,39.076183,no,no,after_help
P09,with_tutor,T01,4741,2026-05-28T23:42:25.876603+00:00,1780011745.8735619,dcs_bios_raw,AMPCD_BRT_CTL,6887,7871,984,ampcd_off_brightness_knob,S08,,S08,,7ce9d9d5-55aa-42be-bdfd-0dbf45b81808,9af933fa-ba9c-4ef2-9d81-fa817330f9f9,7ce9d9d5-55aa-42be-bdfd-0dbf45b81808,39.2862,no,no,after_help
P09,with_tutor,T01,4742,2026-05-28T23:42:25.916725+00:00,1780011745.9151862,dcs_bios_raw,AMPCD_BRT_CTL,7871,8855,984,ampcd_off_brightness_knob,S08,,S08,,7ce9d9d5-55aa-42be-bdfd-0dbf45b81808,9af933fa-ba9c-4ef2-9d81-fa817330f9f9,7ce9d9d5-55aa-42be-bdfd-0dbf45b81808,39.327824,no,no,after_help
P09,with_tutor,T01,4748,2026-05-28T23:42:26.166425+00:00,1780011746.1633582,dcs_bios_raw,AMPCD_BRT_CTL,8855,6887,-1968,ampcd_off_brightness_knob,S08,,S08,,7ce9d9d5-55aa-42be-bdfd-0dbf45b81808,9af933fa-ba9c-4ef2-9d81-fa817330f9f9,7ce9d9d5-55aa-42be-bdfd-0dbf45b81808,39.575996,no,no,after_help
P09,with_tutor,T01,4749,2026-05-28T23:42:26.208049+00:00,1780011746.2049851,dcs_bios_raw,AMPCD_BRT_CTL,6887,3935,-2952,ampcd_off_brightness_knob,S08,,S08,,7ce9d9d5-55aa-42be-bdfd-0dbf45b81808,9af933fa-ba9c-4ef2-9d81-fa817330f9f9,7ce9d9d5-55aa-42be-bdfd-0dbf45b81808,39.617623,no,no,after_help
P09,with_tutor,T01,4750,2026-05-28T23:42:26.249687+00:00,1780011746.2481236,dcs_bios_raw,AMPCD_BRT_CTL,3935,2951,-984,ampcd_off_brightness_knob,S08,,S08,,7ce9d9d5-55aa-42be-bdfd-0dbf45b81808,9af933fa-ba9c-4ef2-9d81-fa817330f9f9,7ce9d9d5-55aa-42be-bdfd-0dbf45b81808,39.660761,no,no,after_help
P09,with_tutor,T01,4761,2026-05-28T23:42:27.125012+00:00,1780011747.1234796,dcs_bios_raw,AMPCD_BRT_CTL,2951,4919,1968,ampcd_off_brightness_knob,S08,,S08,,7ce9d9d5-55aa-42be-bdfd-0dbf45b81808,9af933fa-ba9c-4ef2-9d81-fa817330f9f9,7ce9d9d5-55aa-42be-bdfd-0dbf45b81808,40.536117,no,no,after_help
P09,with_tutor,T01,4762,2026-05-28T23:42:27.166569+00:00,1780011747.163525,dcs_bios_raw,AMPCD_BRT_CTL,4919,5903,984,ampcd_off_brightness_knob,S08,,S08,,7ce9d9d5-55aa-42be-bdfd-0dbf45b81808,9af933fa-ba9c-4ef2-9d81-fa817330f9f9,7ce9d9d5-55aa-42be-bdfd-0dbf45b81808,40.576163,no,no,after_help
P09,with_tutor,T01,4764,2026-05-28T23:42:27.335225+00:00,1780011747.3321555,dcs_bios_raw,AMPCD_BRT_CTL,5903,6887,984,ampcd_off_brightness_knob,S08,,S08,,7ce9d9d5-55aa-42be-bdfd-0dbf45b81808,9af933fa-ba9c-4ef2-9d81-fa817330f9f9,7ce9d9d5-55aa-42be-bdfd-0dbf45b81808,40.744793,no,no,after_help
P09,with_tutor,T01,4765,2026-05-28T23:42:27.375803+00:00,1780011747.3727763,dcs_bios_raw,AMPCD_BRT_CTL,6887,7871,984,ampcd_off_brightness_knob,S08,,S08,,7ce9d9d5-55aa-42be-bdfd-0dbf45b81808,9af933fa-ba9c-4ef2-9d81-fa817330f9f9,7ce9d9d5-55aa-42be-bdfd-0dbf45b81808,40.785414,no,no,after_help
P09,with_tutor,T01,4766,2026-05-28T23:42:27.417998+00:00,1780011747.4149523,dcs_bios_raw,AMPCD_BRT_CTL,7871,8855,984,ampcd_off_brightness_knob,S08,,S08,,7ce9d9d5-55aa-42be-bdfd-0dbf45b81808,9af933fa-ba9c-4ef2-9d81-fa817330f9f9,7ce9d9d5-55aa-42be-bdfd-0dbf45b81808,40.82759,no,no,after_help
P09,with_tutor,T01,4767,2026-05-28T23:42:27.628108+00:00,1780011747.6234765,dcs_bios_raw,AMPCD_BRT_CTL,8855,10823,1968,ampcd_off_brightness_knob,S08,,S08,,7ce9d9d5-55aa-42be-bdfd-0dbf45b81808,9af933fa-ba9c-4ef2-9d81-fa817330f9f9,7ce9d9d5-55aa-42be-bdfd-0dbf45b81808,41.036114,no,no,after_help
P09,with_tutor,T01,4768,2026-05-28T23:42:27.666680+00:00,1780011747.663648,dcs_bios_raw,AMPCD_BRT_CTL,10823,11807,984,ampcd_off_brightness_knob,S08,,S08,,7ce9d9d5-55aa-42be-bdfd-0dbf45b81808,9af933fa-ba9c-4ef2-9d81-fa817330f9f9,7ce9d9d5-55aa-42be-bdfd-0dbf45b81808,41.076286,no,no,after_help
P09,with_tutor,T01,4772,2026-05-28T23:42:27.836681+00:00,1780011747.8320906,dcs_bios_raw,AMPCD_BRT_CTL,11807,12791,984,ampcd_off_brightness_knob,S08,,S08,,7ce9d9d5-55aa-42be-bdfd-0dbf45b81808,9af933fa-ba9c-4ef2-9d81-fa817330f9f9,7ce9d9d5-55aa-42be-bdfd-0dbf45b81808,41.244728,no,no,after_help
P09,with_tutor,T01,4773,2026-05-28T23:42:27.877341+00:00,1780011747.8743043,dcs_bios_raw,AMPCD_BRT_CTL,12791,14759,1968,ampcd_off_brightness_knob,S08,,S08,,7ce9d9d5-55aa-42be-bdfd-0dbf45b81808,9af933fa-ba9c-4ef2-9d81-fa817330f9f9,7ce9d9d5-55aa-42be-bdfd-0dbf45b81808,41.286942,no,no,after_help
P09,with_tutor,T01,4778,2026-05-28T23:42:28.085028+00:00,1780011748.0819938,dcs_bios_raw,AMPCD_BRT_CTL,14759,15743,984,ampcd_off_brightness_knob,S08,,S08,,7ce9d9d5-55aa-42be-bdfd-0dbf45b81808,9af933fa-ba9c-4ef2-9d81-fa817330f9f9,7ce9d9d5-55aa-42be-bdfd-0dbf45b81808,41.494632,no,no,after_help
P09,with_tutor,T01,4779,2026-05-28T23:42:28.126635+00:00,1780011748.123594,dcs_bios_raw,AMPCD_BRT_CTL,15743,16727,984,ampcd_off_brightness_knob,S08,,S08,,7ce9d9d5-55aa-42be-bdfd-0dbf45b81808,9af933fa-ba9c-4ef2-9d81-fa817330f9f9,7ce9d9d5-55aa-42be-bdfd-0dbf45b81808,41.536232,no,no,after_help
P09,with_tutor,T01,4780,2026-05-28T23:42:28.166737+00:00,1780011748.1636946,dcs_bios_raw,AMPCD_BRT_CTL,16727,17711,984,ampcd_off_brightness_knob,S08,,S08,,7ce9d9d5-55aa-42be-bdfd-0dbf45b81808,9af933fa-ba9c-4ef2-9d81-fa817330f9f9,7ce9d9d5-55aa-42be-bdfd-0dbf45b81808,41.576332,no,no,after_help
P09,with_tutor,T01,4781,2026-05-28T23:42:28.292206+00:00,1780011748.289642,dcs_bios_raw,AMPCD_BRT_CTL,17711,18695,984,ampcd_off_brightness_knob,S08,,S08,,7ce9d9d5-55aa-42be-bdfd-0dbf45b81808,9af933fa-ba9c-4ef2-9d81-fa817330f9f9,7ce9d9d5-55aa-42be-bdfd-0dbf45b81808,41.70228,no,no,after_help
P09,with_tutor,T01,4782,2026-05-28T23:42:28.335827+00:00,1780011748.3312745,dcs_bios_raw,AMPCD_BRT_CTL,18695,20663,1968,ampcd_off_brightness_knob,S08,,S08,,7ce9d9d5-55aa-42be-bdfd-0dbf45b81808,9af933fa-ba9c-4ef2-9d81-fa817330f9f9,7ce9d9d5-55aa-42be-bdfd-0dbf45b81808,41.743912,no,no,after_help
P09,with_tutor,T01,4784,2026-05-28T23:42:28.543533+00:00,1780011748.5404892,dcs_bios_raw,AMPCD_BRT_CTL,20663,21647,984,ampcd_off_brightness_knob,S08,,S08,,7ce9d9d5-55aa-42be-bdfd-0dbf45b81808,9af933fa-ba9c-4ef2-9d81-fa817330f9f9,7ce9d9d5-55aa-42be-bdfd-0dbf45b81808,41.953127,no,no,after_help
P09,with_tutor,T01,4785,2026-05-28T23:42:28.585214+00:00,1780011748.5821776,dcs_bios_raw,AMPCD_BRT_CTL,21647,23615,1968,ampcd_off_brightness_knob,S08,,S08,,7ce9d9d5-55aa-42be-bdfd-0dbf45b81808,9af933fa-ba9c-4ef2-9d81-fa817330f9f9,7ce9d9d5-55aa-42be-bdfd-0dbf45b81808,41.994815,no,no,after_help
P09,with_tutor,T01,4789,2026-05-28T23:42:28.791979+00:00,1780011748.7899477,dcs_bios_raw,AMPCD_BRT_CTL,23615,25583,1968,ampcd_off_brightness_knob,S08,,S08,,7ce9d9d5-55aa-42be-bdfd-0dbf45b81808,9af933fa-ba9c-4ef2-9d81-fa817330f9f9,7ce9d9d5-55aa-42be-bdfd-0dbf45b81808,42.202585,no,no,after_help
P09,with_tutor,T01,4790,2026-05-28T23:42:28.835081+00:00,1780011748.8320396,dcs_bios_raw,AMPCD_BRT_CTL,25583,26567,984,ampcd_off_brightness_knob,S08,,S08,,7ce9d9d5-55aa-42be-bdfd-0dbf45b81808,9af933fa-ba9c-4ef2-9d81-fa817330f9f9,7ce9d9d5-55aa-42be-bdfd-0dbf45b81808,42.244677,no,no,after_help
P09,with_tutor,T01,4794,2026-05-28T23:42:29.000577+00:00,1780011748.9980326,dcs_bios_raw,AMPCD_BRT_CTL,26567,27551,984,ampcd_off_brightness_knob,S08,,S08,,7ce9d9d5-55aa-42be-bdfd-0dbf45b81808,9af933fa-ba9c-4ef2-9d81-fa817330f9f9,7ce9d9d5-55aa-42be-bdfd-0dbf45b81808,42.41067,no,no,after_help
P09,with_tutor,T01,4795,2026-05-28T23:42:29.042701+00:00,1780011749.0396461,dcs_bios_raw,AMPCD_BRT_CTL,27551,28535,984,ampcd_off_brightness_knob,S08,,S08,,7ce9d9d5-55aa-42be-bdfd-0dbf45b81808,9af933fa-ba9c-4ef2-9d81-fa817330f9f9,7ce9d9d5-55aa-42be-bdfd-0dbf45b81808,42.452284,no,no,after_help
P09,with_tutor,T01,4796,2026-05-28T23:42:29.084246+00:00,1780011749.0827246,dcs_bios_raw,AMPCD_BRT_CTL,28535,29519,984,ampcd_off_brightness_knob,S08,,S08,,7ce9d9d5-55aa-42be-bdfd-0dbf45b81808,9af933fa-ba9c-4ef2-9d81-fa817330f9f9,7ce9d9d5-55aa-42be-bdfd-0dbf45b81808,42.495362,no,no,after_help
P09,with_tutor,T01,4797,2026-05-28T23:42:29.250247+00:00,1780011749.2472022,dcs_bios_raw,AMPCD_BRT_CTL,29519,31487,1968,ampcd_off_brightness_knob,S08,,S08,,7ce9d9d5-55aa-42be-bdfd-0dbf45b81808,9af933fa-ba9c-4ef2-9d81-fa817330f9f9,7ce9d9d5-55aa-42be-bdfd-0dbf45b81808,42.65984,no,no,after_help
P09,with_tutor,T01,4798,2026-05-28T23:42:29.293396+00:00,1780011749.2898548,dcs_bios_raw,AMPCD_BRT_CTL,31487,32471,984,ampcd_off_brightness_knob,S08,,S08,,7ce9d9d5-55aa-42be-bdfd-0dbf45b81808,9af933fa-ba9c-4ef2-9d81-fa817330f9f9,7ce9d9d5-55aa-42be-bdfd-0dbf45b81808,42.702492,no,no,after_help
P09,with_tutor,T01,4801,2026-05-28T23:42:29.543647+00:00,1780011749.5406091,dcs_bios_raw,AMPCD_BRT_CTL,32471,33455,984,ampcd_off_brightness_knob,S08,,S08,,7ce9d9d5-55aa-42be-bdfd-0dbf45b81808,9af933fa-ba9c-4ef2-9d81-fa817330f9f9,7ce9d9d5-55aa-42be-bdfd-0dbf45b81808,42.953247,no,no,after_help
P09,with_tutor,T01,4802,2026-05-28T23:42:29.584310+00:00,1780011749.5812323,dcs_bios_raw,AMPCD_BRT_CTL,33455,34439,984,ampcd_off_brightness_knob,S08,,S08,,7ce9d9d5-55aa-42be-bdfd-0dbf45b81808,9af933fa-ba9c-4ef2-9d81-fa817330f9f9,7ce9d9d5-55aa-42be-bdfd-0dbf45b81808,42.99387,no,no,after_help
P09,with_tutor,T01,4803,2026-05-28T23:42:29.626397+00:00,1780011749.6233375,dcs_bios_raw,AMPCD_BRT_CTL,34439,35423,984,ampcd_off_brightness_knob,S08,,S08,,7ce9d9d5-55aa-42be-bdfd-0dbf45b81808,9af933fa-ba9c-4ef2-9d81-fa817330f9f9,7ce9d9d5-55aa-42be-bdfd-0dbf45b81808,43.035975,no,no,after_help
P09,with_tutor,T01,4809,2026-05-28T23:42:29.875139+00:00,1780011749.872046,dcs_bios_raw,AMPCD_BRT_CTL,35423,36407,984,ampcd_off_brightness_knob,S08,,S08,,7ce9d9d5-55aa-42be-bdfd-0dbf45b81808,9af933fa-ba9c-4ef2-9d81-fa817330f9f9,7ce9d9d5-55aa-42be-bdfd-0dbf45b81808,43.284684,no,no,after_help
P09,with_tutor,T01,4810,2026-05-28T23:42:29.917245+00:00,1780011749.914167,dcs_bios_raw,AMPCD_BRT_CTL,36407,37391,984,ampcd_off_brightness_knob,S08,,S08,,7ce9d9d5-55aa-42be-bdfd-0dbf45b81808,9af933fa-ba9c-4ef2-9d81-fa817330f9f9,7ce9d9d5-55aa-42be-bdfd-0dbf45b81808,43.326805,no,no,after_help
P09,with_tutor,T01,4811,2026-05-28T23:42:29.961949+00:00,1780011749.955865,dcs_bios_raw,AMPCD_BRT_CTL,37391,38375,984,ampcd_off_brightness_knob,S08,,S08,,7ce9d9d5-55aa-42be-bdfd-0dbf45b81808,9af933fa-ba9c-4ef2-9d81-fa817330f9f9,7ce9d9d5-55aa-42be-bdfd-0dbf45b81808,43.368503,no,no,after_help
P09,with_tutor,T01,4813,2026-05-28T23:42:30.166510+00:00,1780011750.1634693,dcs_bios_raw,AMPCD_BRT_CTL,38375,40343,1968,ampcd_off_brightness_knob,S08,,S08,,7ce9d9d5-55aa-42be-bdfd-0dbf45b81808,9af933fa-ba9c-4ef2-9d81-fa817330f9f9,7ce9d9d5-55aa-42be-bdfd-0dbf45b81808,43.576107,no,no,after_help
P09,with_tutor,T01,4814,2026-05-28T23:42:30.208118+00:00,1780011750.2050567,dcs_bios_raw,AMPCD_BRT_CTL,40343,41327,984,ampcd_off_brightness_knob,S08,,S08,,7ce9d9d5-55aa-42be-bdfd-0dbf45b81808,9af933fa-ba9c-4ef2-9d81-fa817330f9f9,7ce9d9d5-55aa-42be-bdfd-0dbf45b81808,43.617694,no,no,after_help
P09,with_tutor,T01,4816,2026-05-28T23:42:30.419708+00:00,1780011750.4151301,dcs_bios_raw,AMPCD_BRT_CTL,41327,42311,984,ampcd_off_brightness_knob,S08,,S08,,7ce9d9d5-55aa-42be-bdfd-0dbf45b81808,9af933fa-ba9c-4ef2-9d81-fa817330f9f9,7ce9d9d5-55aa-42be-bdfd-0dbf45b81808,43.827768,no,no,after_help
P09,with_tutor,T01,4817,2026-05-28T23:42:30.459800+00:00,1780011750.4557233,dcs_bios_raw,AMPCD_BRT_CTL,42311,43295,984,ampcd_off_brightness_knob,S08,,S08,,7ce9d9d5-55aa-42be-bdfd-0dbf45b81808,9af933fa-ba9c-4ef2-9d81-fa817330f9f9,7ce9d9d5-55aa-42be-bdfd-0dbf45b81808,43.868361,no,no,after_help
P09,with_tutor,T01,4818,2026-05-28T23:42:30.500439+00:00,1780011750.4974182,dcs_bios_raw,AMPCD_BRT_CTL,43295,44279,984,ampcd_off_brightness_knob,S08,,S08,,7ce9d9d5-55aa-42be-bdfd-0dbf45b81808,9af933fa-ba9c-4ef2-9d81-fa817330f9f9,7ce9d9d5-55aa-42be-bdfd-0dbf45b81808,43.910056,no,no,after_help
P09,with_tutor,T01,4831,2026-05-28T23:42:31.459908+00:00,1780011751.4558377,dcs_bios_raw,AMPCD_BRT_CTL,44279,45263,984,ampcd_off_brightness_knob,S08,,S08,,7ce9d9d5-55aa-42be-bdfd-0dbf45b81808,9af933fa-ba9c-4ef2-9d81-fa817330f9f9,7ce9d9d5-55aa-42be-bdfd-0dbf45b81808,44.868475,no,no,after_help
P09,with_tutor,T01,4832,2026-05-28T23:42:31.500468+00:00,1780011751.4979298,dcs_bios_raw,AMPCD_BRT_CTL,45263,46247,984,ampcd_off_brightness_knob,S08,,S08,,7ce9d9d5-55aa-42be-bdfd-0dbf45b81808,9af933fa-ba9c-4ef2-9d81-fa817330f9f9,7ce9d9d5-55aa-42be-bdfd-0dbf45b81808,44.910568,no,no,after_help
P09,with_tutor,T01,4833,2026-05-28T23:42:31.584219+00:00,1780011751.581184,dcs_bios_raw,AMPCD_BRT_CTL,46247,47231,984,ampcd_off_brightness_knob,S08,,S08,,7ce9d9d5-55aa-42be-bdfd-0dbf45b81808,9af933fa-ba9c-4ef2-9d81-fa817330f9f9,7ce9d9d5-55aa-42be-bdfd-0dbf45b81808,44.993822,no,no,after_help
P09,with_tutor,T01,4838,2026-05-28T23:42:31.836479+00:00,1780011751.8334465,dcs_bios_raw,AMPCD_BRT_CTL,47231,48215,984,ampcd_off_brightness_knob,S08,,S08,,7ce9d9d5-55aa-42be-bdfd-0dbf45b81808,9af933fa-ba9c-4ef2-9d81-fa817330f9f9,7ce9d9d5-55aa-42be-bdfd-0dbf45b81808,45.246084,no,no,after_help
P09,with_tutor,T01,4839,2026-05-28T23:42:31.878191+00:00,1780011751.8751552,dcs_bios_raw,AMPCD_BRT_CTL,48215,49199,984,ampcd_off_brightness_knob,S08,,S08,,7ce9d9d5-55aa-42be-bdfd-0dbf45b81808,9af933fa-ba9c-4ef2-9d81-fa817330f9f9,7ce9d9d5-55aa-42be-bdfd-0dbf45b81808,45.287793,no,no,after_help
P09,with_tutor,T01,4840,2026-05-28T23:42:31.918815+00:00,1780011751.91578,dcs_bios_raw,AMPCD_BRT_CTL,49199,50183,984,ampcd_off_brightness_knob,S08,,S08,,7ce9d9d5-55aa-42be-bdfd-0dbf45b81808,9af933fa-ba9c-4ef2-9d81-fa817330f9f9,7ce9d9d5-55aa-42be-bdfd-0dbf45b81808,45.328418,no,no,after_help
P09,with_tutor,T01,4842,2026-05-28T23:42:32.124858+00:00,1780011752.1233346,dcs_bios_raw,AMPCD_BRT_CTL,50183,51167,984,ampcd_off_brightness_knob,S08,,S08,,7ce9d9d5-55aa-42be-bdfd-0dbf45b81808,9af933fa-ba9c-4ef2-9d81-fa817330f9f9,7ce9d9d5-55aa-42be-bdfd-0dbf45b81808,45.535972,no,no,after_help
P09,with_tutor,T01,4843,2026-05-28T23:42:32.166521+00:00,1780011752.1634529,dcs_bios_raw,AMPCD_BRT_CTL,51167,52151,984,ampcd_off_brightness_knob,S08,,S08,,7ce9d9d5-55aa-42be-bdfd-0dbf45b81808,9af933fa-ba9c-4ef2-9d81-fa817330f9f9,7ce9d9d5-55aa-42be-bdfd-0dbf45b81808,45.576091,no,no,after_help
P09,with_tutor,T01,4852,2026-05-28T23:42:32.628029+00:00,1780011752.6234574,dcs_bios_raw,AMPCD_BRT_CTL,52151,53135,984,ampcd_off_brightness_knob,S08,,S08,,7ce9d9d5-55aa-42be-bdfd-0dbf45b81808,9af933fa-ba9c-4ef2-9d81-fa817330f9f9,7ce9d9d5-55aa-42be-bdfd-0dbf45b81808,46.036095,no,no,after_help
P09,with_tutor,T01,4855,2026-05-28T23:42:33.042830+00:00,1780011753.0397823,dcs_bios_raw,AMPCD_BRT_CTL,53135,54119,984,ampcd_off_brightness_knob,S08,,S08,,7ce9d9d5-55aa-42be-bdfd-0dbf45b81808,9af933fa-ba9c-4ef2-9d81-fa817330f9f9,7ce9d9d5-55aa-42be-bdfd-0dbf45b81808,46.45242,no,no,after_help
P09,with_tutor,T01,5197,2026-05-28T23:42:57.293441+00:00,1780011777.2893505,dcs_bios_raw,LEFT_DDI_PB_18,,1,1,left_mdi_pb18,S08;S15,,S08,,c442e726-fdf1-4877-9146-c71ac601694f,7ce9d9d5-55aa-42be-bdfd-0dbf45b81808,7ce9d9d5-55aa-42be-bdfd-0dbf45b81808,15.985784,no,no,after_help
P09,with_tutor,T01,5199,2026-05-28T23:42:57.382142+00:00,1780011777.3744726,dcs_bios_raw,LEFT_DDI_PB_18,1,0,-1,left_mdi_pb18,S08;S15,,S08,,c442e726-fdf1-4877-9146-c71ac601694f,7ce9d9d5-55aa-42be-bdfd-0dbf45b81808,7ce9d9d5-55aa-42be-bdfd-0dbf45b81808,16.070906,no,no,after_help
P09,with_tutor,T01,5288,2026-05-28T23:43:02.819791+00:00,1780011782.8167484,dcs_bios_raw,LEFT_DDI_PB_18,0,1,1,left_mdi_pb18,S08;S15,,S08,,c442e726-fdf1-4877-9146-c71ac601694f,7ce9d9d5-55aa-42be-bdfd-0dbf45b81808,c442e726-fdf1-4877-9146-c71ac601694f,21.513182,no,no,after_help
P09,with_tutor,T01,5290,2026-05-28T23:43:02.986683+00:00,1780011782.9836364,dcs_bios_raw,LEFT_DDI_PB_18,1,0,-1,left_mdi_pb18,S08;S15,,S08,,c442e726-fdf1-4877-9146-c71ac601694f,7ce9d9d5-55aa-42be-bdfd-0dbf45b81808,c442e726-fdf1-4877-9146-c71ac601694f,21.68007,no,no,after_help
P09,with_tutor,T01,5300,2026-05-28T23:43:03.751938+00:00,1780011783.7473943,dcs_bios_raw,LEFT_DDI_PB_18,0,1,1,left_mdi_pb18,S08;S15,,S08,,c442e726-fdf1-4877-9146-c71ac601694f,7ce9d9d5-55aa-42be-bdfd-0dbf45b81808,c442e726-fdf1-4877-9146-c71ac601694f,22.443828,no,no,after_help
P09,with_tutor,T01,5301,2026-05-28T23:43:03.837371+00:00,1780011783.8312786,dcs_bios_raw,LEFT_DDI_PB_18,1,0,-1,left_mdi_pb18,S08;S15,,S08,,c442e726-fdf1-4877-9146-c71ac601694f,7ce9d9d5-55aa-42be-bdfd-0dbf45b81808,c442e726-fdf1-4877-9146-c71ac601694f,22.527712,no,no,after_help
P09,with_tutor,T01,5337,2026-05-28T23:43:06.471863+00:00,1780011786.4688208,dcs_bios_raw,LEFT_DDI_PB_18,0,1,1,left_mdi_pb18,S08;S15,,S08,,c442e726-fdf1-4877-9146-c71ac601694f,7ce9d9d5-55aa-42be-bdfd-0dbf45b81808,c442e726-fdf1-4877-9146-c71ac601694f,25.165255,no,no,after_help
P09,with_tutor,T01,5338,2026-05-28T23:43:06.600656+00:00,1780011786.5950346,dcs_bios_raw,LEFT_DDI_PB_18,1,0,-1,left_mdi_pb18,S08;S15,,S08,,c442e726-fdf1-4877-9146-c71ac601694f,7ce9d9d5-55aa-42be-bdfd-0dbf45b81808,c442e726-fdf1-4877-9146-c71ac601694f,25.291468,no,no,after_help
P09,with_tutor,T01,5633,2026-05-28T23:43:27.793320+00:00,1780011807.788784,dcs_bios_raw,LEFT_DDI_PB_18,0,1,1,left_mdi_pb18,S08;S15,,S08,,0f2bdd7b-c4df-4967-85d2-0cf29f9e727e,c442e726-fdf1-4877-9146-c71ac601694f,c442e726-fdf1-4877-9146-c71ac601694f,9.429149,no,no,after_help
P09,with_tutor,T01,5635,2026-05-28T23:43:27.876635+00:00,1780011807.8720822,dcs_bios_raw,LEFT_DDI_PB_18,1,0,-1,left_mdi_pb18,S08;S15,,S08,,0f2bdd7b-c4df-4967-85d2-0cf29f9e727e,c442e726-fdf1-4877-9146-c71ac601694f,c442e726-fdf1-4877-9146-c71ac601694f,9.512447,no,no,after_help
P09,with_tutor,T01,5989,2026-05-28T23:43:53.387348+00:00,1780011833.3858185,dcs_bios_raw,LEFT_DDI_PB_15,,1,1,left_mdi_pb15,S08;S15,,S08,,e7800d20-dbb4-4a46-9a70-348f3c74cb78,0f2bdd7b-c4df-4967-85d2-0cf29f9e727e,0f2bdd7b-c4df-4967-85d2-0cf29f9e727e,9.900122,no,no,after_help
P09,with_tutor,T01,5990,2026-05-28T23:43:53.472633+00:00,1780011833.4680755,dcs_bios_raw,LEFT_DDI_PB_15,1,0,-1,left_mdi_pb15,S08;S15,,S08,,e7800d20-dbb4-4a46-9a70-348f3c74cb78,0f2bdd7b-c4df-4967-85d2-0cf29f9e727e,0f2bdd7b-c4df-4967-85d2-0cf29f9e727e,9.982379,no,no,after_help
P09,with_tutor,T01,6249,2026-05-28T23:44:11.750595+00:00,1780011851.7465045,dcs_bios_raw,UFC_COMM1_PULL,,1,1,ufc_comm1_channel_selector_pull,S09,,S09,,b0fb6392-6ce8-457d-b2b1-90049f7ccac6,e7800d20-dbb4-4a46-9a70-348f3c74cb78,e7800d20-dbb4-4a46-9a70-348f3c74cb78,8.087484,no,no,after_help
P09,with_tutor,T01,6256,2026-05-28T23:44:12.042064+00:00,1780011852.040034,dcs_bios_raw,UFC_COMM1_PULL,1,0,-1,ufc_comm1_channel_selector_pull,S09,,S09,,b0fb6392-6ce8-457d-b2b1-90049f7ccac6,e7800d20-dbb4-4a46-9a70-348f3c74cb78,e7800d20-dbb4-4a46-9a70-348f3c74cb78,8.381013,no,no,after_help
P09,with_tutor,T01,6369,2026-05-28T23:44:20.765129+00:00,1780011860.7620924,dcs_bios_raw,UFC_1,,1,1,ufc_key_1,S09,,S10,,b0fb6392-6ce8-457d-b2b1-90049f7ccac6,e7800d20-dbb4-4a46-9a70-348f3c74cb78,b0fb6392-6ce8-457d-b2b1-90049f7ccac6,17.103072,no,no,after_help
P09,with_tutor,T01,6370,2026-05-28T23:44:20.889923+00:00,1780011860.8863535,dcs_bios_raw,UFC_1,1,0,-1,ufc_key_1,S09,,S10,,b0fb6392-6ce8-457d-b2b1-90049f7ccac6,e7800d20-dbb4-4a46-9a70-348f3c74cb78,b0fb6392-6ce8-457d-b2b1-90049f7ccac6,17.227333,no,no,after_help
P09,with_tutor,T01,6384,2026-05-28T23:44:22.000574+00:00,1780011861.9980254,dcs_bios_raw,UFC_3,,1,1,ufc_key_3,S09,,S10,,b0fb6392-6ce8-457d-b2b1-90049f7ccac6,e7800d20-dbb4-4a46-9a70-348f3c74cb78,b0fb6392-6ce8-457d-b2b1-90049f7ccac6,18.339005,no,no,after_help
P09,with_tutor,T01,6387,2026-05-28T23:44:22.129497+00:00,1780011862.123417,dcs_bios_raw,UFC_3,1,0,-1,ufc_key_3,S09,,S10,,b0fb6392-6ce8-457d-b2b1-90049f7ccac6,e7800d20-dbb4-4a46-9a70-348f3c74cb78,b0fb6392-6ce8-457d-b2b1-90049f7ccac6,18.464396,no,no,after_help
P09,with_tutor,T01,6404,2026-05-28T23:44:23.279534+00:00,1780011863.2764895,dcs_bios_raw,UFC_4,,1,1,ufc_key_4,S09,,S10,,b0fb6392-6ce8-457d-b2b1-90049f7ccac6,e7800d20-dbb4-4a46-9a70-348f3c74cb78,b0fb6392-6ce8-457d-b2b1-90049f7ccac6,19.617469,no,no,after_help
P09,with_tutor,T01,6407,2026-05-28T23:44:23.403345+00:00,1780011863.4003127,dcs_bios_raw,UFC_4,1,0,-1,ufc_key_4,S09,,S10,,b0fb6392-6ce8-457d-b2b1-90049f7ccac6,e7800d20-dbb4-4a46-9a70-348f3c74cb78,b0fb6392-6ce8-457d-b2b1-90049f7ccac6,19.741292,no,no,after_help
P09,with_tutor,T01,6421,2026-05-28T23:44:24.612017+00:00,1780011864.609468,dcs_bios_raw,UFC_0,,1,1,ufc_key_0,S09,,S10,,b0fb6392-6ce8-457d-b2b1-90049f7ccac6,e7800d20-dbb4-4a46-9a70-348f3c74cb78,b0fb6392-6ce8-457d-b2b1-90049f7ccac6,20.950447,no,no,after_help
P09,with_tutor,T01,6423,2026-05-28T23:44:24.737326+00:00,1780011864.734293,dcs_bios_raw,UFC_0,1,0,-1,ufc_key_0,S09,,S10,,b0fb6392-6ce8-457d-b2b1-90049f7ccac6,e7800d20-dbb4-4a46-9a70-348f3c74cb78,b0fb6392-6ce8-457d-b2b1-90049f7ccac6,21.075272,no,no,after_help
P09,with_tutor,T01,6427,2026-05-28T23:44:24.973394+00:00,1780011864.9703624,dcs_bios_raw,UFC_0,0,1,1,ufc_key_0,S09,,S10,,b0fb6392-6ce8-457d-b2b1-90049f7ccac6,e7800d20-dbb4-4a46-9a70-348f3c74cb78,b0fb6392-6ce8-457d-b2b1-90049f7ccac6,21.311342,no,no,after_help
P09,with_tutor,T01,6430,2026-05-28T23:44:25.097276+00:00,1780011865.0957518,dcs_bios_raw,UFC_0,1,0,-1,ufc_key_0,S09,,S10,,b0fb6392-6ce8-457d-b2b1-90049f7ccac6,e7800d20-dbb4-4a46-9a70-348f3c74cb78,b0fb6392-6ce8-457d-b2b1-90049f7ccac6,21.436731,no,no,after_help
P09,with_tutor,T01,6435,2026-05-28T23:44:25.389485+00:00,1780011865.386442,dcs_bios_raw,UFC_0,0,1,1,ufc_key_0,S09,,S10,,b0fb6392-6ce8-457d-b2b1-90049f7ccac6,e7800d20-dbb4-4a46-9a70-348f3c74cb78,b0fb6392-6ce8-457d-b2b1-90049f7ccac6,21.727421,no,no,after_help
P09,with_tutor,T01,6436,2026-05-28T23:44:25.514353+00:00,1780011865.5113049,dcs_bios_raw,UFC_0,1,0,-1,ufc_key_0,S09,,S10,,b0fb6392-6ce8-457d-b2b1-90049f7ccac6,e7800d20-dbb4-4a46-9a70-348f3c74cb78,b0fb6392-6ce8-457d-b2b1-90049f7ccac6,21.852284,no,no,after_help
P09,with_tutor,T01,6453,2026-05-28T23:44:26.835015+00:00,1780011866.8319633,dcs_bios_raw,UFC_ENT,,1,1,ufc_ent_button,S09,,S10,,b0fb6392-6ce8-457d-b2b1-90049f7ccac6,e7800d20-dbb4-4a46-9a70-348f3c74cb78,b0fb6392-6ce8-457d-b2b1-90049f7ccac6,23.172943,no,no,after_help
P09,with_tutor,T01,6454,2026-05-28T23:44:26.879694+00:00,1780011866.8736184,dcs_bios_raw,COMM1_FREQ,,13400,13400,ufc_comm1_channel_selector_rotate;ufc_comm1_channel_selector_pull,S09,,S10,,b0fb6392-6ce8-457d-b2b1-90049f7ccac6,e7800d20-dbb4-4a46-9a70-348f3c74cb78,b0fb6392-6ce8-457d-b2b1-90049f7ccac6,23.214598,no,no,after_help
P09,with_tutor,T01,6456,2026-05-28T23:44:26.961916+00:00,1780011866.9573402,dcs_bios_raw,UFC_ENT,1,0,-1,ufc_ent_button,S09,,S10,,b0fb6392-6ce8-457d-b2b1-90049f7ccac6,e7800d20-dbb4-4a46-9a70-348f3c74cb78,b0fb6392-6ce8-457d-b2b1-90049f7ccac6,23.29832,no,no,after_help
P09,with_tutor,T01,6717,2026-05-28T23:44:45.405098+00:00,1780011885.4005044,dcs_bios_raw,ENGINE_CRANK_SW,1,0,-1,eng_crank_switch,S04;S10,,S10,,08b168a2-7f55-4513-9948-7f8a28623615,b0fb6392-6ce8-457d-b2b1-90049f7ccac6,b0fb6392-6ce8-457d-b2b1-90049f7ccac6,14.200083,no,no,after_help
P09,with_tutor,T01,7454,2026-05-28T23:45:19.974162+00:00,1780011919.971107,dcs_bios_raw,INT_THROTTLE_LEFT,0,235,235,throttle_quadrant_reference,,,S12,,d2647c7c-284f-410b-b6a0-fe1ca7cea1d5,08b168a2-7f55-4513-9948-7f8a28623615,d2647c7c-284f-410b-b6a0-fe1ca7cea1d5,19.786796,no,no,mapped_target_without_candidate_step;after_help
P09,with_tutor,T01,7455,2026-05-28T23:45:20.015826+00:00,1780011920.0127618,dcs_bios_raw,INT_THROTTLE_LEFT,235,786,551,throttle_quadrant_reference,,,S12,,d2647c7c-284f-410b-b6a0-fe1ca7cea1d5,08b168a2-7f55-4513-9948-7f8a28623615,d2647c7c-284f-410b-b6a0-fe1ca7cea1d5,19.828451,no,no,mapped_target_without_candidate_step;after_help
P09,with_tutor,T01,7456,2026-05-28T23:45:20.057996+00:00,1780011920.0549605,dcs_bios_raw,INT_THROTTLE_LEFT,786,1336,550,throttle_quadrant_reference,,,S12,,d2647c7c-284f-410b-b6a0-fe1ca7cea1d5,08b168a2-7f55-4513-9948-7f8a28623615,d2647c7c-284f-410b-b6a0-fe1ca7cea1d5,19.870649,no,no,mapped_target_without_candidate_step;after_help
P09,with_tutor,T01,7457,2026-05-28T23:45:20.102666+00:00,1780011920.0965772,dcs_bios_raw,INT_THROTTLE_LEFT,1336,1887,551,throttle_quadrant_reference,,,S12,,d2647c7c-284f-410b-b6a0-fe1ca7cea1d5,08b168a2-7f55-4513-9948-7f8a28623615,d2647c7c-284f-410b-b6a0-fe1ca7cea1d5,19.912266,no,no,mapped_target_without_candidate_step;after_help
P09,with_tutor,T01,7458,2026-05-28T23:45:20.144753+00:00,1780011920.137652,dcs_bios_raw,INT_THROTTLE_LEFT,1887,2437,550,throttle_quadrant_reference,,,S12,,d2647c7c-284f-410b-b6a0-fe1ca7cea1d5,08b168a2-7f55-4513-9948-7f8a28623615,d2647c7c-284f-410b-b6a0-fe1ca7cea1d5,19.953341,no,no,mapped_target_without_candidate_step;after_help
P09,with_tutor,T01,7459,2026-05-28T23:45:20.181860+00:00,1780011920.1798441,dcs_bios_raw,INT_THROTTLE_LEFT,2437,2988,551,throttle_quadrant_reference,,,S12,,d2647c7c-284f-410b-b6a0-fe1ca7cea1d5,08b168a2-7f55-4513-9948-7f8a28623615,d2647c7c-284f-410b-b6a0-fe1ca7cea1d5,19.995533,no,no,mapped_target_without_candidate_step;after_help
P09,with_tutor,T01,7460,2026-05-28T23:45:20.226626+00:00,1780011920.2205606,dcs_bios_raw,INT_THROTTLE_LEFT,2988,3460,472,throttle_quadrant_reference,,,S12,,d2647c7c-284f-410b-b6a0-fe1ca7cea1d5,08b168a2-7f55-4513-9948-7f8a28623615,d2647c7c-284f-410b-b6a0-fe1ca7cea1d5,20.036249,no,no,mapped_target_without_candidate_step;after_help
P09,with_tutor,T01,7461,2026-05-28T23:45:20.265183+00:00,1780011920.2621455,dcs_bios_raw,INT_THROTTLE_LEFT,3460,4010,550,throttle_quadrant_reference,,,S12,,d2647c7c-284f-410b-b6a0-fe1ca7cea1d5,08b168a2-7f55-4513-9948-7f8a28623615,d2647c7c-284f-410b-b6a0-fe1ca7cea1d5,20.077834,no,no,mapped_target_without_candidate_step;after_help
P09,with_tutor,T01,7462,2026-05-28T23:45:20.305758+00:00,1780011920.304239,dcs_bios_raw,INT_THROTTLE_LEFT,4010,4561,551,throttle_quadrant_reference,,,S12,,d2647c7c-284f-410b-b6a0-fe1ca7cea1d5,08b168a2-7f55-4513-9948-7f8a28623615,d2647c7c-284f-410b-b6a0-fe1ca7cea1d5,20.119928,no,no,mapped_target_without_candidate_step;after_help
P09,with_tutor,T01,7463,2026-05-28T23:45:20.350492+00:00,1780011920.346435,dcs_bios_raw,INT_THROTTLE_LEFT,4561,5111,550,throttle_quadrant_reference,,,S12,,d2647c7c-284f-410b-b6a0-fe1ca7cea1d5,08b168a2-7f55-4513-9948-7f8a28623615,d2647c7c-284f-410b-b6a0-fe1ca7cea1d5,20.162124,no,no,mapped_target_without_candidate_step;after_help
P09,with_tutor,T01,7464,2026-05-28T23:45:20.393649+00:00,1780011920.3865623,dcs_bios_raw,INT_THROTTLE_LEFT,5111,5740,629,throttle_quadrant_reference,,,S12,,d2647c7c-284f-410b-b6a0-fe1ca7cea1d5,08b168a2-7f55-4513-9948-7f8a28623615,d2647c7c-284f-410b-b6a0-fe1ca7cea1d5,20.202251,no,no,mapped_target_without_candidate_step;after_help
P09,with_tutor,T01,7465,2026-05-28T23:45:20.431257+00:00,1780011920.428217,dcs_bios_raw,INT_THROTTLE_LEFT,5740,6212,472,throttle_quadrant_reference,,,S12,,d2647c7c-284f-410b-b6a0-fe1ca7cea1d5,08b168a2-7f55-4513-9948-7f8a28623615,d2647c7c-284f-410b-b6a0-fe1ca7cea1d5,20.243906,no,no,mapped_target_without_candidate_step;after_help
P09,with_tutor,T01,7466,2026-05-28T23:45:20.471836+00:00,1780011920.4698176,dcs_bios_raw,INT_THROTTLE_LEFT,6212,6553,341,throttle_quadrant_reference,,,S12,,d2647c7c-284f-410b-b6a0-fe1ca7cea1d5,08b168a2-7f55-4513-9948-7f8a28623615,d2647c7c-284f-410b-b6a0-fe1ca7cea1d5,20.285506,no,no,mapped_target_without_candidate_step;after_help
P09,with_tutor,T01,7705,2026-05-28T23:45:30.193718+00:00,1780011930.192184,dcs_bios_raw,VSI,32767,32766,-1,,,,S12,,d2647c7c-284f-410b-b6a0-fe1ca7cea1d5,08b168a2-7f55-4513-9948-7f8a28623615,d2647c7c-284f-410b-b6a0-fe1ca7cea1d5,30.007873,no,no,unmapped_raw_key;after_help
P09,with_tutor,T01,7745,2026-05-28T23:45:31.850565+00:00,1780011931.8459682,dcs_bios_raw,VSI,32766,32765,-1,,,,S12,,d2647c7c-284f-410b-b6a0-fe1ca7cea1d5,08b168a2-7f55-4513-9948-7f8a28623615,d2647c7c-284f-410b-b6a0-fe1ca7cea1d5,31.661657,no,no,unmapped_raw_key;after_help
P09,with_tutor,T01,7748,2026-05-28T23:45:31.972636+00:00,1780011931.969578,dcs_bios_raw,ENGINE_CRANK_SW,0,1,1,eng_crank_switch,S04;S10,,S12,,d2647c7c-284f-410b-b6a0-fe1ca7cea1d5,08b168a2-7f55-4513-9948-7f8a28623615,d2647c7c-284f-410b-b6a0-fe1ca7cea1d5,31.785267,no,no,after_help
P09,with_tutor,T01,7771,2026-05-28T23:45:32.918918+00:00,1780011932.915865,dcs_bios_raw,VSI,32765,32766,1,,,,S12,,d2647c7c-284f-410b-b6a0-fe1ca7cea1d5,08b168a2-7f55-4513-9948-7f8a28623615,d2647c7c-284f-410b-b6a0-fe1ca7cea1d5,32.731554,no,no,unmapped_raw_key;after_help
P09,with_tutor,T01,7791,2026-05-28T23:45:33.751413+00:00,1780011933.7483363,dcs_bios_raw,VSI,32766,32767,1,,,,S12,,d2647c7c-284f-410b-b6a0-fe1ca7cea1d5,08b168a2-7f55-4513-9948-7f8a28623615,d2647c7c-284f-410b-b6a0-fe1ca7cea1d5,33.564025,no,no,unmapped_raw_key;after_help
P09,with_tutor,T01,8093,2026-05-28T23:45:48.668794+00:00,1780011948.6657605,dcs_bios_raw,INS_SW,,7,7,ins_mode_knob,S12,,S12,,5ecbf5e4-ce3b-4129-a556-425e5ac5e768,d2647c7c-284f-410b-b6a0-fe1ca7cea1d5,d2647c7c-284f-410b-b6a0-fe1ca7cea1d5,9.037544,no,no,after_help
P09,with_tutor,T01,8111,2026-05-28T23:45:49.421850+00:00,1780011949.418828,dcs_bios_raw,INS_SW,7,6,-1,ins_mode_knob,S12,,S12,,5ecbf5e4-ce3b-4129-a556-425e5ac5e768,d2647c7c-284f-410b-b6a0-fe1ca7cea1d5,d2647c7c-284f-410b-b6a0-fe1ca7cea1d5,9.790612,no,no,after_help
P09,with_tutor,T01,8117,2026-05-28T23:45:49.669825+00:00,1780011949.6657665,dcs_bios_raw,INS_SW,6,5,-1,ins_mode_knob,S12,,S12,,5ecbf5e4-ce3b-4129-a556-425e5ac5e768,d2647c7c-284f-410b-b6a0-fe1ca7cea1d5,d2647c7c-284f-410b-b6a0-fe1ca7cea1d5,10.03755,no,no,after_help
P09,with_tutor,T01,8121,2026-05-28T23:45:49.837261+00:00,1780011949.834232,dcs_bios_raw,INS_SW,5,4,-1,ins_mode_knob,S12,,S12,,5ecbf5e4-ce3b-4129-a556-425e5ac5e768,d2647c7c-284f-410b-b6a0-fe1ca7cea1d5,d2647c7c-284f-410b-b6a0-fe1ca7cea1d5,10.206016,no,no,after_help
P09,with_tutor,T01,8122,2026-05-28T23:45:50.003393+00:00,1780011950.0003603,dcs_bios_raw,INS_SW,4,3,-1,ins_mode_knob,S12,,S12,,5ecbf5e4-ce3b-4129-a556-425e5ac5e768,d2647c7c-284f-410b-b6a0-fe1ca7cea1d5,d2647c7c-284f-410b-b6a0-fe1ca7cea1d5,10.372144,no,no,after_help
P09,with_tutor,T01,8126,2026-05-28T23:45:50.210380+00:00,1780011950.2088761,dcs_bios_raw,INS_SW,3,2,-1,ins_mode_knob,S12,,S12,,5ecbf5e4-ce3b-4129-a556-425e5ac5e768,d2647c7c-284f-410b-b6a0-fe1ca7cea1d5,d2647c7c-284f-410b-b6a0-fe1ca7cea1d5,10.58066,no,no,after_help
P09,with_tutor,T01,8290,2026-05-28T23:46:02.990085+00:00,1780011962.9864922,dcs_bios_raw,HIDE_STICK_TOGGLE,,1,1,,,,S12,,5ecbf5e4-ce3b-4129-a556-425e5ac5e768,d2647c7c-284f-410b-b6a0-fe1ca7cea1d5,5ecbf5e4-ce3b-4129-a556-425e5ac5e768,23.358276,no,no,unmapped_raw_key;after_help
P09,with_tutor,T01,8551,2026-05-28T23:46:21.657949+00:00,1780011981.6533961,dcs_bios_raw,AMPCD_PB_19,,1,1,ampcd_pb19,S12,,S13,,ea5391c4-b248-4686-aae3-5363016bfc84,5ecbf5e4-ce3b-4129-a556-425e5ac5e768,ea5391c4-b248-4686-aae3-5363016bfc84,17.146222,no,no,after_help
P09,with_tutor,T01,8552,2026-05-28T23:46:21.780337+00:00,1780011981.7773116,dcs_bios_raw,AMPCD_PB_19,1,0,-1,ampcd_pb19,S12,,S13,,ea5391c4-b248-4686-aae3-5363016bfc84,5ecbf5e4-ce3b-4129-a556-425e5ac5e768,ea5391c4-b248-4686-aae3-5363016bfc84,17.270137,no,no,after_help
P09,with_tutor,T01,8695,2026-05-28T23:46:31.904883+00:00,1780011991.9018142,dcs_bios_raw,APU_CONTROL_SW,1,0,-1,apu_switch,S03,,S13,,32b17a93-7a7f-46cf-bce8-68e09c127048,ea5391c4-b248-4686-aae3-5363016bfc84,ea5391c4-b248-4686-aae3-5363016bfc84,6.146964,no,no,after_help
P09,with_tutor,T01,8754,2026-05-28T23:46:36.198220+00:00,1780011996.1951706,dcs_bios_raw,RADAR_SW,,1,1,radar_mode_knob,S13,,S14,,32b17a93-7a7f-46cf-bce8-68e09c127048,ea5391c4-b248-4686-aae3-5363016bfc84,32b17a93-7a7f-46cf-bce8-68e09c127048,10.440321,no,no,after_help
P09,with_tutor,T01,8771,2026-05-28T23:46:36.909684+00:00,1780011996.903618,dcs_bios_raw,RADAR_SW,1,2,1,radar_mode_knob,S13,,S14,,32b17a93-7a7f-46cf-bce8-68e09c127048,ea5391c4-b248-4686-aae3-5363016bfc84,32b17a93-7a7f-46cf-bce8-68e09c127048,11.148768,no,no,after_help
P09,with_tutor,T01,9002,2026-05-28T23:46:53.349660+00:00,1780012013.3451035,dcs_bios_raw,OBOGS_SW,,1,1,obogs_control_switch,S14,,S15,,05a39e6b-267e-4400-a7c6-943eab0e24a6,32b17a93-7a7f-46cf-bce8-68e09c127048,05a39e6b-267e-4400-a7c6-943eab0e24a6,13.443133,no,no,after_help
P09,with_tutor,T01,9226,2026-05-28T23:47:07.252017+00:00,1780012027.247922,dcs_bios_raw,FCS_RESET_BTN,,1,1,fcs_reset_button,S15,,S16,,dea17dd3-8cf8-412f-9c4e-22f1c1d3087a,05a39e6b-267e-4400-a7c6-943eab0e24a6,dea17dd3-8cf8-412f-9c4e-22f1c1d3087a,9.641271,no,no,after_help
P09,with_tutor,T01,9228,2026-05-28T23:47:07.336413+00:00,1780012027.331822,dcs_bios_raw,FCS_RESET_BTN,1,0,-1,fcs_reset_button,S15,,S16,,dea17dd3-8cf8-412f-9c4e-22f1c1d3087a,05a39e6b-267e-4400-a7c6-943eab0e24a6,dea17dd3-8cf8-412f-9c4e-22f1c1d3087a,9.725171,no,no,after_help
P09,with_tutor,T01,9427,2026-05-28T23:47:22.044853+00:00,1780012042.0417917,dcs_bios_raw,FLAP_SW,,1,1,flap_switch,S16;S27,,S17,,5d9762f2-0939-4a57-a38f-1b89ca80a42a,dea17dd3-8cf8-412f-9c4e-22f1c1d3087a,5d9762f2-0939-4a57-a38f-1b89ca80a42a,11.465184,no,no,after_help
P09,with_tutor,T01,9438,2026-05-28T23:47:22.586728+00:00,1780012042.583641,dcs_bios_raw,FLAP_SW,1,2,1,flap_switch,S16;S27,,S17,,5d9762f2-0939-4a57-a38f-1b89ca80a42a,dea17dd3-8cf8-412f-9c4e-22f1c1d3087a,5d9762f2-0939-4a57-a38f-1b89ca80a42a,12.007034,no,no,after_help
P09,with_tutor,T01,9654,2026-05-28T23:47:37.353336+00:00,1780012057.3457167,dcs_bios_raw,TO_TRIM_BTN,,1,1,takeoff_trim_button,S17,,S18,,027205b5-3c3c-4f3f-b076-aebc0ca7af21,5d9762f2-0939-4a57-a38f-1b89ca80a42a,027205b5-3c3c-4f3f-b076-aebc0ca7af21,11.941401,no,no,after_help
P09,with_tutor,T01,9657,2026-05-28T23:47:37.478337+00:00,1780012057.470691,dcs_bios_raw,TO_TRIM_BTN,1,0,-1,takeoff_trim_button,S17,,S18,,027205b5-3c3c-4f3f-b076-aebc0ca7af21,5d9762f2-0939-4a57-a38f-1b89ca80a42a,027205b5-3c3c-4f3f-b076-aebc0ca7af21,12.066376,no,no,after_help
P09,with_tutor,T01,9947,2026-05-28T23:47:57.448097+00:00,1780012077.443497,dcs_bios_raw,RIGHT_DDI_PB_05,,1,1,right_mdi_pb5,S08;S18;S19,,S19,,9d1f331b-9ac8-413c-b9fe-abc4d1355ffb,027205b5-3c3c-4f3f-b076-aebc0ca7af21,9d1f331b-9ac8-413c-b9fe-abc4d1355ffb,9.443787,no,no,after_help
P09,with_tutor,T01,9948,2026-05-28T23:47:57.530369+00:00,1780012077.527345,dcs_bios_raw,RIGHT_DDI_PB_05,1,0,-1,right_mdi_pb5,S08;S18;S19,,S19,,9d1f331b-9ac8-413c-b9fe-abc4d1355ffb,027205b5-3c3c-4f3f-b076-aebc0ca7af21,9d1f331b-9ac8-413c-b9fe-abc4d1355ffb,9.527635,no,no,after_help
P09,with_tutor,T01,10618,2026-05-28T23:48:45.239660+00:00,1780012125.2365742,dcs_bios_raw,RIGHT_DDI_PB_05,0,1,1,right_mdi_pb5,S08;S18;S19,,S19,,855a429a-3f4f-454e-9472-e3a77470284f,92555468-3d6b-4c73-accd-9794f14592fe,92555468-3d6b-4c73-accd-9794f14592fe,9.465333,no,no,after_help
P09,with_tutor,T01,10671,2026-05-28T23:48:49.225126+00:00,1780012129.2235906,dcs_bios_raw,RIGHT_DDI_PB_05,1,0,-1,right_mdi_pb5,S08;S18;S19,,S19,,855a429a-3f4f-454e-9472-e3a77470284f,92555468-3d6b-4c73-accd-9794f14592fe,92555468-3d6b-4c73-accd-9794f14592fe,13.45235,no,no,after_help
P09,with_tutor,T01,10731,2026-05-28T23:48:52.933630+00:00,1780012132.932094,dcs_bios_raw,FCS_BIT_SW,,1,1,fcs_bit_switch,S19,,S19,,855a429a-3f4f-454e-9472-e3a77470284f,92555468-3d6b-4c73-accd-9794f14592fe,855a429a-3f4f-454e-9472-e3a77470284f,17.160853,no,no,after_help
P09,with_tutor,T01,10759,2026-05-28T23:48:54.102859+00:00,1780012134.0982666,dcs_bios_raw,RIGHT_DDI_PB_05,0,1,1,right_mdi_pb5,S08;S18;S19,,S19,,855a429a-3f4f-454e-9472-e3a77470284f,92555468-3d6b-4c73-accd-9794f14592fe,855a429a-3f4f-454e-9472-e3a77470284f,18.327026,no,no,after_help
P09,with_tutor,T01,10761,2026-05-28T23:48:54.185274+00:00,1780012134.1811764,dcs_bios_raw,RIGHT_DDI_PB_05,1,0,-1,right_mdi_pb5,S08;S18;S19,,S19,,855a429a-3f4f-454e-9472-e3a77470284f,92555468-3d6b-4c73-accd-9794f14592fe,855a429a-3f4f-454e-9472-e3a77470284f,18.409936,no,no,after_help
P09,with_tutor,T01,10807,2026-05-28T23:48:56.766592+00:00,1780012136.7635474,dcs_bios_raw,FCS_BIT_SW,1,0,-1,fcs_bit_switch,S19,,S19,,855a429a-3f4f-454e-9472-e3a77470284f,92555468-3d6b-4c73-accd-9794f14592fe,855a429a-3f4f-454e-9472-e3a77470284f,20.992307,no,no,after_help
P09,with_tutor,T01,11604,2026-05-28T23:49:48.298084+00:00,1780012188.2950428,dcs_bios_raw,PROBE_SW,,2,2,refuel_probe_switch,S20;S21,,S20,,8ee0f7ea-0ea1-43b3-ba07-3769cb8f12c2,76083a17-6fc4-43bf-8d2b-6998fa03442e,8ee0f7ea-0ea1-43b3-ba07-3769cb8f12c2,15.920175,no,no,after_help
P09,with_tutor,T01,12342,2026-05-28T23:50:37.655685+00:00,1780012237.649578,dcs_bios_raw,PROBE_SW,2,1,-1,refuel_probe_switch,S20;S21,,S20,,675b8517-5874-4532-bcdd-f94d223d7031,f1c708d6-1d0e-48a8-a8f2-f133693452fa,675b8517-5874-4532-bcdd-f94d223d7031,9.2859,no,no,after_help
P09,with_tutor,T01,12585,2026-05-28T23:50:50.308094+00:00,1780012250.30505,dcs_bios_raw,PROBE_SW,1,0,-1,refuel_probe_switch,S20;S21,,S21,,ef544d2c-7231-4816-b4ee-fd639359fa0b,675b8517-5874-4532-bcdd-f94d223d7031,ef544d2c-7231-4816-b4ee-fd639359fa0b,9.564569,no,no,after_help
P09,with_tutor,T01,12617,2026-05-28T23:50:51.641995+00:00,1780012251.6378996,dcs_bios_raw,PROBE_SW,0,1,1,refuel_probe_switch,S20;S21,,S21,,ef544d2c-7231-4816-b4ee-fd639359fa0b,675b8517-5874-4532-bcdd-f94d223d7031,ef544d2c-7231-4816-b4ee-fd639359fa0b,10.897419,no,no,after_help
P09,with_tutor,T01,12631,2026-05-28T23:50:52.350572+00:00,1780012252.3480277,dcs_bios_raw,PROBE_SW,1,2,1,refuel_probe_switch,S20;S21,,S21,,ef544d2c-7231-4816-b4ee-fd639359fa0b,675b8517-5874-4532-bcdd-f94d223d7031,ef544d2c-7231-4816-b4ee-fd639359fa0b,11.607547,no,no,after_help
P09,with_tutor,T01,13031,2026-05-28T23:51:18.310300+00:00,1780012278.3072758,dcs_bios_raw,PROBE_SW,2,1,-1,refuel_probe_switch,S20;S21,,S22,,f3628b33-c3ad-4967-9364-1781bb90e4d0,ae40c640-663b-45b3-b93e-a1af9b070f24,f3628b33-c3ad-4967-9364-1781bb90e4d0,11.286714,no,no,after_help
P09,with_tutor,T01,13433,2026-05-28T23:51:43.827275+00:00,1780012303.8211474,dcs_bios_raw,LAUNCH_BAR_SW,,1,1,launch_bar_switch,S22;S23,,S24,,cc45ec07-ee1d-48d2-8b92-d138c1d49b56,f3628b33-c3ad-4967-9364-1781bb90e4d0,cc45ec07-ee1d-48d2-8b92-d138c1d49b56,17.259146,no,no,after_help
P09,with_tutor,T01,13519,2026-05-28T23:51:49.689399+00:00,1780012309.6817875,dcs_bios_raw,LAUNCH_BAR_SW,1,0,-1,launch_bar_switch,S22;S23,,S24,,cc45ec07-ee1d-48d2-8b92-d138c1d49b56,f3628b33-c3ad-4967-9364-1781bb90e4d0,cc45ec07-ee1d-48d2-8b92-d138c1d49b56,23.119787,no,no,after_help
P09,with_tutor,T01,13788,2026-05-28T23:52:09.493378+00:00,1780012329.4888434,dcs_bios_raw,HOOK_LEVER,,0,0,arresting_hook_handle,S24;S25,,S25,,022a0321-acd3-442c-836d-2b5ba001dbd4,cc45ec07-ee1d-48d2-8b92-d138c1d49b56,022a0321-acd3-442c-836d-2b5ba001dbd4,12.763884,no,no,after_help
P09,with_tutor,T01,13897,2026-05-28T23:52:14.339965+00:00,1780012334.336351,dcs_bios_raw,HOOK_LEVER,0,1,1,arresting_hook_handle,S24;S25,,S25,,022a0321-acd3-442c-836d-2b5ba001dbd4,cc45ec07-ee1d-48d2-8b92-d138c1d49b56,022a0321-acd3-442c-836d-2b5ba001dbd4,17.611392,no,no,after_help
P09,with_tutor,T01,13917,2026-05-28T23:52:15.173411+00:00,1780012335.1703775,dcs_bios_raw,HOOK_LEVER,1,0,-1,arresting_hook_handle,S24;S25,,S25,,022a0321-acd3-442c-836d-2b5ba001dbd4,cc45ec07-ee1d-48d2-8b92-d138c1d49b56,022a0321-acd3-442c-836d-2b5ba001dbd4,18.445418,no,no,after_help
P09,with_tutor,T01,14099,2026-05-28T23:52:27.088762+00:00,1780012347.0857222,dcs_bios_raw,HOOK_LEVER,0,1,1,arresting_hook_handle,S24;S25,,S25,,a8a7e8e7-417f-4daf-8ea3-848d541b5aad,022a0321-acd3-442c-836d-2b5ba001dbd4,022a0321-acd3-442c-836d-2b5ba001dbd4,7.780857,no,no,after_help
P09,with_tutor,T01,14426,2026-05-28T23:52:45.769823+00:00,1780012365.7672942,dcs_bios_raw,PITOT_HEAT_SW,,1,1,pitot_heater_switch,S26,,S28,,f264a963-10f5-4f3c-b5e0-52b8452b5027,a8a7e8e7-417f-4daf-8ea3-848d541b5aad,f264a963-10f5-4f3c-b5e0-52b8452b5027,10.391507,no,no,after_help
P09,with_tutor,T01,14686,2026-05-28T23:53:03.588889+00:00,1780012383.5857928,dcs_bios_raw,EMERGENCY_PARKING_BRAKE_PULL,,0,0,parking_brake_handle,S28,,S29,,e8271505-c050-46cf-a4a3-45b4aec4e323,f264a963-10f5-4f3c-b5e0-52b8452b5027,e8271505-c050-46cf-a4a3-45b4aec4e323,14.456027,no,no,after_help
P09,with_tutor,T01,14689,2026-05-28T23:53:03.715151+00:00,1780012383.7105145,dcs_bios_raw,EMERGENCY_PARKING_BRAKE_ROTATE,,0,0,parking_brake_handle,S28,,S29,,e8271505-c050-46cf-a4a3-45b4aec4e323,f264a963-10f5-4f3c-b5e0-52b8452b5027,e8271505-c050-46cf-a4a3-45b4aec4e323,14.580749,no,no,after_help
P09,with_tutor,T01,15074,2026-05-28T23:53:59.995014+00:00,1780012439.9894197,dcs_bios_raw,IFEI_UP_BTN,,1,1,ifei_up_button,S29,,S31,,cb0153e4-dcce-46da-a0ec-1dcd6a063e85,3efcc996-0899-4747-987c-ae1d5cd47039,cb0153e4-dcce-46da-a0ec-1dcd6a063e85,14.512944,no,no,after_help
P09,with_tutor,T01,15076,2026-05-28T23:54:00.145732+00:00,1780012440.1426976,dcs_bios_raw,IFEI_UP_BTN,1,0,-1,ifei_up_button,S29,,S31,,cb0153e4-dcce-46da-a0ec-1dcd6a063e85,3efcc996-0899-4747-987c-ae1d5cd47039,cb0153e4-dcce-46da-a0ec-1dcd6a063e85,14.666222,no,no,after_help
P09,with_tutor,T01,15085,2026-05-28T23:54:00.840377+00:00,1780012440.837329,dcs_bios_raw,IFEI_UP_BTN,0,1,1,ifei_up_button,S29,,S31,,cb0153e4-dcce-46da-a0ec-1dcd6a063e85,3efcc996-0899-4747-987c-ae1d5cd47039,cb0153e4-dcce-46da-a0ec-1dcd6a063e85,15.360853,no,no,after_help
P09,with_tutor,T01,15086,2026-05-28T23:54:00.953442+00:00,1780012440.9473531,dcs_bios_raw,IFEI_UP_BTN,1,0,-1,ifei_up_button,S29,,S31,,cb0153e4-dcce-46da-a0ec-1dcd6a063e85,3efcc996-0899-4747-987c-ae1d5cd47039,cb0153e4-dcce-46da-a0ec-1dcd6a063e85,15.470878,no,no,after_help
P09,with_tutor,T01,15094,2026-05-28T23:54:02.215197+00:00,1780012442.2121518,dcs_bios_raw,IFEI_UP_BTN,0,1,1,ifei_up_button,S29,,S31,,cb0153e4-dcce-46da-a0ec-1dcd6a063e85,3efcc996-0899-4747-987c-ae1d5cd47039,cb0153e4-dcce-46da-a0ec-1dcd6a063e85,16.735676,no,no,after_help
P09,with_tutor,T01,15096,2026-05-28T23:54:02.339632+00:00,1780012442.336593,dcs_bios_raw,IFEI_UP_BTN,1,0,-1,ifei_up_button,S29,,S31,,cb0153e4-dcce-46da-a0ec-1dcd6a063e85,3efcc996-0899-4747-987c-ae1d5cd47039,cb0153e4-dcce-46da-a0ec-1dcd6a063e85,16.860117,no,no,after_help
P09,with_tutor,T01,15105,2026-05-28T23:54:03.507247+00:00,1780012443.5042067,dcs_bios_raw,IFEI_UP_BTN,0,1,1,ifei_up_button,S29,,S31,,cb0153e4-dcce-46da-a0ec-1dcd6a063e85,3efcc996-0899-4747-987c-ae1d5cd47039,cb0153e4-dcce-46da-a0ec-1dcd6a063e85,18.027731,no,no,after_help
P09,with_tutor,T01,15106,2026-05-28T23:54:03.590435+00:00,1780012443.5878918,dcs_bios_raw,IFEI_UP_BTN,1,0,-1,ifei_up_button,S29,,S31,,cb0153e4-dcce-46da-a0ec-1dcd6a063e85,3efcc996-0899-4747-987c-ae1d5cd47039,cb0153e4-dcce-46da-a0ec-1dcd6a063e85,18.111416,no,no,after_help
P09,with_tutor,T01,15254,2026-05-28T23:54:22.173433+00:00,1780012462.1704085,dcs_bios_raw,RADALT_TEST_SW,,1,1,,,,S31,,b1dd0fbd-2613-4530-b958-dd05029b75a4,cb0153e4-dcce-46da-a0ec-1dcd6a063e85,cb0153e4-dcce-46da-a0ec-1dcd6a063e85,17.086077,no,no,unmapped_raw_key;after_help
P09,with_tutor,T01,15255,2026-05-28T23:54:22.300416+00:00,1780012462.297399,dcs_bios_raw,RADALT_TEST_SW,1,0,-1,,,,S31,,b1dd0fbd-2613-4530-b958-dd05029b75a4,cb0153e4-dcce-46da-a0ec-1dcd6a063e85,cb0153e4-dcce-46da-a0ec-1dcd6a063e85,17.213067,no,no,unmapped_raw_key;after_help
P09,with_tutor,T01,15258,2026-05-28T23:54:22.965815+00:00,1780012462.9627724,dcs_bios_raw,RADALT_TEST_SW,0,1,1,,,,S31,,b1dd0fbd-2613-4530-b958-dd05029b75a4,cb0153e4-dcce-46da-a0ec-1dcd6a063e85,cb0153e4-dcce-46da-a0ec-1dcd6a063e85,17.878441,no,no,unmapped_raw_key;after_help
P09,with_tutor,T01,15263,2026-05-28T23:54:23.340417+00:00,1780012463.3373983,dcs_bios_raw,RADALT_TEST_SW,1,0,-1,,,,S31,,b1dd0fbd-2613-4530-b958-dd05029b75a4,cb0153e4-dcce-46da-a0ec-1dcd6a063e85,cb0153e4-dcce-46da-a0ec-1dcd6a063e85,18.253067,no,no,unmapped_raw_key;after_help
P09,with_tutor,T01,15281,2026-05-28T23:54:25.006525+00:00,1780012465.0034764,dcs_bios_raw,RADALT_MIN_HEIGHT_PTR,,338,338,radar_altimeter_bug_knob,S31,,S31,,b1dd0fbd-2613-4530-b958-dd05029b75a4,cb0153e4-dcce-46da-a0ec-1dcd6a063e85,cb0153e4-dcce-46da-a0ec-1dcd6a063e85,19.919145,no,no,after_help
P09,with_tutor,T01,15282,2026-05-28T23:54:25.048150+00:00,1780012465.0450983,dcs_bios_raw,RADALT_MIN_HEIGHT_PTR,338,677,339,radar_altimeter_bug_knob,S31,,S31,,b1dd0fbd-2613-4530-b958-dd05029b75a4,cb0153e4-dcce-46da-a0ec-1dcd6a063e85,cb0153e4-dcce-46da-a0ec-1dcd6a063e85,19.960767,no,no,after_help
P09,with_tutor,T01,15301,2026-05-28T23:54:27.505815+00:00,1780012467.502744,dcs_bios_raw,RADALT_MIN_HEIGHT_PTR,677,338,-339,radar_altimeter_bug_knob,S31,,S31,,b1dd0fbd-2613-4530-b958-dd05029b75a4,cb0153e4-dcce-46da-a0ec-1dcd6a063e85,cb0153e4-dcce-46da-a0ec-1dcd6a063e85,22.418412,no,no,after_help
P09,with_tutor,T01,15302,2026-05-28T23:54:27.547884+00:00,1780012467.5448036,dcs_bios_raw,RADALT_MIN_HEIGHT_PTR,338,0,-338,radar_altimeter_bug_knob,S31,,S31,,b1dd0fbd-2613-4530-b958-dd05029b75a4,cb0153e4-dcce-46da-a0ec-1dcd6a063e85,cb0153e4-dcce-46da-a0ec-1dcd6a063e85,22.460472,no,no,after_help
P09,with_tutor,T01,15306,2026-05-28T23:54:27.964260+00:00,1780012467.961242,dcs_bios_raw,RADALT_MIN_HEIGHT_PTR,0,338,338,radar_altimeter_bug_knob,S31,,S31,,b1dd0fbd-2613-4530-b958-dd05029b75a4,cb0153e4-dcce-46da-a0ec-1dcd6a063e85,cb0153e4-dcce-46da-a0ec-1dcd6a063e85,22.87691,no,no,after_help
P09,with_tutor,T01,15308,2026-05-28T23:54:28.050649+00:00,1780012468.0450175,dcs_bios_raw,RADALT_MIN_HEIGHT_PTR,338,677,339,radar_altimeter_bug_knob,S31,,S31,,b1dd0fbd-2613-4530-b958-dd05029b75a4,cb0153e4-dcce-46da-a0ec-1dcd6a063e85,cb0153e4-dcce-46da-a0ec-1dcd6a063e85,22.960686,no,no,after_help
P09,with_tutor,T01,15314,2026-05-28T23:54:28.423698+00:00,1780012468.4206254,dcs_bios_raw,RADALT_MIN_HEIGHT_PTR,677,338,-339,radar_altimeter_bug_knob,S31,,S32,,b1dd0fbd-2613-4530-b958-dd05029b75a4,cb0153e4-dcce-46da-a0ec-1dcd6a063e85,b1dd0fbd-2613-4530-b958-dd05029b75a4,23.336294,no,no,after_help
P09,with_tutor,T01,15315,2026-05-28T23:54:28.464268+00:00,1780012468.4627445,dcs_bios_raw,RADALT_MIN_HEIGHT_PTR,338,0,-338,radar_altimeter_bug_knob,S31,,S32,,b1dd0fbd-2613-4530-b958-dd05029b75a4,cb0153e4-dcce-46da-a0ec-1dcd6a063e85,b1dd0fbd-2613-4530-b958-dd05029b75a4,23.378413,no,no,after_help
P09,with_tutor,T01,15336,2026-05-28T23:54:31.757319+00:00,1780012471.7542589,dcs_bios_raw,RADALT_MIN_HEIGHT_PTR,0,338,338,radar_altimeter_bug_knob,S31,,S32,,b1dd0fbd-2613-4530-b958-dd05029b75a4,cb0153e4-dcce-46da-a0ec-1dcd6a063e85,b1dd0fbd-2613-4530-b958-dd05029b75a4,26.669927,no,no,after_help
P09,with_tutor,T01,15348,2026-05-28T23:54:33.257894+00:00,1780012473.2548416,dcs_bios_raw,RADALT_MIN_HEIGHT_PTR,338,677,339,radar_altimeter_bug_knob,S31,,S32,,b1dd0fbd-2613-4530-b958-dd05029b75a4,cb0153e4-dcce-46da-a0ec-1dcd6a063e85,b1dd0fbd-2613-4530-b958-dd05029b75a4,28.17051,no,no,after_help
P09,with_tutor,T01,15350,2026-05-28T23:54:33.591790+00:00,1780012473.5872576,dcs_bios_raw,RADALT_MIN_HEIGHT_PTR,677,1015,338,radar_altimeter_bug_knob,S31,,S32,,b1dd0fbd-2613-4530-b958-dd05029b75a4,cb0153e4-dcce-46da-a0ec-1dcd6a063e85,b1dd0fbd-2613-4530-b958-dd05029b75a4,28.502926,no,no,after_help
P09,with_tutor,T01,15351,2026-05-28T23:54:33.631847+00:00,1780012473.6298301,dcs_bios_raw,RADALT_MIN_HEIGHT_PTR,1015,1354,339,radar_altimeter_bug_knob,S31,,S32,,b1dd0fbd-2613-4530-b958-dd05029b75a4,cb0153e4-dcce-46da-a0ec-1dcd6a063e85,b1dd0fbd-2613-4530-b958-dd05029b75a4,28.545498,no,no,after_help
P09,with_tutor,T01,15354,2026-05-28T23:54:34.006406+00:00,1780012474.0033495,dcs_bios_raw,RADALT_MIN_HEIGHT_PTR,1354,1692,338,radar_altimeter_bug_knob,S31,,S32,,b1dd0fbd-2613-4530-b958-dd05029b75a4,cb0153e4-dcce-46da-a0ec-1dcd6a063e85,b1dd0fbd-2613-4530-b958-dd05029b75a4,28.919018,no,no,after_help
P09,with_tutor,T01,15356,2026-05-28T23:54:34.633603+00:00,1780012474.6300626,dcs_bios_raw,RADALT_MIN_HEIGHT_PTR,1692,2031,339,radar_altimeter_bug_knob,S31,,S32,,b1dd0fbd-2613-4530-b958-dd05029b75a4,cb0153e4-dcce-46da-a0ec-1dcd6a063e85,b1dd0fbd-2613-4530-b958-dd05029b75a4,29.545731,no,no,after_help
P09,with_tutor,T01,15357,2026-05-28T23:54:34.717873+00:00,1780012474.7133167,dcs_bios_raw,RADALT_MIN_HEIGHT_PTR,2031,2355,324,radar_altimeter_bug_knob,S31,,S32,,b1dd0fbd-2613-4530-b958-dd05029b75a4,cb0153e4-dcce-46da-a0ec-1dcd6a063e85,b1dd0fbd-2613-4530-b958-dd05029b75a4,29.628985,no,no,after_help
P09,with_tutor,T01,15385,2026-05-28T23:54:36.174418+00:00,1780012476.1713023,dcs_bios_raw,RADALT_MIN_HEIGHT_PTR,2355,2678,323,radar_altimeter_bug_knob,S31,,S32,,b1dd0fbd-2613-4530-b958-dd05029b75a4,cb0153e4-dcce-46da-a0ec-1dcd6a063e85,b1dd0fbd-2613-4530-b958-dd05029b75a4,31.086971,no,no,after_help
P09,with_tutor,T01,15405,2026-05-28T23:54:37.216497+00:00,1780012477.2134554,dcs_bios_raw,RADALT_MIN_HEIGHT_PTR,2678,3002,324,radar_altimeter_bug_knob,S31,,S32,,b1dd0fbd-2613-4530-b958-dd05029b75a4,cb0153e4-dcce-46da-a0ec-1dcd6a063e85,b1dd0fbd-2613-4530-b958-dd05029b75a4,32.129124,no,no,after_help
P09,with_tutor,T01,15415,2026-05-28T23:54:38.174981+00:00,1780012478.1719368,dcs_bios_raw,RADALT_MIN_HEIGHT_PTR,3002,3326,324,radar_altimeter_bug_knob,S31,,S32,,b1dd0fbd-2613-4530-b958-dd05029b75a4,cb0153e4-dcce-46da-a0ec-1dcd6a063e85,b1dd0fbd-2613-4530-b958-dd05029b75a4,33.087605,no,no,after_help
P09,with_tutor,T01,15418,2026-05-28T23:54:38.299827+00:00,1780012478.2967782,dcs_bios_raw,RADALT_MIN_HEIGHT_PTR,3326,3650,324,radar_altimeter_bug_knob,S31,,S32,,b1dd0fbd-2613-4530-b958-dd05029b75a4,cb0153e4-dcce-46da-a0ec-1dcd6a063e85,b1dd0fbd-2613-4530-b958-dd05029b75a4,33.212446,no,no,after_help
P09,with_tutor,T01,15424,2026-05-28T23:54:38.845073+00:00,1780012478.839494,dcs_bios_raw,RADALT_MIN_HEIGHT_PTR,3650,3973,323,radar_altimeter_bug_knob,S31,,S32,,b1dd0fbd-2613-4530-b958-dd05029b75a4,cb0153e4-dcce-46da-a0ec-1dcd6a063e85,b1dd0fbd-2613-4530-b958-dd05029b75a4,33.755162,no,no,after_help
P09,with_tutor,T01,15425,2026-05-28T23:54:38.884199+00:00,1780012478.881142,dcs_bios_raw,RADALT_MIN_HEIGHT_PTR,3973,4297,324,radar_altimeter_bug_knob,S31,,S32,,b1dd0fbd-2613-4530-b958-dd05029b75a4,cb0153e4-dcce-46da-a0ec-1dcd6a063e85,b1dd0fbd-2613-4530-b958-dd05029b75a4,33.79681,no,no,after_help
P09,with_tutor,T01,15431,2026-05-28T23:54:39.218889+00:00,1780012479.2143064,dcs_bios_raw,RADALT_MIN_HEIGHT_PTR,4297,4621,324,radar_altimeter_bug_knob,S31,,S32,,b1dd0fbd-2613-4530-b958-dd05029b75a4,cb0153e4-dcce-46da-a0ec-1dcd6a063e85,b1dd0fbd-2613-4530-b958-dd05029b75a4,34.129975,no,no,after_help
P09,with_tutor,T01,15432,2026-05-28T23:54:39.300545+00:00,1780012479.2979784,dcs_bios_raw,RADALT_MIN_HEIGHT_PTR,4621,4945,324,radar_altimeter_bug_knob,S31,,S32,,b1dd0fbd-2613-4530-b958-dd05029b75a4,cb0153e4-dcce-46da-a0ec-1dcd6a063e85,b1dd0fbd-2613-4530-b958-dd05029b75a4,34.213647,no,no,after_help
P09,with_tutor,T01,15436,2026-05-28T23:54:39.594850+00:00,1780012479.5872583,dcs_bios_raw,RADALT_MIN_HEIGHT_PTR,4945,5268,323,radar_altimeter_bug_knob,S31,,S32,,b1dd0fbd-2613-4530-b958-dd05029b75a4,cb0153e4-dcce-46da-a0ec-1dcd6a063e85,b1dd0fbd-2613-4530-b958-dd05029b75a4,34.502927,no,no,after_help
P09,with_tutor,T01,15437,2026-05-28T23:54:39.631902+00:00,1780012479.6303895,dcs_bios_raw,RADALT_MIN_HEIGHT_PTR,5268,5592,324,radar_altimeter_bug_knob,S31,,S32,,b1dd0fbd-2613-4530-b958-dd05029b75a4,cb0153e4-dcce-46da-a0ec-1dcd6a063e85,b1dd0fbd-2613-4530-b958-dd05029b75a4,34.546058,no,no,after_help
P09,with_tutor,T01,15441,2026-05-28T23:54:39.923404+00:00,1780012479.9203596,dcs_bios_raw,RADALT_MIN_HEIGHT_PTR,5592,5916,324,radar_altimeter_bug_knob,S31,,S32,,b1dd0fbd-2613-4530-b958-dd05029b75a4,cb0153e4-dcce-46da-a0ec-1dcd6a063e85,b1dd0fbd-2613-4530-b958-dd05029b75a4,34.836028,no,no,after_help
P09,with_tutor,T01,15442,2026-05-28T23:54:39.965941+00:00,1780012479.961893,dcs_bios_raw,RADALT_MIN_HEIGHT_PTR,5916,6239,323,radar_altimeter_bug_knob,S31,,S32,,b1dd0fbd-2613-4530-b958-dd05029b75a4,cb0153e4-dcce-46da-a0ec-1dcd6a063e85,b1dd0fbd-2613-4530-b958-dd05029b75a4,34.877561,no,no,after_help
P09,with_tutor,T01,15445,2026-05-28T23:54:40.258840+00:00,1780012480.254285,dcs_bios_raw,RADALT_MIN_HEIGHT_PTR,6239,6563,324,radar_altimeter_bug_knob,S31,,S32,,b1dd0fbd-2613-4530-b958-dd05029b75a4,cb0153e4-dcce-46da-a0ec-1dcd6a063e85,b1dd0fbd-2613-4530-b958-dd05029b75a4,35.169953,no,no,after_help
P09,with_tutor,T01,15446,2026-05-28T23:54:40.298826+00:00,1780012480.2957926,dcs_bios_raw,RADALT_MIN_HEIGHT_PTR,6563,6887,324,radar_altimeter_bug_knob,S31,,S32,,b1dd0fbd-2613-4530-b958-dd05029b75a4,cb0153e4-dcce-46da-a0ec-1dcd6a063e85,b1dd0fbd-2613-4530-b958-dd05029b75a4,35.211461,no,no,after_help
P09,with_tutor,T01,15448,2026-05-28T23:54:40.589705+00:00,1780012480.5866249,dcs_bios_raw,RADALT_MIN_HEIGHT_PTR,6887,7211,324,radar_altimeter_bug_knob,S31,,S32,,b1dd0fbd-2613-4530-b958-dd05029b75a4,cb0153e4-dcce-46da-a0ec-1dcd6a063e85,b1dd0fbd-2613-4530-b958-dd05029b75a4,35.502293,no,no,after_help
P09,with_tutor,T01,15449,2026-05-28T23:54:40.631792+00:00,1780012480.6287732,dcs_bios_raw,RADALT_MIN_HEIGHT_PTR,7211,7534,323,radar_altimeter_bug_knob,S31,,S32,,b1dd0fbd-2613-4530-b958-dd05029b75a4,cb0153e4-dcce-46da-a0ec-1dcd6a063e85,b1dd0fbd-2613-4530-b958-dd05029b75a4,35.544441,no,no,after_help
P09,with_tutor,T01,15451,2026-05-28T23:54:40.965833+00:00,1780012480.9627805,dcs_bios_raw,RADALT_MIN_HEIGHT_PTR,7534,7858,324,radar_altimeter_bug_knob,S31,,S32,,b1dd0fbd-2613-4530-b958-dd05029b75a4,cb0153e4-dcce-46da-a0ec-1dcd6a063e85,b1dd0fbd-2613-4530-b958-dd05029b75a4,35.878449,no,no,after_help
P09,with_tutor,T01,15452,2026-05-28T23:54:41.008063+00:00,1780012481.0034556,dcs_bios_raw,RADALT_MIN_HEIGHT_PTR,7858,8182,324,radar_altimeter_bug_knob,S31,,S32,,b1dd0fbd-2613-4530-b958-dd05029b75a4,cb0153e4-dcce-46da-a0ec-1dcd6a063e85,b1dd0fbd-2613-4530-b958-dd05029b75a4,35.919124,no,no,after_help
P09,with_tutor,T01,15454,2026-05-28T23:54:41.260526+00:00,1780012481.254897,dcs_bios_raw,RADALT_MIN_HEIGHT_PTR,8182,8506,324,radar_altimeter_bug_knob,S31,,S32,,b1dd0fbd-2613-4530-b958-dd05029b75a4,cb0153e4-dcce-46da-a0ec-1dcd6a063e85,b1dd0fbd-2613-4530-b958-dd05029b75a4,36.170565,no,no,after_help
P09,with_tutor,T01,15455,2026-05-28T23:54:41.342659+00:00,1780012481.3396163,dcs_bios_raw,RADALT_MIN_HEIGHT_PTR,8506,8829,323,radar_altimeter_bug_knob,S31,,S32,,b1dd0fbd-2613-4530-b958-dd05029b75a4,cb0153e4-dcce-46da-a0ec-1dcd6a063e85,b1dd0fbd-2613-4530-b958-dd05029b75a4,36.255285,no,no,after_help
P09,with_tutor,T01,15457,2026-05-28T23:54:41.548296+00:00,1780012481.5452108,dcs_bios_raw,RADALT_MIN_HEIGHT_PTR,8829,9153,324,radar_altimeter_bug_knob,S31,,S32,,b1dd0fbd-2613-4530-b958-dd05029b75a4,cb0153e4-dcce-46da-a0ec-1dcd6a063e85,b1dd0fbd-2613-4530-b958-dd05029b75a4,36.460879,no,no,after_help
P09,with_tutor,T01,15458,2026-05-28T23:54:41.632040+00:00,1780012481.6294806,dcs_bios_raw,RADALT_MIN_HEIGHT_PTR,9153,9477,324,radar_altimeter_bug_knob,S31,,S32,,b1dd0fbd-2613-4530-b958-dd05029b75a4,cb0153e4-dcce-46da-a0ec-1dcd6a063e85,b1dd0fbd-2613-4530-b958-dd05029b75a4,36.545149,no,no,after_help
P09,with_tutor,T01,15460,2026-05-28T23:54:41.799566+00:00,1780012481.796512,dcs_bios_raw,RADALT_MIN_HEIGHT_PTR,9477,9801,324,radar_altimeter_bug_knob,S31,,S32,,b1dd0fbd-2613-4530-b958-dd05029b75a4,cb0153e4-dcce-46da-a0ec-1dcd6a063e85,b1dd0fbd-2613-4530-b958-dd05029b75a4,36.71218,no,no,after_help
P09,with_tutor,T01,15461,2026-05-28T23:54:41.882736+00:00,1780012481.8796644,dcs_bios_raw,RADALT_MIN_HEIGHT_PTR,9801,10124,323,radar_altimeter_bug_knob,S31,,S32,,b1dd0fbd-2613-4530-b958-dd05029b75a4,cb0153e4-dcce-46da-a0ec-1dcd6a063e85,b1dd0fbd-2613-4530-b958-dd05029b75a4,36.795333,no,no,after_help
P09,with_tutor,T01,15464,2026-05-28T23:54:42.131886+00:00,1780012482.1288617,dcs_bios_raw,RADALT_MIN_HEIGHT_PTR,10124,10448,324,radar_altimeter_bug_knob,S31,,S32,,b1dd0fbd-2613-4530-b958-dd05029b75a4,cb0153e4-dcce-46da-a0ec-1dcd6a063e85,b1dd0fbd-2613-4530-b958-dd05029b75a4,37.04453,no,no,after_help
P09,with_tutor,T01,15465,2026-05-28T23:54:42.176492+00:00,1780012482.1719227,dcs_bios_raw,RADALT_MIN_HEIGHT_PTR,10448,10772,324,radar_altimeter_bug_knob,S31,,S32,,b1dd0fbd-2613-4530-b958-dd05029b75a4,cb0153e4-dcce-46da-a0ec-1dcd6a063e85,b1dd0fbd-2613-4530-b958-dd05029b75a4,37.087591,no,no,after_help
P09,with_tutor,T01,15467,2026-05-28T23:54:42.424289+00:00,1780012482.4212291,dcs_bios_raw,RADALT_MIN_HEIGHT_PTR,10772,11095,323,radar_altimeter_bug_knob,S31,,S32,,b1dd0fbd-2613-4530-b958-dd05029b75a4,cb0153e4-dcce-46da-a0ec-1dcd6a063e85,b1dd0fbd-2613-4530-b958-dd05029b75a4,37.336897,no,no,after_help
P09,with_tutor,T01,15468,2026-05-28T23:54:42.469373+00:00,1780012482.463325,dcs_bios_raw,RADALT_MIN_HEIGHT_PTR,11095,11419,324,radar_altimeter_bug_knob,S31,,S32,,b1dd0fbd-2613-4530-b958-dd05029b75a4,cb0153e4-dcce-46da-a0ec-1dcd6a063e85,b1dd0fbd-2613-4530-b958-dd05029b75a4,37.378993,no,no,after_help
P09,with_tutor,T01,15471,2026-05-28T23:54:42.675088+00:00,1780012482.672028,dcs_bios_raw,RADALT_MIN_HEIGHT_PTR,11419,11743,324,radar_altimeter_bug_knob,S31,,S32,,b1dd0fbd-2613-4530-b958-dd05029b75a4,cb0153e4-dcce-46da-a0ec-1dcd6a063e85,b1dd0fbd-2613-4530-b958-dd05029b75a4,37.587696,no,no,after_help
P09,with_tutor,T01,15472,2026-05-28T23:54:42.757881+00:00,1780012482.7548258,dcs_bios_raw,RADALT_MIN_HEIGHT_PTR,11743,12067,324,radar_altimeter_bug_knob,S31,,S32,,b1dd0fbd-2613-4530-b958-dd05029b75a4,cb0153e4-dcce-46da-a0ec-1dcd6a063e85,b1dd0fbd-2613-4530-b958-dd05029b75a4,37.670494,no,no,after_help
P09,with_tutor,T01,15475,2026-05-28T23:54:42.966480+00:00,1780012482.9619026,dcs_bios_raw,RADALT_MIN_HEIGHT_PTR,12067,12390,323,radar_altimeter_bug_knob,S31,,S32,,b1dd0fbd-2613-4530-b958-dd05029b75a4,cb0153e4-dcce-46da-a0ec-1dcd6a063e85,b1dd0fbd-2613-4530-b958-dd05029b75a4,37.877571,no,no,after_help
P09,with_tutor,T01,15477,2026-05-28T23:54:43.048182+00:00,1780012483.0451365,dcs_bios_raw,RADALT_MIN_HEIGHT_PTR,12390,12714,324,radar_altimeter_bug_knob,S31,,S32,,b1dd0fbd-2613-4530-b958-dd05029b75a4,cb0153e4-dcce-46da-a0ec-1dcd6a063e85,b1dd0fbd-2613-4530-b958-dd05029b75a4,37.960805,no,no,after_help
P09,with_tutor,T01,15481,2026-05-28T23:54:43.257914+00:00,1780012483.2548742,dcs_bios_raw,RADALT_MIN_HEIGHT_PTR,12714,13038,324,radar_altimeter_bug_knob,S31,,S32,,b1dd0fbd-2613-4530-b958-dd05029b75a4,cb0153e4-dcce-46da-a0ec-1dcd6a063e85,b1dd0fbd-2613-4530-b958-dd05029b75a4,38.170542,no,no,after_help
P09,with_tutor,T01,15482,2026-05-28T23:54:43.340279+00:00,1780012483.3387744,dcs_bios_raw,RADALT_MIN_HEIGHT_PTR,13038,13362,324,radar_altimeter_bug_knob,S31,,S32,,b1dd0fbd-2613-4530-b958-dd05029b75a4,cb0153e4-dcce-46da-a0ec-1dcd6a063e85,b1dd0fbd-2613-4530-b958-dd05029b75a4,38.254443,no,no,after_help
P09,with_tutor,T01,15492,2026-05-28T23:54:44.216563+00:00,1780012484.2135198,dcs_bios_raw,RADALT_MIN_HEIGHT_PTR,13362,13685,323,radar_altimeter_bug_knob,S31,,S32,,b1dd0fbd-2613-4530-b958-dd05029b75a4,cb0153e4-dcce-46da-a0ec-1dcd6a063e85,b1dd0fbd-2613-4530-b958-dd05029b75a4,39.129188,no,no,after_help
P09,with_tutor,T01,15493,2026-05-28T23:54:44.257261+00:00,1780012484.2542205,dcs_bios_raw,RADALT_MIN_HEIGHT_PTR,13685,14009,324,radar_altimeter_bug_knob,S31,,S32,,b1dd0fbd-2613-4530-b958-dd05029b75a4,cb0153e4-dcce-46da-a0ec-1dcd6a063e85,b1dd0fbd-2613-4530-b958-dd05029b75a4,39.169889,no,no,after_help
P09,with_tutor,T01,15495,2026-05-28T23:54:44.715926+00:00,1780012484.7128556,dcs_bios_raw,RADALT_MIN_HEIGHT_PTR,14009,14333,324,radar_altimeter_bug_knob,S31,,S32,,b1dd0fbd-2613-4530-b958-dd05029b75a4,cb0153e4-dcce-46da-a0ec-1dcd6a063e85,b1dd0fbd-2613-4530-b958-dd05029b75a4,39.628524,no,no,after_help
P09,with_tutor,T01,15496,2026-05-28T23:54:44.758096+00:00,1780012484.755025,dcs_bios_raw,RADALT_MIN_HEIGHT_PTR,14333,14656,323,radar_altimeter_bug_knob,S31,,S32,,b1dd0fbd-2613-4530-b958-dd05029b75a4,cb0153e4-dcce-46da-a0ec-1dcd6a063e85,b1dd0fbd-2613-4530-b958-dd05029b75a4,39.670693,no,no,after_help
P09,with_tutor,T01,15500,2026-05-28T23:54:45.174407+00:00,1780012485.1728632,dcs_bios_raw,RADALT_MIN_HEIGHT_PTR,14656,14980,324,radar_altimeter_bug_knob,S31,,S32,,b1dd0fbd-2613-4530-b958-dd05029b75a4,cb0153e4-dcce-46da-a0ec-1dcd6a063e85,b1dd0fbd-2613-4530-b958-dd05029b75a4,40.088531,no,no,after_help
P09,with_tutor,T01,15502,2026-05-28T23:54:45.506650+00:00,1780012485.5035827,dcs_bios_raw,RADALT_MIN_HEIGHT_PTR,14980,15304,324,radar_altimeter_bug_knob,S31,,S32,,b1dd0fbd-2613-4530-b958-dd05029b75a4,cb0153e4-dcce-46da-a0ec-1dcd6a063e85,b1dd0fbd-2613-4530-b958-dd05029b75a4,40.419251,no,no,after_help
P09,with_tutor,T01,15503,2026-05-28T23:54:45.548878+00:00,1780012485.5458229,dcs_bios_raw,RADALT_MIN_HEIGHT_PTR,15304,15628,324,radar_altimeter_bug_knob,S31,,S32,,b1dd0fbd-2613-4530-b958-dd05029b75a4,cb0153e4-dcce-46da-a0ec-1dcd6a063e85,b1dd0fbd-2613-4530-b958-dd05029b75a4,40.461491,no,no,after_help
P09,with_tutor,T01,15507,2026-05-28T23:54:46.089668+00:00,1780012486.0881116,dcs_bios_raw,RADALT_MIN_HEIGHT_PTR,15628,15951,323,radar_altimeter_bug_knob,S31,,S32,,b1dd0fbd-2613-4530-b958-dd05029b75a4,cb0153e4-dcce-46da-a0ec-1dcd6a063e85,b1dd0fbd-2613-4530-b958-dd05029b75a4,41.00378,no,no,after_help
P09,with_tutor,T01,15508,2026-05-28T23:54:46.131909+00:00,1780012486.1298528,dcs_bios_raw,RADALT_MIN_HEIGHT_PTR,15951,16275,324,radar_altimeter_bug_knob,S31,,S32,,b1dd0fbd-2613-4530-b958-dd05029b75a4,cb0153e4-dcce-46da-a0ec-1dcd6a063e85,b1dd0fbd-2613-4530-b958-dd05029b75a4,41.045521,no,no,after_help
P09,with_tutor,T01,15510,2026-05-28T23:54:46.465010+00:00,1780012486.4634585,dcs_bios_raw,RADALT_MIN_HEIGHT_PTR,16275,16599,324,radar_altimeter_bug_knob,S31,,S32,,b1dd0fbd-2613-4530-b958-dd05029b75a4,cb0153e4-dcce-46da-a0ec-1dcd6a063e85,b1dd0fbd-2613-4530-b958-dd05029b75a4,41.379127,no,no,after_help
P09,with_tutor,T01,15513,2026-05-28T23:54:46.595138+00:00,1780012486.5880206,dcs_bios_raw,RADALT_MIN_HEIGHT_PTR,16599,16923,324,radar_altimeter_bug_knob,S31,,S32,,b1dd0fbd-2613-4530-b958-dd05029b75a4,cb0153e4-dcce-46da-a0ec-1dcd6a063e85,b1dd0fbd-2613-4530-b958-dd05029b75a4,41.503689,no,no,after_help
P09,with_tutor,T01,15515,2026-05-28T23:54:46.842724+00:00,1780012486.8381517,dcs_bios_raw,RADALT_MIN_HEIGHT_PTR,16923,17246,323,radar_altimeter_bug_knob,S31,,S32,,b1dd0fbd-2613-4530-b958-dd05029b75a4,cb0153e4-dcce-46da-a0ec-1dcd6a063e85,b1dd0fbd-2613-4530-b958-dd05029b75a4,41.75382,no,no,after_help
P09,with_tutor,T01,15516,2026-05-28T23:54:46.924197+00:00,1780012486.9226623,dcs_bios_raw,RADALT_MIN_HEIGHT_PTR,17246,17570,324,radar_altimeter_bug_knob,S31,,S32,,b1dd0fbd-2613-4530-b958-dd05029b75a4,cb0153e4-dcce-46da-a0ec-1dcd6a063e85,b1dd0fbd-2613-4530-b958-dd05029b75a4,41.838331,no,no,after_help
P09,with_tutor,T01,15522,2026-05-28T23:54:47.632086+00:00,1780012487.6295393,dcs_bios_raw,RADALT_MIN_HEIGHT_PTR,17570,17894,324,radar_altimeter_bug_knob,S31,,S32,,b1dd0fbd-2613-4530-b958-dd05029b75a4,cb0153e4-dcce-46da-a0ec-1dcd6a063e85,b1dd0fbd-2613-4530-b958-dd05029b75a4,42.545208,no,no,after_help
P09,with_tutor,T01,15526,2026-05-28T23:54:48.048131+00:00,1780012488.0450869,dcs_bios_raw,RADALT_MIN_HEIGHT_PTR,17894,18217,323,radar_altimeter_bug_knob,S31,,S32,,b1dd0fbd-2613-4530-b958-dd05029b75a4,cb0153e4-dcce-46da-a0ec-1dcd6a063e85,b1dd0fbd-2613-4530-b958-dd05029b75a4,42.960755,no,no,after_help
P09,with_tutor,T01,15528,2026-05-28T23:54:48.131925+00:00,1780012488.1288898,dcs_bios_raw,RADALT_MIN_HEIGHT_PTR,18217,18541,324,radar_altimeter_bug_knob,S31,,S32,,b1dd0fbd-2613-4530-b958-dd05029b75a4,cb0153e4-dcce-46da-a0ec-1dcd6a063e85,b1dd0fbd-2613-4530-b958-dd05029b75a4,43.044558,no,no,after_help
P09,with_tutor,T01,15536,2026-05-28T23:54:49.385168+00:00,1780012489.3800743,dcs_bios_raw,RADALT_MIN_HEIGHT_PTR,18541,18865,324,radar_altimeter_bug_knob,S31,,S32,,b1dd0fbd-2613-4530-b958-dd05029b75a4,cb0153e4-dcce-46da-a0ec-1dcd6a063e85,b1dd0fbd-2613-4530-b958-dd05029b75a4,44.295743,no,no,after_help
P09,with_tutor,T01,15653,2026-05-28T23:55:04.119990+00:00,1780012504.1164372,dcs_bios_raw,SAI_CAGE,,0,0,standby_attitude_cage_knob,S32,,S33,,0e588fc9-492b-4343-99c7-c50be8a9d848,b1dd0fbd-2613-4530-b958-dd05029b75a4,0e588fc9-492b-4343-99c7-c50be8a9d848,12.856646,no,no,after_help
P09,with_tutor,T01,16416,2026-05-28T23:56:25.510238+00:00,1780012585.5011292,dcs_bios_raw,CANOPY_SW,,0,0,,,,S33,,,0e588fc9-492b-4343-99c7-c50be8a9d848,0e588fc9-492b-4343-99c7-c50be8a9d848,72.814476,no,no,unmapped_raw_key;after_help
P09,with_tutor,T01,16417,2026-05-28T23:56:25.547381+00:00,1780012585.5443347,dcs_bios_raw,CANOPY_POS,,58888,58888,,,,S33,,,0e588fc9-492b-4343-99c7-c50be8a9d848,0e588fc9-492b-4343-99c7-c50be8a9d848,72.857681,no,no,unmapped_raw_key;after_help
P09,with_tutor,T01,16418,2026-05-28T23:56:25.587939+00:00,1780012585.5864131,dcs_bios_raw,CANOPY_POS,58888,58757,-131,,,,S33,,,0e588fc9-492b-4343-99c7-c50be8a9d848,0e588fc9-492b-4343-99c7-c50be8a9d848,72.89976,no,no,unmapped_raw_key;after_help
P09,with_tutor,T01,16419,2026-05-28T23:56:25.630548+00:00,1780012585.6279945,dcs_bios_raw,CANOPY_POS,58757,58591,-166,,,,S33,,,0e588fc9-492b-4343-99c7-c50be8a9d848,0e588fc9-492b-4343-99c7-c50be8a9d848,72.941341,no,no,unmapped_raw_key;after_help
P09,with_tutor,T01,16420,2026-05-28T23:56:25.672652+00:00,1780012585.6711254,dcs_bios_raw,CANOPY_POS,58591,58403,-188,,,,S33,,,0e588fc9-492b-4343-99c7-c50be8a9d848,0e588fc9-492b-4343-99c7-c50be8a9d848,72.984472,no,no,unmapped_raw_key;after_help
P09,with_tutor,T01,16421,2026-05-28T23:56:25.720340+00:00,1780012585.7127752,dcs_bios_raw,CANOPY_POS,58403,58145,-258,,,,S33,,,0e588fc9-492b-4343-99c7-c50be8a9d848,0e588fc9-492b-4343-99c7-c50be8a9d848,73.026122,no,no,unmapped_raw_key;after_help
P09,with_tutor,T01,16422,2026-05-28T23:56:25.757996+00:00,1780012585.7534049,dcs_bios_raw,CANOPY_POS,58145,57928,-217,,,,S33,,,0e588fc9-492b-4343-99c7-c50be8a9d848,0e588fc9-492b-4343-99c7-c50be8a9d848,73.066751,no,no,unmapped_raw_key;after_help
P09,with_tutor,T01,16423,2026-05-28T23:56:25.798154+00:00,1780012585.7950883,dcs_bios_raw,CANOPY_POS,57928,57704,-224,,,,S33,,,0e588fc9-492b-4343-99c7-c50be8a9d848,0e588fc9-492b-4343-99c7-c50be8a9d848,73.108435,no,no,unmapped_raw_key;after_help
P09,with_tutor,T01,16424,2026-05-28T23:56:25.840332+00:00,1780012585.8372812,dcs_bios_raw,CANOPY_POS,57704,57476,-228,,,,S33,,,0e588fc9-492b-4343-99c7-c50be8a9d848,0e588fc9-492b-4343-99c7-c50be8a9d848,73.150628,no,no,unmapped_raw_key;after_help
P09,with_tutor,T01,16425,2026-05-28T23:56:25.881920+00:00,1780012585.879898,dcs_bios_raw,CANOPY_POS,57476,57244,-232,,,,S33,,,0e588fc9-492b-4343-99c7-c50be8a9d848,0e588fc9-492b-4343-99c7-c50be8a9d848,73.193244,no,no,unmapped_raw_key;after_help
P09,with_tutor,T01,16426,2026-05-28T23:56:25.923436+00:00,1780012585.92191,dcs_bios_raw,CANOPY_POS,57244,57010,-234,,,,S33,,,0e588fc9-492b-4343-99c7-c50be8a9d848,0e588fc9-492b-4343-99c7-c50be8a9d848,73.235256,no,no,unmapped_raw_key;after_help
P09,with_tutor,T01,16427,2026-05-28T23:56:25.965019+00:00,1780012585.9634962,dcs_bios_raw,CANOPY_POS,57010,56716,-294,,,,S33,,,0e588fc9-492b-4343-99c7-c50be8a9d848,0e588fc9-492b-4343-99c7-c50be8a9d848,73.276843,no,no,unmapped_raw_key;after_help
P09,with_tutor,T01,16428,2026-05-28T23:56:26.006556+00:00,1780012586.0035238,dcs_bios_raw,CANOPY_POS,56716,56480,-236,,,,S33,,,0e588fc9-492b-4343-99c7-c50be8a9d848,0e588fc9-492b-4343-99c7-c50be8a9d848,73.31687,no,no,unmapped_raw_key;after_help
P09,with_tutor,T01,16429,2026-05-28T23:56:26.051201+00:00,1780012586.045137,dcs_bios_raw,CANOPY_POS,56480,56243,-237,,,,S33,,,0e588fc9-492b-4343-99c7-c50be8a9d848,0e588fc9-492b-4343-99c7-c50be8a9d848,73.358483,no,no,unmapped_raw_key;after_help
P09,with_tutor,T01,16430,2026-05-28T23:56:26.090242+00:00,1780012586.087221,dcs_bios_raw,CANOPY_POS,56243,56006,-237,,,,S33,,,0e588fc9-492b-4343-99c7-c50be8a9d848,0e588fc9-492b-4343-99c7-c50be8a9d848,73.400567,no,no,unmapped_raw_key;after_help
P09,with_tutor,T01,16431,2026-05-28T23:56:26.133512+00:00,1780012586.1304662,dcs_bios_raw,CANOPY_POS,56006,55768,-238,,,,S33,,,0e588fc9-492b-4343-99c7-c50be8a9d848,0e588fc9-492b-4343-99c7-c50be8a9d848,73.443813,no,no,unmapped_raw_key;after_help
P09,with_tutor,T01,16432,2026-05-28T23:56:26.173649+00:00,1780012586.1721196,dcs_bios_raw,CANOPY_POS,55768,55471,-297,,,,S33,,,0e588fc9-492b-4343-99c7-c50be8a9d848,0e588fc9-492b-4343-99c7-c50be8a9d848,73.485466,no,no,unmapped_raw_key;after_help
P09,with_tutor,T01,16433,2026-05-28T23:56:26.215810+00:00,1780012586.2127726,dcs_bios_raw,CANOPY_POS,55471,55232,-239,,,,S33,,,0e588fc9-492b-4343-99c7-c50be8a9d848,0e588fc9-492b-4343-99c7-c50be8a9d848,73.526119,no,no,unmapped_raw_key;after_help
P09,with_tutor,T01,16434,2026-05-28T23:56:26.256541+00:00,1780012586.255015,dcs_bios_raw,CANOPY_POS,55232,54994,-238,,,,S33,,,0e588fc9-492b-4343-99c7-c50be8a9d848,0e588fc9-492b-4343-99c7-c50be8a9d848,73.568361,no,no,unmapped_raw_key;after_help
P09,with_tutor,T01,16435,2026-05-28T23:56:26.299678+00:00,1780012586.2966452,dcs_bios_raw,CANOPY_POS,54994,54756,-238,,,,S33,,,0e588fc9-492b-4343-99c7-c50be8a9d848,0e588fc9-492b-4343-99c7-c50be8a9d848,73.609992,no,no,unmapped_raw_key;after_help
P09,with_tutor,T01,16436,2026-05-28T23:56:26.340264+00:00,1780012586.3387582,dcs_bios_raw,CANOPY_POS,54756,54518,-238,,,,S33,,,0e588fc9-492b-4343-99c7-c50be8a9d848,0e588fc9-492b-4343-99c7-c50be8a9d848,73.652105,no,no,unmapped_raw_key;after_help
P09,with_tutor,T01,16437,2026-05-28T23:56:26.386431+00:00,1780012586.3818717,dcs_bios_raw,CANOPY_POS,54518,54280,-238,,,,S33,,,0e588fc9-492b-4343-99c7-c50be8a9d848,0e588fc9-492b-4343-99c7-c50be8a9d848,73.695218,no,no,unmapped_raw_key;after_help
P09,with_tutor,T01,16438,2026-05-28T23:56:26.427967+00:00,1780012586.4219048,dcs_bios_raw,CANOPY_POS,54280,53982,-298,,,,S33,,,0e588fc9-492b-4343-99c7-c50be8a9d848,0e588fc9-492b-4343-99c7-c50be8a9d848,73.735251,no,no,unmapped_raw_key;after_help
P09,with_tutor,T01,16439,2026-05-28T23:56:26.468131+00:00,1780012586.4635444,dcs_bios_raw,CANOPY_POS,53982,53744,-238,,,,S33,,,0e588fc9-492b-4343-99c7-c50be8a9d848,0e588fc9-492b-4343-99c7-c50be8a9d848,73.776891,no,no,unmapped_raw_key;after_help
P09,with_tutor,T01,16440,2026-05-28T23:56:26.507259+00:00,1780012586.5041907,dcs_bios_raw,CANOPY_POS,53744,53505,-239,,,,S33,,,0e588fc9-492b-4343-99c7-c50be8a9d848,0e588fc9-492b-4343-99c7-c50be8a9d848,73.817537,no,no,unmapped_raw_key;after_help
P09,with_tutor,T01,16441,2026-05-28T23:56:26.551956+00:00,1780012586.545885,dcs_bios_raw,CANOPY_POS,53505,53267,-238,,,,S33,,,0e588fc9-492b-4343-99c7-c50be8a9d848,0e588fc9-492b-4343-99c7-c50be8a9d848,73.859231,no,no,unmapped_raw_key;after_help
P09,with_tutor,T01,16442,2026-05-28T23:56:26.590569+00:00,1780012586.5879524,dcs_bios_raw,CANOPY_POS,53267,53029,-238,,,,S33,,,0e588fc9-492b-4343-99c7-c50be8a9d848,0e588fc9-492b-4343-99c7-c50be8a9d848,73.901299,no,no,unmapped_raw_key;after_help
P09,with_tutor,T01,16443,2026-05-28T23:56:26.635739+00:00,1780012586.629635,dcs_bios_raw,CANOPY_POS,53029,52790,-239,,,,S33,,,0e588fc9-492b-4343-99c7-c50be8a9d848,0e588fc9-492b-4343-99c7-c50be8a9d848,73.942981,no,no,unmapped_raw_key;after_help
P09,with_tutor,T01,16444,2026-05-28T23:56:26.677438+00:00,1780012586.6713152,dcs_bios_raw,CANOPY_POS,52790,52552,-238,,,,S33,,,0e588fc9-492b-4343-99c7-c50be8a9d848,0e588fc9-492b-4343-99c7-c50be8a9d848,73.984662,no,no,unmapped_raw_key;after_help
P09,with_tutor,T01,16445,2026-05-28T23:56:26.716506+00:00,1780012586.7134395,dcs_bios_raw,CANOPY_POS,52552,52254,-298,,,,S33,,,0e588fc9-492b-4343-99c7-c50be8a9d848,0e588fc9-492b-4343-99c7-c50be8a9d848,74.026786,no,no,unmapped_raw_key;after_help
P09,with_tutor,T01,16446,2026-05-28T23:56:26.758056+00:00,1780012586.7549913,dcs_bios_raw,CANOPY_POS,52254,52016,-238,,,,S33,,,0e588fc9-492b-4343-99c7-c50be8a9d848,0e588fc9-492b-4343-99c7-c50be8a9d848,74.068338,no,no,unmapped_raw_key;after_help
P09,with_tutor,T01,16447,2026-05-28T23:56:26.801220+00:00,1780012586.796641,dcs_bios_raw,CANOPY_POS,52016,51778,-238,,,,S33,,,0e588fc9-492b-4343-99c7-c50be8a9d848,0e588fc9-492b-4343-99c7-c50be8a9d848,74.109987,no,no,unmapped_raw_key;after_help
P09,with_tutor,T01,16448,2026-05-28T23:56:26.840267+00:00,1780012586.8372426,dcs_bios_raw,CANOPY_POS,51778,51539,-239,,,,S33,,,0e588fc9-492b-4343-99c7-c50be8a9d848,0e588fc9-492b-4343-99c7-c50be8a9d848,74.150589,no,no,unmapped_raw_key;after_help
P09,with_tutor,T01,16449,2026-05-28T23:56:26.883387+00:00,1780012586.8803532,dcs_bios_raw,CANOPY_POS,51539,51301,-238,,,,S33,,,0e588fc9-492b-4343-99c7-c50be8a9d848,0e588fc9-492b-4343-99c7-c50be8a9d848,74.1937,no,no,unmapped_raw_key;after_help
P09,with_tutor,T01,16450,2026-05-28T23:56:26.923492+00:00,1780012586.9219275,dcs_bios_raw,CANOPY_POS,51301,51063,-238,,,,S33,,,0e588fc9-492b-4343-99c7-c50be8a9d848,0e588fc9-492b-4343-99c7-c50be8a9d848,74.235274,no,no,unmapped_raw_key;after_help
P09,with_tutor,T01,16451,2026-05-28T23:56:26.966567+00:00,1780012586.9635,dcs_bios_raw,CANOPY_POS,51063,50824,-239,,,,S33,,,0e588fc9-492b-4343-99c7-c50be8a9d848,0e588fc9-492b-4343-99c7-c50be8a9d848,74.276846,no,no,unmapped_raw_key;after_help
P09,with_tutor,T01,16452,2026-05-28T23:56:27.009738+00:00,1780012587.0036137,dcs_bios_raw,CANOPY_POS,50824,50526,-298,,,,S33,,,0e588fc9-492b-4343-99c7-c50be8a9d848,0e588fc9-492b-4343-99c7-c50be8a9d848,74.31696,no,no,unmapped_raw_key;after_help
P09,with_tutor,T01,16453,2026-05-28T23:56:27.053340+00:00,1780012587.0457177,dcs_bios_raw,CANOPY_POS,50526,50288,-238,,,,S33,,,0e588fc9-492b-4343-99c7-c50be8a9d848,0e588fc9-492b-4343-99c7-c50be8a9d848,74.359064,no,no,unmapped_raw_key;after_help
P09,with_tutor,T01,16454,2026-05-28T23:56:27.094899+00:00,1780012587.087337,dcs_bios_raw,CANOPY_POS,50288,50050,-238,,,,S33,,,0e588fc9-492b-4343-99c7-c50be8a9d848,0e588fc9-492b-4343-99c7-c50be8a9d848,74.400683,no,no,unmapped_raw_key;after_help
P09,with_tutor,T01,16455,2026-05-28T23:56:27.132042+00:00,1780012587.129992,dcs_bios_raw,CANOPY_POS,50050,49812,-238,,,,S33,,,0e588fc9-492b-4343-99c7-c50be8a9d848,0e588fc9-492b-4343-99c7-c50be8a9d848,74.443338,no,no,unmapped_raw_key;after_help
P09,with_tutor,T01,16456,2026-05-28T23:56:27.174276+00:00,1780012587.1711848,dcs_bios_raw,CANOPY_POS,49812,49573,-239,,,,S33,,,0e588fc9-492b-4343-99c7-c50be8a9d848,0e588fc9-492b-4343-99c7-c50be8a9d848,74.484531,no,no,unmapped_raw_key;after_help
P09,with_tutor,T01,16457,2026-05-28T23:56:27.216384+00:00,1780012587.2133212,dcs_bios_raw,CANOPY_POS,49573,49275,-298,,,,S33,,,0e588fc9-492b-4343-99c7-c50be8a9d848,0e588fc9-492b-4343-99c7-c50be8a9d848,74.526668,no,no,unmapped_raw_key;after_help
P09,with_tutor,T01,16458,2026-05-28T23:56:27.258140+00:00,1780012587.2550325,dcs_bios_raw,CANOPY_POS,49275,49037,-238,,,,S33,,,0e588fc9-492b-4343-99c7-c50be8a9d848,0e588fc9-492b-4343-99c7-c50be8a9d848,74.568379,no,no,unmapped_raw_key;after_help
P09,with_tutor,T01,16459,2026-05-28T23:56:27.300332+00:00,1780012587.2973056,dcs_bios_raw,CANOPY_POS,49037,48799,-238,,,,S33,,,0e588fc9-492b-4343-99c7-c50be8a9d848,0e588fc9-492b-4343-99c7-c50be8a9d848,74.610652,no,no,unmapped_raw_key;after_help
P09,with_tutor,T01,16460,2026-05-28T23:56:27.343491+00:00,1780012587.338958,dcs_bios_raw,CANOPY_POS,48799,48560,-239,,,,S33,,,0e588fc9-492b-4343-99c7-c50be8a9d848,0e588fc9-492b-4343-99c7-c50be8a9d848,74.652304,no,no,unmapped_raw_key;after_help
P09,with_tutor,T01,16461,2026-05-28T23:56:27.383599+00:00,1780012587.3805351,dcs_bios_raw,CANOPY_POS,48560,48322,-238,,,,S33,,,0e588fc9-492b-4343-99c7-c50be8a9d848,0e588fc9-492b-4343-99c7-c50be8a9d848,74.693882,no,no,unmapped_raw_key;after_help
P09,with_tutor,T01,16462,2026-05-28T23:56:27.425183+00:00,1780012587.422122,dcs_bios_raw,CANOPY_POS,48322,48084,-238,,,,S33,,,0e588fc9-492b-4343-99c7-c50be8a9d848,0e588fc9-492b-4343-99c7-c50be8a9d848,74.735468,no,no,unmapped_raw_key;after_help
P09,with_tutor,T01,16463,2026-05-28T23:56:27.467273+00:00,1780012587.4626806,dcs_bios_raw,CANOPY_POS,48084,47786,-298,,,,S33,,,0e588fc9-492b-4343-99c7-c50be8a9d848,0e588fc9-492b-4343-99c7-c50be8a9d848,74.776027,no,no,unmapped_raw_key;after_help
P09,with_tutor,T01,16464,2026-05-28T23:56:27.507880+00:00,1780012587.5048413,dcs_bios_raw,CANOPY_POS,47786,47548,-238,,,,S33,,,0e588fc9-492b-4343-99c7-c50be8a9d848,0e588fc9-492b-4343-99c7-c50be8a9d848,74.818188,no,no,unmapped_raw_key;after_help
P09,with_tutor,T01,16465,2026-05-28T23:56:27.550107+00:00,1780012587.5464919,dcs_bios_raw,CANOPY_POS,47548,47309,-239,,,,S33,,,0e588fc9-492b-4343-99c7-c50be8a9d848,0e588fc9-492b-4343-99c7-c50be8a9d848,74.859838,no,no,unmapped_raw_key;after_help
P09,with_tutor,T01,16466,2026-05-28T23:56:27.594254+00:00,1780012587.5881257,dcs_bios_raw,CANOPY_POS,47309,47071,-238,,,,S33,,,0e588fc9-492b-4343-99c7-c50be8a9d848,0e588fc9-492b-4343-99c7-c50be8a9d848,74.901472,no,no,unmapped_raw_key;after_help
P09,with_tutor,T01,16467,2026-05-28T23:56:27.632789+00:00,1780012587.629744,dcs_bios_raw,CANOPY_POS,47071,46833,-238,,,,S33,,,0e588fc9-492b-4343-99c7-c50be8a9d848,0e588fc9-492b-4343-99c7-c50be8a9d848,74.94309,no,no,unmapped_raw_key;after_help
P09,with_tutor,T01,16468,2026-05-28T23:56:27.674909+00:00,1780012587.6718397,dcs_bios_raw,CANOPY_POS,46833,46594,-239,,,,S33,,,0e588fc9-492b-4343-99c7-c50be8a9d848,0e588fc9-492b-4343-99c7-c50be8a9d848,74.985186,no,no,unmapped_raw_key;after_help
P09,with_tutor,T01,16469,2026-05-28T23:56:27.716525+00:00,1780012587.7134953,dcs_bios_raw,CANOPY_POS,46594,46296,-298,,,,S33,,,0e588fc9-492b-4343-99c7-c50be8a9d848,0e588fc9-492b-4343-99c7-c50be8a9d848,75.026842,no,no,unmapped_raw_key;after_help
P09,with_tutor,T01,16470,2026-05-28T23:56:27.759708+00:00,1780012587.7550783,dcs_bios_raw,CANOPY_POS,46296,46058,-238,,,,S33,,,0e588fc9-492b-4343-99c7-c50be8a9d848,0e588fc9-492b-4343-99c7-c50be8a9d848,75.068425,no,no,unmapped_raw_key;after_help
P09,with_tutor,T01,16471,2026-05-28T23:56:27.800255+00:00,1780012587.7972305,dcs_bios_raw,CANOPY_POS,46058,45820,-238,,,,S33,,,0e588fc9-492b-4343-99c7-c50be8a9d848,0e588fc9-492b-4343-99c7-c50be8a9d848,75.110577,no,no,unmapped_raw_key;after_help
P09,with_tutor,T01,16472,2026-05-28T23:56:27.843499+00:00,1780012587.838903,dcs_bios_raw,CANOPY_POS,45820,45582,-238,,,,S33,,,0e588fc9-492b-4343-99c7-c50be8a9d848,0e588fc9-492b-4343-99c7-c50be8a9d848,75.152249,no,no,unmapped_raw_key;after_help
P09,with_tutor,T01,16473,2026-05-28T23:56:27.884174+00:00,1780012587.8796124,dcs_bios_raw,CANOPY_POS,45582,45343,-239,,,,S33,,,0e588fc9-492b-4343-99c7-c50be8a9d848,0e588fc9-492b-4343-99c7-c50be8a9d848,75.192959,no,no,unmapped_raw_key;after_help
P09,with_tutor,T01,16474,2026-05-28T23:56:27.924246+00:00,1780012587.9212098,dcs_bios_raw,CANOPY_POS,45343,45105,-238,,,,S33,,,0e588fc9-492b-4343-99c7-c50be8a9d848,0e588fc9-492b-4343-99c7-c50be8a9d848,75.234556,no,no,unmapped_raw_key;after_help
P09,with_tutor,T01,16475,2026-05-28T23:56:27.965865+00:00,1780012587.962781,dcs_bios_raw,CANOPY_POS,45105,44807,-298,,,,S33,,,0e588fc9-492b-4343-99c7-c50be8a9d848,0e588fc9-492b-4343-99c7-c50be8a9d848,75.276127,no,no,unmapped_raw_key;after_help
P09,with_tutor,T01,16476,2026-05-28T23:56:28.010019+00:00,1780012588.0049229,dcs_bios_raw,CANOPY_POS,44807,44569,-238,,,,S33,,,0e588fc9-492b-4343-99c7-c50be8a9d848,0e588fc9-492b-4343-99c7-c50be8a9d848,75.318269,no,no,unmapped_raw_key;after_help
P09,with_tutor,T01,16477,2026-05-28T23:56:28.048014+00:00,1780012588.0464854,dcs_bios_raw,CANOPY_POS,44569,44330,-239,,,,S33,,,0e588fc9-492b-4343-99c7-c50be8a9d848,0e588fc9-492b-4343-99c7-c50be8a9d848,75.359832,no,no,unmapped_raw_key;after_help
P09,with_tutor,T01,16478,2026-05-28T23:56:28.091259+00:00,1780012588.0882194,dcs_bios_raw,CANOPY_POS,44330,44092,-238,,,,S33,,,0e588fc9-492b-4343-99c7-c50be8a9d848,0e588fc9-492b-4343-99c7-c50be8a9d848,75.401566,no,no,unmapped_raw_key;after_help
P09,with_tutor,T01,16479,2026-05-28T23:56:28.133361+00:00,1780012588.1303267,dcs_bios_raw,CANOPY_POS,44092,43854,-238,,,,S33,,,0e588fc9-492b-4343-99c7-c50be8a9d848,0e588fc9-492b-4343-99c7-c50be8a9d848,75.443673,no,no,unmapped_raw_key;after_help
P09,with_tutor,T01,16480,2026-05-28T23:56:28.176524+00:00,1780012588.1719384,dcs_bios_raw,CANOPY_POS,43854,43556,-298,,,,S33,,,0e588fc9-492b-4343-99c7-c50be8a9d848,0e588fc9-492b-4343-99c7-c50be8a9d848,75.485285,no,no,unmapped_raw_key;after_help
P09,with_tutor,T01,16481,2026-05-28T23:56:28.218339+00:00,1780012588.2137864,dcs_bios_raw,CANOPY_POS,43556,43318,-238,,,,S33,,,0e588fc9-492b-4343-99c7-c50be8a9d848,0e588fc9-492b-4343-99c7-c50be8a9d848,75.527133,no,no,unmapped_raw_key;after_help
P09,with_tutor,T01,16482,2026-05-28T23:56:28.257422+00:00,1780012588.2543683,dcs_bios_raw,CANOPY_POS,43318,43079,-239,,,,S33,,,0e588fc9-492b-4343-99c7-c50be8a9d848,0e588fc9-492b-4343-99c7-c50be8a9d848,75.567715,no,no,unmapped_raw_key;after_help
P09,with_tutor,T01,16483,2026-05-28T23:56:28.302092+00:00,1780012588.296512,dcs_bios_raw,CANOPY_POS,43079,42841,-238,,,,S33,,,0e588fc9-492b-4343-99c7-c50be8a9d848,0e588fc9-492b-4343-99c7-c50be8a9d848,75.609858,no,no,unmapped_raw_key;after_help
P09,with_tutor,T01,16484,2026-05-28T23:56:28.341183+00:00,1780012588.3381023,dcs_bios_raw,CANOPY_POS,42841,42603,-238,,,,S33,,,0e588fc9-492b-4343-99c7-c50be8a9d848,0e588fc9-492b-4343-99c7-c50be8a9d848,75.651449,no,no,unmapped_raw_key;after_help
P09,with_tutor,T01,16485,2026-05-28T23:56:28.383371+00:00,1780012588.380335,dcs_bios_raw,CANOPY_POS,42603,42364,-239,,,,S33,,,0e588fc9-492b-4343-99c7-c50be8a9d848,0e588fc9-492b-4343-99c7-c50be8a9d848,75.693681,no,no,unmapped_raw_key;after_help
P09,with_tutor,T01,16486,2026-05-28T23:56:28.428120+00:00,1780012588.4204948,dcs_bios_raw,CANOPY_POS,42364,42126,-238,,,,S33,,,0e588fc9-492b-4343-99c7-c50be8a9d848,0e588fc9-492b-4343-99c7-c50be8a9d848,75.733841,no,no,unmapped_raw_key;after_help
P09,with_tutor,T01,16487,2026-05-28T23:56:28.464193+00:00,1780012588.461142,dcs_bios_raw,CANOPY_POS,42126,41828,-298,,,,S33,,,0e588fc9-492b-4343-99c7-c50be8a9d848,0e588fc9-492b-4343-99c7-c50be8a9d848,75.774488,no,no,unmapped_raw_key;after_help
P09,with_tutor,T01,16488,2026-05-28T23:56:28.506494+00:00,1780012588.5018718,dcs_bios_raw,CANOPY_POS,41828,41590,-238,,,,S33,,,0e588fc9-492b-4343-99c7-c50be8a9d848,0e588fc9-492b-4343-99c7-c50be8a9d848,75.815218,no,no,unmapped_raw_key;after_help
P09,with_tutor,T01,16489,2026-05-28T23:56:28.546690+00:00,1780012588.5436137,dcs_bios_raw,CANOPY_POS,41590,41352,-238,,,,S33,,,0e588fc9-492b-4343-99c7-c50be8a9d848,0e588fc9-492b-4343-99c7-c50be8a9d848,75.85696,no,no,unmapped_raw_key;after_help
P09,with_tutor,T01,16490,2026-05-28T23:56:28.591399+00:00,1780012588.585789,dcs_bios_raw,CANOPY_POS,41352,41113,-239,,,,S33,,,0e588fc9-492b-4343-99c7-c50be8a9d848,0e588fc9-492b-4343-99c7-c50be8a9d848,75.899135,no,no,unmapped_raw_key;after_help
P09,with_tutor,T01,16491,2026-05-28T23:56:28.630420+00:00,1780012588.6278436,dcs_bios_raw,CANOPY_POS,41113,40875,-238,,,,S33,,,0e588fc9-492b-4343-99c7-c50be8a9d848,0e588fc9-492b-4343-99c7-c50be8a9d848,75.94119,no,no,unmapped_raw_key;after_help
P09,with_tutor,T01,16492,2026-05-28T23:56:28.673525+00:00,1780012588.6694195,dcs_bios_raw,CANOPY_POS,40875,40577,-298,,,,S33,,,0e588fc9-492b-4343-99c7-c50be8a9d848,0e588fc9-492b-4343-99c7-c50be8a9d848,75.982766,no,no,unmapped_raw_key;after_help
P09,with_tutor,T01,16493,2026-05-28T23:56:28.713617+00:00,1780012588.7105744,dcs_bios_raw,CANOPY_POS,40577,40339,-238,,,,S33,,,0e588fc9-492b-4343-99c7-c50be8a9d848,0e588fc9-492b-4343-99c7-c50be8a9d848,76.023921,no,no,unmapped_raw_key;after_help
P09,with_tutor,T01,16494,2026-05-28T23:56:28.755810+00:00,1780012588.7527413,dcs_bios_raw,CANOPY_POS,40339,40100,-239,,,,S33,,,0e588fc9-492b-4343-99c7-c50be8a9d848,0e588fc9-492b-4343-99c7-c50be8a9d848,76.066088,no,no,unmapped_raw_key;after_help
P09,with_tutor,T01,16495,2026-05-28T23:56:28.797958+00:00,1780012588.7948883,dcs_bios_raw,CANOPY_POS,40100,39862,-238,,,,S33,,,0e588fc9-492b-4343-99c7-c50be8a9d848,0e588fc9-492b-4343-99c7-c50be8a9d848,76.108235,no,no,unmapped_raw_key;after_help
P09,with_tutor,T01,16496,2026-05-28T23:56:28.840612+00:00,1780012588.836522,dcs_bios_raw,CANOPY_POS,39862,39624,-238,,,,S33,,,0e588fc9-492b-4343-99c7-c50be8a9d848,0e588fc9-492b-4343-99c7-c50be8a9d848,76.149868,no,no,unmapped_raw_key;after_help
P09,with_tutor,T01,16497,2026-05-28T23:56:28.882659+00:00,1780012588.8780725,dcs_bios_raw,CANOPY_POS,39624,39385,-239,,,,S33,,,0e588fc9-492b-4343-99c7-c50be8a9d848,0e588fc9-492b-4343-99c7-c50be8a9d848,76.191419,no,no,unmapped_raw_key;after_help
P09,with_tutor,T01,16498,2026-05-28T23:56:28.922763+00:00,1780012588.9181092,dcs_bios_raw,CANOPY_POS,39385,39147,-238,,,,S33,,,0e588fc9-492b-4343-99c7-c50be8a9d848,0e588fc9-492b-4343-99c7-c50be8a9d848,76.231456,no,no,unmapped_raw_key;after_help
P09,with_tutor,T01,16499,2026-05-28T23:56:28.962904+00:00,1780012588.9613624,dcs_bios_raw,CANOPY_POS,39147,38909,-238,,,,S33,,,0e588fc9-492b-4343-99c7-c50be8a9d848,0e588fc9-492b-4343-99c7-c50be8a9d848,76.274709,no,no,unmapped_raw_key;after_help
P09,with_tutor,T01,16500,2026-05-28T23:56:29.005090+00:00,1780012589.0019903,dcs_bios_raw,CANOPY_POS,38909,38671,-238,,,,S33,,,0e588fc9-492b-4343-99c7-c50be8a9d848,0e588fc9-492b-4343-99c7-c50be8a9d848,76.315337,no,no,unmapped_raw_key;after_help
P09,with_tutor,T01,16501,2026-05-28T23:56:29.046691+00:00,1780012589.0451484,dcs_bios_raw,CANOPY_POS,38671,38373,-298,,,,S33,,,0e588fc9-492b-4343-99c7-c50be8a9d848,0e588fc9-492b-4343-99c7-c50be8a9d848,76.358495,no,no,unmapped_raw_key;after_help
P09,with_tutor,T01,16502,2026-05-28T23:56:29.089844+00:00,1780012589.0857344,dcs_bios_raw,CANOPY_POS,38373,38134,-239,,,,S33,,,0e588fc9-492b-4343-99c7-c50be8a9d848,0e588fc9-492b-4343-99c7-c50be8a9d848,76.399081,no,no,unmapped_raw_key;after_help
P09,with_tutor,T01,16503,2026-05-28T23:56:29.133494+00:00,1780012589.1274478,dcs_bios_raw,CANOPY_POS,38134,37896,-238,,,,S33,,,0e588fc9-492b-4343-99c7-c50be8a9d848,0e588fc9-492b-4343-99c7-c50be8a9d848,76.440794,no,no,unmapped_raw_key;after_help
P09,with_tutor,T01,16504,2026-05-28T23:56:29.172123+00:00,1780012589.1700685,dcs_bios_raw,CANOPY_POS,37896,37658,-238,,,,S33,,,0e588fc9-492b-4343-99c7-c50be8a9d848,0e588fc9-492b-4343-99c7-c50be8a9d848,76.483415,no,no,unmapped_raw_key;after_help
P09,with_tutor,T01,16505,2026-05-28T23:56:29.213722+00:00,1780012589.2106404,dcs_bios_raw,CANOPY_POS,37658,37419,-239,,,,S33,,,0e588fc9-492b-4343-99c7-c50be8a9d848,0e588fc9-492b-4343-99c7-c50be8a9d848,76.523987,no,no,unmapped_raw_key;after_help
P09,with_tutor,T01,16506,2026-05-28T23:56:29.257365+00:00,1780012589.2527673,dcs_bios_raw,CANOPY_POS,37419,37181,-238,,,,S33,,,0e588fc9-492b-4343-99c7-c50be8a9d848,0e588fc9-492b-4343-99c7-c50be8a9d848,76.566114,no,no,unmapped_raw_key;after_help
P09,with_tutor,T01,16507,2026-05-28T23:56:29.297948+00:00,1780012589.2948725,dcs_bios_raw,CANOPY_POS,37181,36943,-238,,,,S33,,,0e588fc9-492b-4343-99c7-c50be8a9d848,0e588fc9-492b-4343-99c7-c50be8a9d848,76.608219,no,no,unmapped_raw_key;after_help
P09,with_tutor,T01,16508,2026-05-28T23:56:29.325825+00:00,1780012589.3227837,dcs_bios_raw,CANOPY_POS,36943,36645,-298,,,,S33,,,0e588fc9-492b-4343-99c7-c50be8a9d848,0e588fc9-492b-4343-99c7-c50be8a9d848,76.63613,no,no,unmapped_raw_key;after_help
P09,with_tutor,T01,16509,2026-05-28T23:56:29.367864+00:00,1780012589.364825,dcs_bios_raw,CANOPY_POS,36645,36466,-179,,,,S33,,,0e588fc9-492b-4343-99c7-c50be8a9d848,0e588fc9-492b-4343-99c7-c50be8a9d848,76.678171,no,no,unmapped_raw_key;after_help
P09,with_tutor,T01,16510,2026-05-28T23:56:29.409469+00:00,1780012589.4064267,dcs_bios_raw,CANOPY_POS,36466,36228,-238,,,,S33,,,0e588fc9-492b-4343-99c7-c50be8a9d848,0e588fc9-492b-4343-99c7-c50be8a9d848,76.719773,no,no,unmapped_raw_key;after_help
P09,with_tutor,T01,16511,2026-05-28T23:56:29.450562+00:00,1780012589.446501,dcs_bios_raw,CANOPY_POS,36228,35990,-238,,,,S33,,,0e588fc9-492b-4343-99c7-c50be8a9d848,0e588fc9-492b-4343-99c7-c50be8a9d848,76.759847,no,no,unmapped_raw_key;after_help
P09,with_tutor,T01,16512,2026-05-28T23:56:29.492666+00:00,1780012589.4896176,dcs_bios_raw,CANOPY_POS,35990,35751,-239,,,,S33,,,0e588fc9-492b-4343-99c7-c50be8a9d848,0e588fc9-492b-4343-99c7-c50be8a9d848,76.802964,no,no,unmapped_raw_key;after_help
P09,with_tutor,T01,16513,2026-05-28T23:56:29.534914+00:00,1780012589.5318687,dcs_bios_raw,CANOPY_POS,35751,35453,-298,,,,S33,,,0e588fc9-492b-4343-99c7-c50be8a9d848,0e588fc9-492b-4343-99c7-c50be8a9d848,76.845215,no,no,unmapped_raw_key;after_help
P09,with_tutor,T01,16514,2026-05-28T23:56:29.576619+00:00,1780012589.572065,dcs_bios_raw,CANOPY_POS,35453,35215,-238,,,,S33,,,0e588fc9-492b-4343-99c7-c50be8a9d848,0e588fc9-492b-4343-99c7-c50be8a9d848,76.885412,no,no,unmapped_raw_key;after_help
P09,with_tutor,T01,16515,2026-05-28T23:56:29.618165+00:00,1780012589.615127,dcs_bios_raw,CANOPY_POS,35215,35036,-179,,,,S33,,,0e588fc9-492b-4343-99c7-c50be8a9d848,0e588fc9-492b-4343-99c7-c50be8a9d848,76.928473,no,no,unmapped_raw_key;after_help
P09,with_tutor,T01,16516,2026-05-28T23:56:29.659718+00:00,1780012589.6566696,dcs_bios_raw,CANOPY_POS,35036,34738,-298,,,,S33,,,0e588fc9-492b-4343-99c7-c50be8a9d848,0e588fc9-492b-4343-99c7-c50be8a9d848,76.970016,no,no,unmapped_raw_key;after_help
P09,with_tutor,T01,16517,2026-05-28T23:56:29.700319+00:00,1780012589.6988149,dcs_bios_raw,CANOPY_POS,34738,34500,-238,,,,S33,,,0e588fc9-492b-4343-99c7-c50be8a9d848,0e588fc9-492b-4343-99c7-c50be8a9d848,77.012161,no,no,unmapped_raw_key;after_help
P09,with_tutor,T01,16518,2026-05-28T23:56:29.743511+00:00,1780012589.7404351,dcs_bios_raw,CANOPY_POS,34500,34262,-238,,,,S33,,,0e588fc9-492b-4343-99c7-c50be8a9d848,0e588fc9-492b-4343-99c7-c50be8a9d848,77.053782,no,no,unmapped_raw_key;after_help
P09,with_tutor,T01,16519,2026-05-28T23:56:29.784238+00:00,1780012589.782706,dcs_bios_raw,CANOPY_POS,34262,33964,-298,,,,S33,,,0e588fc9-492b-4343-99c7-c50be8a9d848,0e588fc9-492b-4343-99c7-c50be8a9d848,77.096052,no,no,unmapped_raw_key;after_help
P09,with_tutor,T01,16520,2026-05-28T23:56:29.826346+00:00,1780012589.8233001,dcs_bios_raw,CANOPY_POS,33964,33726,-238,,,,S33,,,0e588fc9-492b-4343-99c7-c50be8a9d848,0e588fc9-492b-4343-99c7-c50be8a9d848,77.136647,no,no,unmapped_raw_key;after_help
P09,with_tutor,T01,16521,2026-05-28T23:56:29.854243+00:00,1780012589.8511918,dcs_bios_raw,CANOPY_POS,33726,33547,-179,,,,S33,,,0e588fc9-492b-4343-99c7-c50be8a9d848,0e588fc9-492b-4343-99c7-c50be8a9d848,77.164538,no,no,unmapped_raw_key;after_help
P09,with_tutor,T01,16522,2026-05-28T23:56:29.896298+00:00,1780012589.8932588,dcs_bios_raw,CANOPY_POS,33547,33309,-238,,,,S33,,,0e588fc9-492b-4343-99c7-c50be8a9d848,0e588fc9-492b-4343-99c7-c50be8a9d848,77.206605,no,no,unmapped_raw_key;after_help
P09,with_tutor,T01,16523,2026-05-28T23:56:29.937910+00:00,1780012589.9348655,dcs_bios_raw,CANOPY_POS,33309,33070,-239,,,,S33,,,0e588fc9-492b-4343-99c7-c50be8a9d848,0e588fc9-492b-4343-99c7-c50be8a9d848,77.248212,no,no,unmapped_raw_key;after_help
P09,with_tutor,T01,16524,2026-05-28T23:56:29.980556+00:00,1780012589.9765005,dcs_bios_raw,CANOPY_POS,33070,32832,-238,,,,S33,,,0e588fc9-492b-4343-99c7-c50be8a9d848,0e588fc9-492b-4343-99c7-c50be8a9d848,77.289847,no,no,unmapped_raw_key;after_help
P09,with_tutor,T01,16525,2026-05-28T23:56:30.020593+00:00,1780012590.0180473,dcs_bios_raw,CANOPY_POS,32832,32580,-252,,,,S33,,,0e588fc9-492b-4343-99c7-c50be8a9d848,0e588fc9-492b-4343-99c7-c50be8a9d848,77.331394,no,no,unmapped_raw_key;after_help
P09,with_tutor,T01,16526,2026-05-28T23:56:30.062699+00:00,1780012590.059658,dcs_bios_raw,CANOPY_POS,32580,32268,-312,,,,S33,,,0e588fc9-492b-4343-99c7-c50be8a9d848,0e588fc9-492b-4343-99c7-c50be8a9d848,77.373004,no,no,unmapped_raw_key;after_help
P09,with_tutor,T01,16527,2026-05-28T23:56:30.096660+00:00,1780012590.0880058,dcs_bios_raw,CANOPY_POS,32268,31911,-357,,,,S33,,,0e588fc9-492b-4343-99c7-c50be8a9d848,0e588fc9-492b-4343-99c7-c50be8a9d848,77.401352,no,no,unmapped_raw_key;after_help
P09,with_tutor,T01,16528,2026-05-28T23:56:30.133653+00:00,1780012590.1295638,dcs_bios_raw,CANOPY_POS,31911,31623,-288,,,,S33,,,0e588fc9-492b-4343-99c7-c50be8a9d848,0e588fc9-492b-4343-99c7-c50be8a9d848,77.44291,no,no,unmapped_raw_key;after_help
P09,with_tutor,T01,16529,2026-05-28T23:56:30.172707+00:00,1780012590.1696653,dcs_bios_raw,CANOPY_POS,31623,31117,-506,,,,S33,,,0e588fc9-492b-4343-99c7-c50be8a9d848,0e588fc9-492b-4343-99c7-c50be8a9d848,77.483012,no,no,unmapped_raw_key;after_help
P09,with_tutor,T01,16530,2026-05-28T23:56:30.214858+00:00,1780012590.211811,dcs_bios_raw,CANOPY_POS,31117,30802,-315,,,,S33,,,0e588fc9-492b-4343-99c7-c50be8a9d848,0e588fc9-492b-4343-99c7-c50be8a9d848,77.525157,no,no,unmapped_raw_key;after_help
P09,with_tutor,T01,16531,2026-05-28T23:56:30.256622+00:00,1780012590.2535286,dcs_bios_raw,CANOPY_POS,30802,30264,-538,,,,S33,,,0e588fc9-492b-4343-99c7-c50be8a9d848,0e588fc9-492b-4343-99c7-c50be8a9d848,77.566875,no,no,unmapped_raw_key;after_help
P09,with_tutor,T01,16532,2026-05-28T23:56:30.298753+00:00,1780012590.2957146,dcs_bios_raw,CANOPY_POS,30264,29937,-327,,,,S33,,,0e588fc9-492b-4343-99c7-c50be8a9d848,0e588fc9-492b-4343-99c7-c50be8a9d848,77.609061,no,no,unmapped_raw_key;after_help
P09,with_tutor,T01,16533,2026-05-28T23:56:30.329664+00:00,1780012590.3236003,dcs_bios_raw,CANOPY_POS,29937,29384,-553,,,,S33,,,0e588fc9-492b-4343-99c7-c50be8a9d848,0e588fc9-492b-4343-99c7-c50be8a9d848,77.636947,no,no,unmapped_raw_key;after_help
P09,with_tutor,T01,16534,2026-05-28T23:56:30.370289+00:00,1780012590.3657303,dcs_bios_raw,CANOPY_POS,29384,29051,-333,,,,S33,,,0e588fc9-492b-4343-99c7-c50be8a9d848,0e588fc9-492b-4343-99c7-c50be8a9d848,77.679077,no,no,unmapped_raw_key;after_help
P09,with_tutor,T01,16535,2026-05-28T23:56:30.409888+00:00,1780012590.406331,dcs_bios_raw,CANOPY_POS,29051,28604,-447,,,,S33,,,0e588fc9-492b-4343-99c7-c50be8a9d848,0e588fc9-492b-4343-99c7-c50be8a9d848,77.719677,no,no,unmapped_raw_key;after_help
P09,with_tutor,T01,16536,2026-05-28T23:56:30.451952+00:00,1780012590.4478993,dcs_bios_raw,CANOPY_POS,28604,28155,-449,,,,S33,,,0e588fc9-492b-4343-99c7-c50be8a9d848,0e588fc9-492b-4343-99c7-c50be8a9d848,77.761246,no,no,unmapped_raw_key;after_help
P09,with_tutor,T01,16537,2026-05-28T23:56:30.493649+00:00,1780012590.49009,dcs_bios_raw,CANOPY_POS,28155,27705,-450,,,,S33,,,0e588fc9-492b-4343-99c7-c50be8a9d848,0e588fc9-492b-4343-99c7-c50be8a9d848,77.803436,no,no,unmapped_raw_key;after_help
P09,with_tutor,T01,16538,2026-05-28T23:56:30.534224+00:00,1780012590.5311604,dcs_bios_raw,CANOPY_POS,27705,27255,-450,,,,S33,,,0e588fc9-492b-4343-99c7-c50be8a9d848,0e588fc9-492b-4343-99c7-c50be8a9d848,77.844507,no,no,unmapped_raw_key;after_help
P09,with_tutor,T01,16539,2026-05-28T23:56:30.577829+00:00,1780012590.573268,dcs_bios_raw,CANOPY_POS,27255,26804,-451,,,,S33,,,0e588fc9-492b-4343-99c7-c50be8a9d848,0e588fc9-492b-4343-99c7-c50be8a9d848,77.886614,no,no,unmapped_raw_key;after_help
P09,with_tutor,T01,16540,2026-05-28T23:56:30.619790+00:00,1780012590.6142411,dcs_bios_raw,CANOPY_POS,26804,26240,-564,,,,S33,,,0e588fc9-492b-4343-99c7-c50be8a9d848,0e588fc9-492b-4343-99c7-c50be8a9d848,77.927588,no,no,unmapped_raw_key;after_help
P09,with_tutor,T01,16541,2026-05-28T23:56:30.658843+00:00,1780012590.6557958,dcs_bios_raw,CANOPY_POS,26240,25789,-451,,,,S33,,,0e588fc9-492b-4343-99c7-c50be8a9d848,0e588fc9-492b-4343-99c7-c50be8a9d848,77.969142,no,no,unmapped_raw_key;after_help
P09,with_tutor,T01,16542,2026-05-28T23:56:30.700451+00:00,1780012590.6979098,dcs_bios_raw,CANOPY_POS,25789,25337,-452,,,,S33,,,0e588fc9-492b-4343-99c7-c50be8a9d848,0e588fc9-492b-4343-99c7-c50be8a9d848,78.011256,no,no,unmapped_raw_key;after_help
P09,with_tutor,T01,16543,2026-05-28T23:56:30.743517+00:00,1780012590.7389758,dcs_bios_raw,CANOPY_POS,25337,24885,-452,,,,S33,,,0e588fc9-492b-4343-99c7-c50be8a9d848,0e588fc9-492b-4343-99c7-c50be8a9d848,78.052322,no,no,unmapped_raw_key;after_help
P09,with_tutor,T01,16544,2026-05-28T23:56:30.783679+00:00,1780012590.7801182,dcs_bios_raw,CANOPY_POS,24885,24320,-565,,,,S33,,,0e588fc9-492b-4343-99c7-c50be8a9d848,0e588fc9-492b-4343-99c7-c50be8a9d848,78.093465,no,no,unmapped_raw_key;after_help
P09,with_tutor,T01,16545,2026-05-28T23:56:30.825805+00:00,1780012590.8212392,dcs_bios_raw,CANOPY_POS,24320,23868,-452,,,,S33,,,0e588fc9-492b-4343-99c7-c50be8a9d848,0e588fc9-492b-4343-99c7-c50be8a9d848,78.134586,no,no,unmapped_raw_key;after_help
P09,with_tutor,T01,16546,2026-05-28T23:56:30.864904+00:00,1780012590.8633788,dcs_bios_raw,CANOPY_POS,23868,23417,-451,,,,S33,,,0e588fc9-492b-4343-99c7-c50be8a9d848,0e588fc9-492b-4343-99c7-c50be8a9d848,78.176725,no,no,unmapped_raw_key;after_help
P09,with_tutor,T01,16547,2026-05-28T23:56:30.906621+00:00,1780012590.9035575,dcs_bios_raw,CANOPY_POS,23417,22965,-452,,,,S33,,,0e588fc9-492b-4343-99c7-c50be8a9d848,0e588fc9-492b-4343-99c7-c50be8a9d848,78.216904,no,no,unmapped_raw_key;after_help
P09,with_tutor,T01,16548,2026-05-28T23:56:30.948216+00:00,1780012590.9451456,dcs_bios_raw,CANOPY_POS,22965,22513,-452,,,,S33,,,0e588fc9-492b-4343-99c7-c50be8a9d848,0e588fc9-492b-4343-99c7-c50be8a9d848,78.258492,no,no,unmapped_raw_key;after_help
P09,with_tutor,T01,16549,2026-05-28T23:56:30.990345+00:00,1780012590.9888391,dcs_bios_raw,CANOPY_POS,22513,22061,-452,,,,S33,,,0e588fc9-492b-4343-99c7-c50be8a9d848,0e588fc9-492b-4343-99c7-c50be8a9d848,78.302186,no,no,unmapped_raw_key;after_help
P09,with_tutor,T01,16550,2026-05-28T23:56:31.033404+00:00,1780012591.03037,dcs_bios_raw,CANOPY_POS,22061,21496,-565,,,,S33,,,0e588fc9-492b-4343-99c7-c50be8a9d848,0e588fc9-492b-4343-99c7-c50be8a9d848,78.343716,no,no,unmapped_raw_key;after_help
P09,with_tutor,T01,16551,2026-05-28T23:56:31.074917+00:00,1780012591.07188,dcs_bios_raw,CANOPY_POS,21496,21044,-452,,,,S33,,,0e588fc9-492b-4343-99c7-c50be8a9d848,0e588fc9-492b-4343-99c7-c50be8a9d848,78.385226,no,no,unmapped_raw_key;after_help
P09,with_tutor,T01,16552,2026-05-28T23:56:31.116625+00:00,1780012591.1135905,dcs_bios_raw,CANOPY_POS,21044,20592,-452,,,,S33,,,0e588fc9-492b-4343-99c7-c50be8a9d848,0e588fc9-492b-4343-99c7-c50be8a9d848,78.426937,no,no,unmapped_raw_key;after_help
P09,with_tutor,T01,16553,2026-05-28T23:56:31.158208+00:00,1780012591.1551769,dcs_bios_raw,CANOPY_POS,20592,20140,-452,,,,S33,,,0e588fc9-492b-4343-99c7-c50be8a9d848,0e588fc9-492b-4343-99c7-c50be8a9d848,78.468523,no,no,unmapped_raw_key;after_help
P09,with_tutor,T01,16554,2026-05-28T23:56:31.186625+00:00,1780012591.1835113,dcs_bios_raw,CANOPY_POS,20140,19688,-452,,,,S33,,,0e588fc9-492b-4343-99c7-c50be8a9d848,0e588fc9-492b-4343-99c7-c50be8a9d848,78.496858,no,no,unmapped_raw_key;after_help
P09,with_tutor,T01,16555,2026-05-28T23:56:31.228306+00:00,1780012591.2251961,dcs_bios_raw,CANOPY_POS,19688,19349,-339,,,,S33,,,0e588fc9-492b-4343-99c7-c50be8a9d848,0e588fc9-492b-4343-99c7-c50be8a9d848,78.538543,no,no,unmapped_raw_key;after_help
P09,with_tutor,T01,16556,2026-05-28T23:56:31.268849+00:00,1780012591.265814,dcs_bios_raw,CANOPY_POS,19349,18897,-452,,,,S33,,,0e588fc9-492b-4343-99c7-c50be8a9d848,0e588fc9-492b-4343-99c7-c50be8a9d848,78.57916,no,no,unmapped_raw_key;after_help
P09,with_tutor,T01,16557,2026-05-28T23:56:31.311890+00:00,1780012591.3088703,dcs_bios_raw,CANOPY_POS,18897,18445,-452,,,,S33,,,0e588fc9-492b-4343-99c7-c50be8a9d848,0e588fc9-492b-4343-99c7-c50be8a9d848,78.622217,no,no,unmapped_raw_key;after_help
P09,with_tutor,T01,16558,2026-05-28T23:56:31.351946+00:00,1780012591.350422,dcs_bios_raw,CANOPY_POS,18445,17880,-565,,,,S33,,,0e588fc9-492b-4343-99c7-c50be8a9d848,0e588fc9-492b-4343-99c7-c50be8a9d848,78.663768,no,no,unmapped_raw_key;after_help
P09,with_tutor,T01,16559,2026-05-28T23:56:31.381860+00:00,1780012591.3788393,dcs_bios_raw,CANOPY_POS,17880,17541,-339,,,,S33,,,0e588fc9-492b-4343-99c7-c50be8a9d848,0e588fc9-492b-4343-99c7-c50be8a9d848,78.692186,no,no,unmapped_raw_key;after_help
P09,with_tutor,T01,16560,2026-05-28T23:56:31.429743+00:00,1780012591.4205859,dcs_bios_raw,CANOPY_POS,17541,17089,-452,,,,S33,,,0e588fc9-492b-4343-99c7-c50be8a9d848,0e588fc9-492b-4343-99c7-c50be8a9d848,78.733932,no,no,unmapped_raw_key;after_help
P09,with_tutor,T01,16561,2026-05-28T23:56:31.463690+00:00,1780012591.4621491,dcs_bios_raw,CANOPY_POS,17089,16637,-452,,,,S33,,,0e588fc9-492b-4343-99c7-c50be8a9d848,0e588fc9-492b-4343-99c7-c50be8a9d848,78.775496,no,no,unmapped_raw_key;after_help
P09,with_tutor,T01,16562,2026-05-28T23:56:31.505817+00:00,1780012591.5027716,dcs_bios_raw,CANOPY_POS,16637,16185,-452,,,,S33,,,0e588fc9-492b-4343-99c7-c50be8a9d848,0e588fc9-492b-4343-99c7-c50be8a9d848,78.816118,no,no,unmapped_raw_key;after_help
P09,with_tutor,T01,16563,2026-05-28T23:56:31.550488+00:00,1780012591.5448887,dcs_bios_raw,CANOPY_POS,16185,15733,-452,,,,S33,,,0e588fc9-492b-4343-99c7-c50be8a9d848,0e588fc9-492b-4343-99c7-c50be8a9d848,78.858235,no,no,unmapped_raw_key;after_help
P09,with_tutor,T01,16564,2026-05-28T23:56:31.589539+00:00,1780012591.5865006,dcs_bios_raw,CANOPY_POS,15733,15281,-452,,,,S33,,,0e588fc9-492b-4343-99c7-c50be8a9d848,0e588fc9-492b-4343-99c7-c50be8a9d848,78.899847,no,no,unmapped_raw_key;after_help
P09,with_tutor,T01,16565,2026-05-28T23:56:31.630631+00:00,1780012591.6280897,dcs_bios_raw,CANOPY_POS,15281,14829,-452,,,,S33,,,0e588fc9-492b-4343-99c7-c50be8a9d848,0e588fc9-492b-4343-99c7-c50be8a9d848,78.941436,no,no,unmapped_raw_key;after_help
P09,with_tutor,T01,16566,2026-05-28T23:56:31.674292+00:00,1780012591.6712432,dcs_bios_raw,CANOPY_POS,14829,14377,-452,,,,S33,,,0e588fc9-492b-4343-99c7-c50be8a9d848,0e588fc9-492b-4343-99c7-c50be8a9d848,78.98459,no,no,unmapped_raw_key;after_help
P09,with_tutor,T01,16567,2026-05-28T23:56:31.714872+00:00,1780012591.71184,dcs_bios_raw,CANOPY_POS,14377,13812,-565,,,,S33,,,0e588fc9-492b-4343-99c7-c50be8a9d848,0e588fc9-492b-4343-99c7-c50be8a9d848,79.025186,no,no,unmapped_raw_key;after_help
P09,with_tutor,T01,16568,2026-05-28T23:56:31.756511+00:00,1780012591.7549896,dcs_bios_raw,CANOPY_POS,13812,13360,-452,,,,S33,,,0e588fc9-492b-4343-99c7-c50be8a9d848,0e588fc9-492b-4343-99c7-c50be8a9d848,79.068336,no,no,unmapped_raw_key;after_help
P09,with_tutor,T01,16569,2026-05-28T23:56:31.798092+00:00,1780012591.7965636,dcs_bios_raw,CANOPY_POS,13360,12909,-451,,,,S33,,,0e588fc9-492b-4343-99c7-c50be8a9d848,0e588fc9-492b-4343-99c7-c50be8a9d848,79.10991,no,no,unmapped_raw_key;after_help
P09,with_tutor,T01,16570,2026-05-28T23:56:31.839757+00:00,1780012591.8382416,dcs_bios_raw,CANOPY_POS,12909,12457,-452,,,,S33,,,0e588fc9-492b-4343-99c7-c50be8a9d848,0e588fc9-492b-4343-99c7-c50be8a9d848,79.151588,no,no,unmapped_raw_key;after_help
P09,with_tutor,T01,16571,2026-05-28T23:56:31.881850+00:00,1780012591.8803303,dcs_bios_raw,CANOPY_POS,12457,12005,-452,,,,S33,,,0e588fc9-492b-4343-99c7-c50be8a9d848,0e588fc9-492b-4343-99c7-c50be8a9d848,79.193677,no,no,unmapped_raw_key;after_help
P09,with_tutor,T01,16572,2026-05-28T23:56:31.923488+00:00,1780012591.9204533,dcs_bios_raw,CANOPY_POS,12005,11553,-452,,,,S33,,,0e588fc9-492b-4343-99c7-c50be8a9d848,0e588fc9-492b-4343-99c7-c50be8a9d848,79.2338,no,no,unmapped_raw_key;after_help
P09,with_tutor,T01,16573,2026-05-28T23:56:31.965062+00:00,1780012591.962032,dcs_bios_raw,CANOPY_POS,11553,10988,-565,,,,S33,,,0e588fc9-492b-4343-99c7-c50be8a9d848,0e588fc9-492b-4343-99c7-c50be8a9d848,79.275378,no,no,unmapped_raw_key;after_help
P09,with_tutor,T01,16574,2026-05-28T23:56:32.006677+00:00,1780012592.0036273,dcs_bios_raw,CANOPY_POS,10988,10536,-452,,,,S33,,,0e588fc9-492b-4343-99c7-c50be8a9d848,0e588fc9-492b-4343-99c7-c50be8a9d848,79.316974,no,no,unmapped_raw_key;after_help
P09,with_tutor,T01,16575,2026-05-28T23:56:32.047211+00:00,1780012592.045682,dcs_bios_raw,CANOPY_POS,10536,10084,-452,,,,S33,,,0e588fc9-492b-4343-99c7-c50be8a9d848,0e588fc9-492b-4343-99c7-c50be8a9d848,79.359028,no,no,unmapped_raw_key;after_help
P09,with_tutor,T01,16576,2026-05-28T23:56:32.089834+00:00,1780012592.0873098,dcs_bios_raw,CANOPY_POS,10084,9632,-452,,,,S33,,,0e588fc9-492b-4343-99c7-c50be8a9d848,0e588fc9-492b-4343-99c7-c50be8a9d848,79.400656,no,no,unmapped_raw_key;after_help
P09,with_tutor,T01,16577,2026-05-28T23:56:32.132032+00:00,1780012592.1290126,dcs_bios_raw,CANOPY_POS,9632,9180,-452,,,,S33,,,0e588fc9-492b-4343-99c7-c50be8a9d848,0e588fc9-492b-4343-99c7-c50be8a9d848,79.442359,no,no,unmapped_raw_key;after_help
P09,with_tutor,T01,16578,2026-05-28T23:56:32.173571+00:00,1780012592.1705413,dcs_bios_raw,CANOPY_POS,9180,8728,-452,,,,S33,,,0e588fc9-492b-4343-99c7-c50be8a9d848,0e588fc9-492b-4343-99c7-c50be8a9d848,79.483888,no,no,unmapped_raw_key;after_help
P09,with_tutor,T01,16579,2026-05-28T23:56:32.215184+00:00,1780012592.2131603,dcs_bios_raw,CANOPY_POS,8728,8163,-565,,,,S33,,,0e588fc9-492b-4343-99c7-c50be8a9d848,0e588fc9-492b-4343-99c7-c50be8a9d848,79.526507,no,no,unmapped_raw_key;after_help
P09,with_tutor,T01,16580,2026-05-28T23:56:32.257313+00:00,1780012592.2542772,dcs_bios_raw,CANOPY_POS,8163,7711,-452,,,,S33,,,0e588fc9-492b-4343-99c7-c50be8a9d848,0e588fc9-492b-4343-99c7-c50be8a9d848,79.567624,no,no,unmapped_raw_key;after_help
P09,with_tutor,T01,16581,2026-05-28T23:56:32.300453+00:00,1780012592.2959068,dcs_bios_raw,CANOPY_POS,7711,7259,-452,,,,S33,,,0e588fc9-492b-4343-99c7-c50be8a9d848,0e588fc9-492b-4343-99c7-c50be8a9d848,79.609253,no,no,unmapped_raw_key;after_help
P09,with_tutor,T01,16582,2026-05-28T23:56:32.340595+00:00,1780012592.3380506,dcs_bios_raw,CANOPY_POS,7259,6807,-452,,,,S33,,,0e588fc9-492b-4343-99c7-c50be8a9d848,0e588fc9-492b-4343-99c7-c50be8a9d848,79.651397,no,no,unmapped_raw_key;after_help
P09,with_tutor,T01,16583,2026-05-28T23:56:32.384226+00:00,1780012592.3796594,dcs_bios_raw,CANOPY_POS,6807,6355,-452,,,,S33,,,0e588fc9-492b-4343-99c7-c50be8a9d848,0e588fc9-492b-4343-99c7-c50be8a9d848,79.693006,no,no,unmapped_raw_key;after_help
P09,with_tutor,T01,16584,2026-05-28T23:56:32.427349+00:00,1780012592.4212916,dcs_bios_raw,CANOPY_POS,6355,5903,-452,,,,S33,,,0e588fc9-492b-4343-99c7-c50be8a9d848,0e588fc9-492b-4343-99c7-c50be8a9d848,79.734638,no,no,unmapped_raw_key;after_help
P09,with_tutor,T01,16585,2026-05-28T23:56:32.464837+00:00,1780012592.4633145,dcs_bios_raw,CANOPY_POS,5903,5338,-565,,,,S33,,,0e588fc9-492b-4343-99c7-c50be8a9d848,0e588fc9-492b-4343-99c7-c50be8a9d848,79.776661,no,no,unmapped_raw_key;after_help
P09,with_tutor,T01,16586,2026-05-28T23:56:32.507917+00:00,1780012592.5048826,dcs_bios_raw,CANOPY_POS,5338,4886,-452,,,,S33,,,0e588fc9-492b-4343-99c7-c50be8a9d848,0e588fc9-492b-4343-99c7-c50be8a9d848,79.818229,no,no,unmapped_raw_key;after_help
P09,with_tutor,T01,16587,2026-05-28T23:56:32.547997+00:00,1780012592.5464776,dcs_bios_raw,CANOPY_POS,4886,4434,-452,,,,S33,,,0e588fc9-492b-4343-99c7-c50be8a9d848,0e588fc9-492b-4343-99c7-c50be8a9d848,79.859824,no,no,unmapped_raw_key;after_help
P09,with_tutor,T01,16588,2026-05-28T23:56:32.589653+00:00,1780012592.588127,dcs_bios_raw,CANOPY_POS,4434,3982,-452,,,,S33,,,0e588fc9-492b-4343-99c7-c50be8a9d848,0e588fc9-492b-4343-99c7-c50be8a9d848,79.901473,no,no,unmapped_raw_key;after_help
P09,with_tutor,T01,16589,2026-05-28T23:56:32.631963+00:00,1780012592.6299365,dcs_bios_raw,CANOPY_POS,3982,3530,-452,,,,S33,,,0e588fc9-492b-4343-99c7-c50be8a9d848,0e588fc9-492b-4343-99c7-c50be8a9d848,79.943283,no,no,unmapped_raw_key;after_help
P09,with_tutor,T01,16590,2026-05-28T23:56:32.673564+00:00,1780012592.670536,dcs_bios_raw,CANOPY_POS,3530,3078,-452,,,,S33,,,0e588fc9-492b-4343-99c7-c50be8a9d848,0e588fc9-492b-4343-99c7-c50be8a9d848,79.983882,no,no,unmapped_raw_key;after_help
P09,with_tutor,T01,16591,2026-05-28T23:56:32.715154+00:00,1780012592.7136347,dcs_bios_raw,CANOPY_POS,3078,2626,-452,,,,S33,,,0e588fc9-492b-4343-99c7-c50be8a9d848,0e588fc9-492b-4343-99c7-c50be8a9d848,80.026981,no,no,unmapped_raw_key;after_help
P09,with_tutor,T01,16592,2026-05-28T23:56:32.758180+00:00,1780012592.7551324,dcs_bios_raw,CANOPY_POS,2626,2061,-565,,,,S33,,,0e588fc9-492b-4343-99c7-c50be8a9d848,0e588fc9-492b-4343-99c7-c50be8a9d848,80.068479,no,no,unmapped_raw_key;after_help
P09,with_tutor,T01,16593,2026-05-28T23:56:32.801823+00:00,1780012592.797277,dcs_bios_raw,CANOPY_POS,2061,1609,-452,,,,S33,,,0e588fc9-492b-4343-99c7-c50be8a9d848,0e588fc9-492b-4343-99c7-c50be8a9d848,80.110623,no,no,unmapped_raw_key;after_help
P09,with_tutor,T01,16594,2026-05-28T23:56:32.841949+00:00,1780012592.8379018,dcs_bios_raw,CANOPY_POS,1609,1157,-452,,,,S33,,,0e588fc9-492b-4343-99c7-c50be8a9d848,0e588fc9-492b-4343-99c7-c50be8a9d848,80.151248,no,no,unmapped_raw_key;after_help
P09,with_tutor,T01,16595,2026-05-28T23:56:32.883584+00:00,1780012592.880551,dcs_bios_raw,CANOPY_POS,1157,705,-452,,,,S33,,,0e588fc9-492b-4343-99c7-c50be8a9d848,0e588fc9-492b-4343-99c7-c50be8a9d848,80.193897,no,no,unmapped_raw_key;after_help
P09,with_tutor,T01,16596,2026-05-28T23:56:32.927232+00:00,1780012592.921163,dcs_bios_raw,CANOPY_POS,705,253,-452,,,,S33,,,0e588fc9-492b-4343-99c7-c50be8a9d848,0e588fc9-492b-4343-99c7-c50be8a9d848,80.234509,no,no,unmapped_raw_key;after_help
P09,with_tutor,T01,16597,2026-05-28T23:56:32.968813+00:00,1780012592.9627492,dcs_bios_raw,CANOPY_POS,253,0,-253,,,,S33,,,0e588fc9-492b-4343-99c7-c50be8a9d848,0e588fc9-492b-4343-99c7-c50be8a9d848,80.276096,no,no,unmapped_raw_key;after_help
P09,with_tutor,T01,16598,2026-05-28T23:56:33.006326+00:00,1780012593.0032916,dcs_bios_raw,CANOPY_SW,0,1,1,,,,S33,,,0e588fc9-492b-4343-99c7-c50be8a9d848,0e588fc9-492b-4343-99c7-c50be8a9d848,80.316638,no,no,unmapped_raw_key;after_help
P09,with_tutor,T01,16599,2026-05-28T23:56:33.090607+00:00,1780012593.0865002,dcs_bios_raw,PRESSURE_ALT,239,238,-1,,,,S33,,,0e588fc9-492b-4343-99c7-c50be8a9d848,0e588fc9-492b-4343-99c7-c50be8a9d848,80.399847,no,no,unmapped_raw_key;after_help
P09,with_tutor,T01,16600,2026-05-28T23:56:33.135848+00:00,1780012593.1297758,dcs_bios_raw,PRESSURE_ALT,238,236,-2,,,,S33,,,0e588fc9-492b-4343-99c7-c50be8a9d848,0e588fc9-492b-4343-99c7-c50be8a9d848,80.443122,no,no,unmapped_raw_key;after_help
P09,with_tutor,T01,16601,2026-05-28T23:56:33.173345+00:00,1780012593.1703103,dcs_bios_raw,PRESSURE_ALT,236,234,-2,,,,S33,,,0e588fc9-492b-4343-99c7-c50be8a9d848,0e588fc9-492b-4343-99c7-c50be8a9d848,80.483657,no,no,unmapped_raw_key;after_help
P09,with_tutor,T01,16602,2026-05-28T23:56:33.213451+00:00,1780012593.2104287,dcs_bios_raw,PRESSURE_ALT,234,231,-3,,,,S33,,,0e588fc9-492b-4343-99c7-c50be8a9d848,0e588fc9-492b-4343-99c7-c50be8a9d848,80.523775,no,no,unmapped_raw_key;after_help
P09,with_tutor,T01,16603,2026-05-28T23:56:33.255130+00:00,1780012593.252032,dcs_bios_raw,PRESSURE_ALT,231,228,-3,,,,S33,,,0e588fc9-492b-4343-99c7-c50be8a9d848,0e588fc9-492b-4343-99c7-c50be8a9d848,80.565378,no,no,unmapped_raw_key;after_help
P09,with_tutor,T01,16604,2026-05-28T23:56:33.298796+00:00,1780012593.2941952,dcs_bios_raw,PRESSURE_ALT,228,225,-3,,,,S33,,,0e588fc9-492b-4343-99c7-c50be8a9d848,0e588fc9-492b-4343-99c7-c50be8a9d848,80.607542,no,no,unmapped_raw_key;after_help
P09,with_tutor,T01,16605,2026-05-28T23:56:33.338900+00:00,1780012593.3343084,dcs_bios_raw,PRESSURE_ALT,225,221,-4,,,,S33,,,0e588fc9-492b-4343-99c7-c50be8a9d848,0e588fc9-492b-4343-99c7-c50be8a9d848,80.647655,no,no,unmapped_raw_key;after_help
P09,with_tutor,T01,16606,2026-05-28T23:56:33.380031+00:00,1780012593.3764026,dcs_bios_raw,PRESSURE_ALT,221,217,-4,,,,S33,,,0e588fc9-492b-4343-99c7-c50be8a9d848,0e588fc9-492b-4343-99c7-c50be8a9d848,80.689749,no,no,unmapped_raw_key;after_help
P09,with_tutor,T01,16607,2026-05-28T23:56:33.420614+00:00,1780012593.41805,dcs_bios_raw,PRESSURE_ALT,217,213,-4,,,,S33,,,0e588fc9-492b-4343-99c7-c50be8a9d848,0e588fc9-492b-4343-99c7-c50be8a9d848,80.731396,no,no,unmapped_raw_key;after_help
P09,with_tutor,T01,16608,2026-05-28T23:56:33.462747+00:00,1780012593.459656,dcs_bios_raw,PRESSURE_ALT,213,208,-5,,,,S33,,,0e588fc9-492b-4343-99c7-c50be8a9d848,0e588fc9-492b-4343-99c7-c50be8a9d848,80.773002,no,no,unmapped_raw_key;after_help
P09,with_tutor,T01,16609,2026-05-28T23:56:33.504920+00:00,1780012593.501848,dcs_bios_raw,PRESSURE_ALT,208,204,-4,,,,S33,,,0e588fc9-492b-4343-99c7-c50be8a9d848,0e588fc9-492b-4343-99c7-c50be8a9d848,80.815194,no,no,unmapped_raw_key;after_help
P09,with_tutor,T01,16610,2026-05-28T23:56:33.546574+00:00,1780012593.5434847,dcs_bios_raw,PRESSURE_ALT,204,199,-5,,,,S33,,,0e588fc9-492b-4343-99c7-c50be8a9d848,0e588fc9-492b-4343-99c7-c50be8a9d848,80.856831,no,no,unmapped_raw_key;after_help
P09,with_tutor,T01,16611,2026-05-28T23:56:33.589682+00:00,1780012593.586609,dcs_bios_raw,PRESSURE_ALT,199,195,-4,,,,S33,,,0e588fc9-492b-4343-99c7-c50be8a9d848,0e588fc9-492b-4343-99c7-c50be8a9d848,80.899955,no,no,unmapped_raw_key;after_help
P09,with_tutor,T01,16612,2026-05-28T23:56:33.630499+00:00,1780012593.6274738,dcs_bios_raw,PRESSURE_ALT,195,189,-6,,,,S33,,,0e588fc9-492b-4343-99c7-c50be8a9d848,0e588fc9-492b-4343-99c7-c50be8a9d848,80.94082,no,no,unmapped_raw_key;after_help
P09,with_tutor,T01,16613,2026-05-28T23:56:33.671993+00:00,1780012593.669947,dcs_bios_raw,PRESSURE_ALT,189,184,-5,,,,S33,,,0e588fc9-492b-4343-99c7-c50be8a9d848,0e588fc9-492b-4343-99c7-c50be8a9d848,80.983293,no,no,unmapped_raw_key;after_help
P09,with_tutor,T01,16614,2026-05-28T23:56:33.713652+00:00,1780012593.7106354,dcs_bios_raw,PRESSURE_ALT,184,179,-5,,,,S33,,,0e588fc9-492b-4343-99c7-c50be8a9d848,0e588fc9-492b-4343-99c7-c50be8a9d848,81.023982,no,no,unmapped_raw_key;after_help
P09,with_tutor,T01,16615,2026-05-28T23:56:33.755776+00:00,1780012593.752675,dcs_bios_raw,PRESSURE_ALT,179,174,-5,,,,S33,,,0e588fc9-492b-4343-99c7-c50be8a9d848,0e588fc9-492b-4343-99c7-c50be8a9d848,81.066021,no,no,unmapped_raw_key;after_help
P09,with_tutor,T01,16616,2026-05-28T23:56:33.800421+00:00,1780012593.7948017,dcs_bios_raw,PRESSURE_ALT,174,169,-5,,,,S33,,,0e588fc9-492b-4343-99c7-c50be8a9d848,0e588fc9-492b-4343-99c7-c50be8a9d848,81.108148,no,no,unmapped_raw_key;after_help
P09,with_tutor,T01,16617,2026-05-28T23:56:33.840468+00:00,1780012593.8363667,dcs_bios_raw,PRESSURE_ALT,169,164,-5,,,,S33,,,0e588fc9-492b-4343-99c7-c50be8a9d848,0e588fc9-492b-4343-99c7-c50be8a9d848,81.149713,no,no,unmapped_raw_key;after_help
P09,with_tutor,T01,16618,2026-05-28T23:56:33.882115+00:00,1780012593.8780258,dcs_bios_raw,PRESSURE_ALT,164,159,-5,,,,S33,,,0e588fc9-492b-4343-99c7-c50be8a9d848,0e588fc9-492b-4343-99c7-c50be8a9d848,81.191372,no,no,unmapped_raw_key;after_help
P09,with_tutor,T01,16619,2026-05-28T23:56:33.923657+00:00,1780012593.920625,dcs_bios_raw,PRESSURE_ALT,159,154,-5,,,,S33,,,0e588fc9-492b-4343-99c7-c50be8a9d848,0e588fc9-492b-4343-99c7-c50be8a9d848,81.233971,no,no,unmapped_raw_key;after_help
P09,with_tutor,T01,16620,2026-05-28T23:56:33.964312+00:00,1780012593.961233,dcs_bios_raw,PRESSURE_ALT,154,149,-5,,,,S33,,,0e588fc9-492b-4343-99c7-c50be8a9d848,0e588fc9-492b-4343-99c7-c50be8a9d848,81.274579,no,no,unmapped_raw_key;after_help
P09,with_tutor,T01,16621,2026-05-28T23:56:34.006417+00:00,1780012594.0033572,dcs_bios_raw,PRESSURE_ALT,149,144,-5,,,,S33,,,0e588fc9-492b-4343-99c7-c50be8a9d848,0e588fc9-492b-4343-99c7-c50be8a9d848,81.316704,no,no,unmapped_raw_key;after_help
P09,with_tutor,T01,16622,2026-05-28T23:56:34.051215+00:00,1780012594.0450027,dcs_bios_raw,PRESSURE_ALT,144,139,-5,,,,S33,,,0e588fc9-492b-4343-99c7-c50be8a9d848,0e588fc9-492b-4343-99c7-c50be8a9d848,81.358349,no,no,unmapped_raw_key;after_help
P09,with_tutor,T01,16623,2026-05-28T23:56:34.088708+00:00,1780012594.0856752,dcs_bios_raw,PRESSURE_ALT,139,134,-5,,,,S33,,,0e588fc9-492b-4343-99c7-c50be8a9d848,0e588fc9-492b-4343-99c7-c50be8a9d848,81.399022,no,no,unmapped_raw_key;after_help
P09,with_tutor,T01,16624,2026-05-28T23:56:34.130437+00:00,1780012594.127419,dcs_bios_raw,PRESSURE_ALT,134,128,-6,,,,S33,,,0e588fc9-492b-4343-99c7-c50be8a9d848,0e588fc9-492b-4343-99c7-c50be8a9d848,81.440765,no,no,unmapped_raw_key;after_help
P09,with_tutor,T01,16625,2026-05-28T23:56:34.172025+00:00,1780012594.169988,dcs_bios_raw,PRESSURE_ALT,128,123,-5,,,,S33,,,0e588fc9-492b-4343-99c7-c50be8a9d848,0e588fc9-492b-4343-99c7-c50be8a9d848,81.483334,no,no,unmapped_raw_key;after_help
P09,with_tutor,T01,16626,2026-05-28T23:56:34.215258+00:00,1780012594.2111642,dcs_bios_raw,PRESSURE_ALT,123,118,-5,,,,S33,,,0e588fc9-492b-4343-99c7-c50be8a9d848,0e588fc9-492b-4343-99c7-c50be8a9d848,81.524511,no,no,unmapped_raw_key;after_help
P09,with_tutor,T01,16627,2026-05-28T23:56:34.261958+00:00,1780012594.2533426,dcs_bios_raw,PRESSURE_ALT,118,113,-5,,,,S33,,,0e588fc9-492b-4343-99c7-c50be8a9d848,0e588fc9-492b-4343-99c7-c50be8a9d848,81.566689,no,no,unmapped_raw_key;after_help
P09,with_tutor,T01,16628,2026-05-28T23:56:34.297971+00:00,1780012594.2949333,dcs_bios_raw,PRESSURE_ALT,113,108,-5,,,,S33,,,0e588fc9-492b-4343-99c7-c50be8a9d848,0e588fc9-492b-4343-99c7-c50be8a9d848,81.60828,no,no,unmapped_raw_key;after_help
P09,with_tutor,T01,16629,2026-05-28T23:56:34.340640+00:00,1780012594.3365512,dcs_bios_raw,PRESSURE_ALT,108,103,-5,,,,S33,,,0e588fc9-492b-4343-99c7-c50be8a9d848,0e588fc9-492b-4343-99c7-c50be8a9d848,81.649898,no,no,unmapped_raw_key;after_help
P09,with_tutor,T01,16630,2026-05-28T23:56:34.386721+00:00,1780012594.3796196,dcs_bios_raw,PRESSURE_ALT,103,98,-5,,,,S33,,,0e588fc9-492b-4343-99c7-c50be8a9d848,0e588fc9-492b-4343-99c7-c50be8a9d848,81.692966,no,no,unmapped_raw_key;after_help
P09,with_tutor,T01,16631,2026-05-28T23:56:34.422698+00:00,1780012594.419645,dcs_bios_raw,PRESSURE_ALT,98,92,-6,,,,S33,,,0e588fc9-492b-4343-99c7-c50be8a9d848,0e588fc9-492b-4343-99c7-c50be8a9d848,81.732991,no,no,unmapped_raw_key;after_help
P09,with_tutor,T01,16632,2026-05-28T23:56:34.464354+00:00,1780012594.4613101,dcs_bios_raw,PRESSURE_ALT,92,87,-5,,,,S33,,,0e588fc9-492b-4343-99c7-c50be8a9d848,0e588fc9-492b-4343-99c7-c50be8a9d848,81.774657,no,no,unmapped_raw_key;after_help
P09,with_tutor,T01,16633,2026-05-28T23:56:34.506509+00:00,1780012594.5034742,dcs_bios_raw,PRESSURE_ALT,87,82,-5,,,,S33,,,0e588fc9-492b-4343-99c7-c50be8a9d848,0e588fc9-492b-4343-99c7-c50be8a9d848,81.816821,no,no,unmapped_raw_key;after_help
P09,with_tutor,T01,16634,2026-05-28T23:56:34.548805+00:00,1780012594.5457623,dcs_bios_raw,PRESSURE_ALT,82,77,-5,,,,S33,,,0e588fc9-492b-4343-99c7-c50be8a9d848,0e588fc9-492b-4343-99c7-c50be8a9d848,81.859109,no,no,unmapped_raw_key;after_help
P09,with_tutor,T01,16635,2026-05-28T23:56:34.590376+00:00,1780012594.5873482,dcs_bios_raw,PRESSURE_ALT,77,72,-5,,,,S33,,,0e588fc9-492b-4343-99c7-c50be8a9d848,0e588fc9-492b-4343-99c7-c50be8a9d848,81.900695,no,no,unmapped_raw_key;after_help
P09,with_tutor,T01,16636,2026-05-28T23:56:34.631899+00:00,1780012594.6288798,dcs_bios_raw,PRESSURE_ALT,72,67,-5,,,,S33,,,0e588fc9-492b-4343-99c7-c50be8a9d848,0e588fc9-492b-4343-99c7-c50be8a9d848,81.942226,no,no,unmapped_raw_key;after_help
P09,with_tutor,T01,16637,2026-05-28T23:56:34.673504+00:00,1780012594.6704602,dcs_bios_raw,PRESSURE_ALT,67,62,-5,,,,S33,,,0e588fc9-492b-4343-99c7-c50be8a9d848,0e588fc9-492b-4343-99c7-c50be8a9d848,81.983807,no,no,unmapped_raw_key;after_help
P09,with_tutor,T01,16638,2026-05-28T23:56:34.716641+00:00,1780012594.7135377,dcs_bios_raw,PRESSURE_ALT,62,56,-6,,,,S33,,,0e588fc9-492b-4343-99c7-c50be8a9d848,0e588fc9-492b-4343-99c7-c50be8a9d848,82.026884,no,no,unmapped_raw_key;after_help
P09,with_tutor,T01,16639,2026-05-28T23:56:34.760252+00:00,1780012594.7541635,dcs_bios_raw,PRESSURE_ALT,56,51,-5,,,,S33,,,0e588fc9-492b-4343-99c7-c50be8a9d848,0e588fc9-492b-4343-99c7-c50be8a9d848,82.06751,no,no,unmapped_raw_key;after_help
P09,with_tutor,T01,16640,2026-05-28T23:56:34.798801+00:00,1780012594.7957628,dcs_bios_raw,PRESSURE_ALT,51,46,-5,,,,S33,,,0e588fc9-492b-4343-99c7-c50be8a9d848,0e588fc9-492b-4343-99c7-c50be8a9d848,82.109109,no,no,unmapped_raw_key;after_help
P09,with_tutor,T01,16641,2026-05-28T23:56:34.840227+00:00,1780012594.8372056,dcs_bios_raw,PRESSURE_ALT,46,41,-5,,,,S33,,,0e588fc9-492b-4343-99c7-c50be8a9d848,0e588fc9-492b-4343-99c7-c50be8a9d848,82.150552,no,no,unmapped_raw_key;after_help
P09,with_tutor,T01,16642,2026-05-28T23:56:34.883286+00:00,1780012594.8802483,dcs_bios_raw,PRESSURE_ALT,41,36,-5,,,,S33,,,0e588fc9-492b-4343-99c7-c50be8a9d848,0e588fc9-492b-4343-99c7-c50be8a9d848,82.193595,no,no,unmapped_raw_key;after_help
P09,with_tutor,T01,16643,2026-05-28T23:56:34.923409+00:00,1780012594.9203725,dcs_bios_raw,PRESSURE_ALT,36,30,-6,,,,S33,,,0e588fc9-492b-4343-99c7-c50be8a9d848,0e588fc9-492b-4343-99c7-c50be8a9d848,82.233719,no,no,unmapped_raw_key;after_help
P09,with_tutor,T01,16644,2026-05-28T23:56:34.965018+00:00,1780012594.9634936,dcs_bios_raw,PRESSURE_ALT,30,25,-5,,,,S33,,,0e588fc9-492b-4343-99c7-c50be8a9d848,0e588fc9-492b-4343-99c7-c50be8a9d848,82.27684,no,no,unmapped_raw_key;after_help
P09,with_tutor,T01,16645,2026-05-28T23:56:35.006618+00:00,1780012595.0050998,dcs_bios_raw,PRESSURE_ALT,25,21,-4,,,,S33,,,0e588fc9-492b-4343-99c7-c50be8a9d848,0e588fc9-492b-4343-99c7-c50be8a9d848,82.318446,no,no,unmapped_raw_key;after_help
P09,with_tutor,T01,16646,2026-05-28T23:56:35.051215+00:00,1780012595.04512,dcs_bios_raw,PRESSURE_ALT,21,17,-4,,,,S33,,,0e588fc9-492b-4343-99c7-c50be8a9d848,0e588fc9-492b-4343-99c7-c50be8a9d848,82.358466,no,no,unmapped_raw_key;after_help
P09,with_tutor,T01,16647,2026-05-28T23:56:35.089730+00:00,1780012595.0866597,dcs_bios_raw,PRESSURE_ALT,17,14,-3,,,,S33,,,0e588fc9-492b-4343-99c7-c50be8a9d848,0e588fc9-492b-4343-99c7-c50be8a9d848,82.400006,no,no,unmapped_raw_key;after_help
P09,with_tutor,T01,16648,2026-05-28T23:56:35.133395+00:00,1780012595.1298532,dcs_bios_raw,PRESSURE_ALT,14,11,-3,,,,S33,,,0e588fc9-492b-4343-99c7-c50be8a9d848,0e588fc9-492b-4343-99c7-c50be8a9d848,82.4432,no,no,unmapped_raw_key;after_help
P09,with_tutor,T01,16649,2026-05-28T23:56:35.173516+00:00,1780012595.1704845,dcs_bios_raw,PRESSURE_ALT,11,9,-2,,,,S33,,,0e588fc9-492b-4343-99c7-c50be8a9d848,0e588fc9-492b-4343-99c7-c50be8a9d848,82.483831,no,no,unmapped_raw_key;after_help
P09,with_tutor,T01,16650,2026-05-28T23:56:35.216103+00:00,1780012595.2130706,dcs_bios_raw,PRESSURE_ALT,9,7,-2,,,,S33,,,0e588fc9-492b-4343-99c7-c50be8a9d848,0e588fc9-492b-4343-99c7-c50be8a9d848,82.526417,no,no,unmapped_raw_key;after_help
P09,with_tutor,T01,16651,2026-05-28T23:56:35.257309+00:00,1780012595.2542698,dcs_bios_raw,PRESSURE_ALT,7,6,-1,,,,S33,,,0e588fc9-492b-4343-99c7-c50be8a9d848,0e588fc9-492b-4343-99c7-c50be8a9d848,82.567616,no,no,unmapped_raw_key;after_help
P09,with_tutor,T01,16652,2026-05-28T23:56:35.298863+00:00,1780012595.2958286,dcs_bios_raw,PRESSURE_ALT,6,5,-1,,,,S33,,,0e588fc9-492b-4343-99c7-c50be8a9d848,0e588fc9-492b-4343-99c7-c50be8a9d848,82.609175,no,no,unmapped_raw_key;after_help
P09,with_tutor,T01,16653,2026-05-28T23:56:35.341992+00:00,1780012595.3379142,dcs_bios_raw,PRESSURE_ALT,5,0,-5,,,,S33,,,0e588fc9-492b-4343-99c7-c50be8a9d848,0e588fc9-492b-4343-99c7-c50be8a9d848,82.651261,no,no,unmapped_raw_key;after_help
P09,with_tutor,T01,16671,2026-05-28T23:56:37.506372+00:00,1780012597.5032926,dcs_bios_raw,KY58_FILL_SEL_PULL,,1,1,,,,S33,,,0e588fc9-492b-4343-99c7-c50be8a9d848,0e588fc9-492b-4343-99c7-c50be8a9d848,84.816639,no,no,unmapped_raw_key;after_help
P09,with_tutor,T01,16840,2026-05-28T23:56:57.215296+00:00,1780012617.2122602,dcs_bios_raw,EJECTION_SEAT_ARMED,,0,0,,,,S33,,,0e588fc9-492b-4343-99c7-c50be8a9d848,0e588fc9-492b-4343-99c7-c50be8a9d848,104.525607,no,no,unmapped_raw_key;after_help
P09,with_tutor,T01,16870,2026-05-28T23:57:01.938006+00:00,1780012621.9349673,dcs_bios_raw,EJECTION_HANDLE_SW,,1,1,,,,S33,,,0e588fc9-492b-4343-99c7-c50be8a9d848,0e588fc9-492b-4343-99c7-c50be8a9d848,109.248314,no,no,unmapped_raw_key;after_help
P09,with_tutor,T01,16871,2026-05-28T23:57:02.021828+00:00,1780012622.0188062,dcs_bios_raw,CANOPY_POS,0,65535,65535,,,,S33,,,0e588fc9-492b-4343-99c7-c50be8a9d848,0e588fc9-492b-4343-99c7-c50be8a9d848,109.332153,no,no,unmapped_raw_key;after_help
P09,with_tutor,T01,16873,2026-05-28T23:57:02.107938+00:00,1780012622.1018698,dcs_bios_raw,PRESSURE_ALT,0,41,41,,,,S33,,,0e588fc9-492b-4343-99c7-c50be8a9d848,0e588fc9-492b-4343-99c7-c50be8a9d848,109.415216,no,no,unmapped_raw_key;after_help
P09,with_tutor,T01,16874,2026-05-28T23:57:02.146564+00:00,1780012622.1435254,dcs_bios_raw,PRESSURE_ALT,41,76,35,,,,S33,,,0e588fc9-492b-4343-99c7-c50be8a9d848,0e588fc9-492b-4343-99c7-c50be8a9d848,109.456872,no,no,unmapped_raw_key;after_help
P09,with_tutor,T01,16875,2026-05-28T23:57:02.188100+00:00,1780012622.1850636,dcs_bios_raw,PRESSURE_ALT,76,105,29,,,,S33,,,0e588fc9-492b-4343-99c7-c50be8a9d848,0e588fc9-492b-4343-99c7-c50be8a9d848,109.49841,no,no,unmapped_raw_key;after_help
P09,with_tutor,T01,16876,2026-05-28T23:57:02.230331+00:00,1780012622.2273107,dcs_bios_raw,PRESSURE_ALT,105,130,25,,,,S33,,,0e588fc9-492b-4343-99c7-c50be8a9d848,0e588fc9-492b-4343-99c7-c50be8a9d848,109.540657,no,no,unmapped_raw_key;after_help
P09,with_tutor,T01,16877,2026-05-28T23:57:02.271958+00:00,1780012622.2694116,dcs_bios_raw,PRESSURE_ALT,130,150,20,,,,S33,,,0e588fc9-492b-4343-99c7-c50be8a9d848,0e588fc9-492b-4343-99c7-c50be8a9d848,109.582758,no,no,unmapped_raw_key;after_help
P09,with_tutor,T01,16878,2026-05-28T23:57:02.336430+00:00,1780012622.3333573,dcs_bios_raw,PRESSURE_ALT,150,166,16,,,,S33,,,0e588fc9-492b-4343-99c7-c50be8a9d848,0e588fc9-492b-4343-99c7-c50be8a9d848,109.646704,no,no,unmapped_raw_key;after_help
