ParticipantID,Condition,TrialID,EventIndex,Timestamp,TWall,Source,RawKey,RawValueBefore,RawValueAfter,Delta,MappedTarget,CandidateStepID,ActiveStepID,FusedStepID,ExpectedForStep,BeforeHelpCycleID,AfterHelpCycleID,NearestHelpCycleID,SecondsSinceLastHelp,StepCompletedByThisEvent,GateViolationCandidate,AutoCodingHint
P02,without_tutor,T01,1,2026-05-24T21:18:54.784280+00:00,1779657534.7652628,dcs_bios_raw,APU_CONTROL_SW,,0,0,apu_switch,S03,,,,,,,,no,no,
P02,without_tutor,T01,1,2026-05-24T21:18:54.784280+00:00,1779657534.7652628,dcs_bios_raw,ENGINE_CRANK_SW,,1,1,eng_crank_switch,S04;S10,,,,,,,,no,no,
P02,without_tutor,T01,1,2026-05-24T21:18:54.784280+00:00,1779657534.7652628,dcs_bios_raw,BATTERY_SW,,1,1,battery_switch,S01,,,,,,,,no,no,
P02,without_tutor,T01,1,2026-05-24T21:18:54.784280+00:00,1779657534.7652628,dcs_bios_raw,L_GEN_SW,,1,1,generator_left_switch,S01,,,,,,,,no,no,
P02,without_tutor,T01,1,2026-05-24T21:18:54.784280+00:00,1779657534.7652628,dcs_bios_raw,R_GEN_SW,,1,1,generator_right_switch,S01,,,,,,,,no,no,
P02,without_tutor,T01,1,2026-05-24T21:18:54.784280+00:00,1779657534.7652628,dcs_bios_raw,BLEED_AIR_KNOB,,2,2,bleed_air_knob,S06,,,,,,,,no,no,
P02,without_tutor,T01,2,2026-05-24T21:18:54.801295+00:00,1779657534.7977886,dcs_bios_raw,INT_THROTTLE_LEFT,,6003,6003,throttle_quadrant_reference,,,,,,,,,no,no,mapped_target_without_candidate_step
P02,without_tutor,T01,2,2026-05-24T21:18:54.801295+00:00,1779657534.7977886,dcs_bios_raw,INT_THROTTLE_RIGHT,,6003,6003,throttle_quadrant_reference,,,,,,,,,no,no,mapped_target_without_candidate_step
P02,without_tutor,T01,2,2026-05-24T21:18:54.801295+00:00,1779657534.7977886,dcs_bios_raw,PRESSURE_ALT,,7,7,,,,,,,,,,no,no,unmapped_raw_key
P02,without_tutor,T01,3,2026-05-24T21:18:54.838825+00:00,1779657534.835825,dcs_bios_raw,INT_THROTTLE_LEFT,6003,5531,-472,throttle_quadrant_reference,,,,,,,,,no,no,mapped_target_without_candidate_step
P02,without_tutor,T01,3,2026-05-24T21:18:54.838825+00:00,1779657534.835825,dcs_bios_raw,INT_THROTTLE_RIGHT,6003,5531,-472,throttle_quadrant_reference,,,,,,,,,no,no,mapped_target_without_candidate_step
P02,without_tutor,T01,3,2026-05-24T21:18:54.838825+00:00,1779657534.835825,dcs_bios_raw,PRESSURE_ALT,7,42,35,,,,,,,,,,no,no,unmapped_raw_key
P02,without_tutor,T01,4,2026-05-24T21:18:54.872373+00:00,1779657534.8698604,dcs_bios_raw,INT_THROTTLE_LEFT,5531,5059,-472,throttle_quadrant_reference,,,,,,,,,no,no,mapped_target_without_candidate_step
P02,without_tutor,T01,4,2026-05-24T21:18:54.872373+00:00,1779657534.8698604,dcs_bios_raw,INT_THROTTLE_RIGHT,5531,5059,-472,throttle_quadrant_reference,,,,,,,,,no,no,mapped_target_without_candidate_step
P02,without_tutor,T01,4,2026-05-24T21:18:54.872373+00:00,1779657534.8698604,dcs_bios_raw,VSI,,32765,32765,,,,,,,,,,no,no,unmapped_raw_key
P02,without_tutor,T01,4,2026-05-24T21:18:54.872373+00:00,1779657534.8698604,dcs_bios_raw,PRESSURE_ALT,42,74,32,,,,,,,,,,no,no,unmapped_raw_key
P02,without_tutor,T01,5,2026-05-24T21:18:54.904903+00:00,1779657534.9029038,dcs_bios_raw,INT_THROTTLE_LEFT,5059,4666,-393,throttle_quadrant_reference,,,,,,,,,no,no,mapped_target_without_candidate_step
P02,without_tutor,T01,5,2026-05-24T21:18:54.904903+00:00,1779657534.9029038,dcs_bios_raw,INT_THROTTLE_RIGHT,5059,4666,-393,throttle_quadrant_reference,,,,,,,,,no,no,mapped_target_without_candidate_step
P02,without_tutor,T01,5,2026-05-24T21:18:54.904903+00:00,1779657534.9029038,dcs_bios_raw,VSI,32765,32763,-2,,,,,,,,,,no,no,unmapped_raw_key
P02,without_tutor,T01,5,2026-05-24T21:18:54.904903+00:00,1779657534.9029038,dcs_bios_raw,PRESSURE_ALT,74,99,25,,,,,,,,,,no,no,unmapped_raw_key
P02,without_tutor,T01,6,2026-05-24T21:18:54.938428+00:00,1779657534.936429,dcs_bios_raw,INT_THROTTLE_LEFT,4666,4194,-472,throttle_quadrant_reference,,,,,,,,,no,no,mapped_target_without_candidate_step
P02,without_tutor,T01,6,2026-05-24T21:18:54.938428+00:00,1779657534.936429,dcs_bios_raw,INT_THROTTLE_RIGHT,4666,4194,-472,throttle_quadrant_reference,,,,,,,,,no,no,mapped_target_without_candidate_step
P02,without_tutor,T01,6,2026-05-24T21:18:54.938428+00:00,1779657534.936429,dcs_bios_raw,VSI,32763,32760,-3,,,,,,,,,,no,no,unmapped_raw_key
P02,without_tutor,T01,6,2026-05-24T21:18:54.938428+00:00,1779657534.936429,dcs_bios_raw,PRESSURE_ALT,99,120,21,,,,,,,,,,no,no,unmapped_raw_key
P02,without_tutor,T01,7,2026-05-24T21:18:54.971958+00:00,1779657534.9684532,dcs_bios_raw,INT_THROTTLE_LEFT,4194,3722,-472,throttle_quadrant_reference,,,,,,,,,no,no,mapped_target_without_candidate_step
P02,without_tutor,T01,7,2026-05-24T21:18:54.971958+00:00,1779657534.9684532,dcs_bios_raw,INT_THROTTLE_RIGHT,4194,3722,-472,throttle_quadrant_reference,,,,,,,,,no,no,mapped_target_without_candidate_step
P02,without_tutor,T01,7,2026-05-24T21:18:54.971958+00:00,1779657534.9684532,dcs_bios_raw,VSI,32760,32756,-4,,,,,,,,,,no,no,unmapped_raw_key
P02,without_tutor,T01,7,2026-05-24T21:18:54.971958+00:00,1779657534.9684532,dcs_bios_raw,PRESSURE_ALT,120,137,17,,,,,,,,,,no,no,unmapped_raw_key
P02,without_tutor,T01,8,2026-05-24T21:18:55.005491+00:00,1779657535.002491,dcs_bios_raw,INT_THROTTLE_LEFT,3722,3329,-393,throttle_quadrant_reference,,,,,,,,,no,no,mapped_target_without_candidate_step
P02,without_tutor,T01,8,2026-05-24T21:18:55.005491+00:00,1779657535.002491,dcs_bios_raw,INT_THROTTLE_RIGHT,3722,3329,-393,throttle_quadrant_reference,,,,,,,,,no,no,mapped_target_without_candidate_step
P02,without_tutor,T01,8,2026-05-24T21:18:55.005491+00:00,1779657535.002491,dcs_bios_raw,VSI,32756,32752,-4,,,,,,,,,,no,no,unmapped_raw_key
P02,without_tutor,T01,8,2026-05-24T21:18:55.005491+00:00,1779657535.002491,dcs_bios_raw,PRESSURE_ALT,137,152,15,,,,,,,,,,no,no,unmapped_raw_key
P02,without_tutor,T01,9,2026-05-24T21:18:55.039018+00:00,1779657535.0360181,dcs_bios_raw,INT_THROTTLE_LEFT,3329,2857,-472,throttle_quadrant_reference,,,,,,,,,no,no,mapped_target_without_candidate_step
P02,without_tutor,T01,9,2026-05-24T21:18:55.039018+00:00,1779657535.0360181,dcs_bios_raw,INT_THROTTLE_RIGHT,3329,2857,-472,throttle_quadrant_reference,,,,,,,,,no,no,mapped_target_without_candidate_step
P02,without_tutor,T01,9,2026-05-24T21:18:55.039018+00:00,1779657535.0360181,dcs_bios_raw,VSI,32752,32748,-4,,,,,,,,,,no,no,unmapped_raw_key
P02,without_tutor,T01,9,2026-05-24T21:18:55.039018+00:00,1779657535.0360181,dcs_bios_raw,PRESSURE_ALT,152,165,13,,,,,,,,,,no,no,unmapped_raw_key
P02,without_tutor,T01,10,2026-05-24T21:18:55.072563+00:00,1779657535.0700555,dcs_bios_raw,INT_THROTTLE_LEFT,2857,2464,-393,throttle_quadrant_reference,,,,,,,,,no,no,mapped_target_without_candidate_step
P02,without_tutor,T01,10,2026-05-24T21:18:55.072563+00:00,1779657535.0700555,dcs_bios_raw,INT_THROTTLE_RIGHT,2857,2464,-393,throttle_quadrant_reference,,,,,,,,,no,no,mapped_target_without_candidate_step
P02,without_tutor,T01,10,2026-05-24T21:18:55.072563+00:00,1779657535.0700555,dcs_bios_raw,VSI,32748,32746,-2,,,,,,,,,,no,no,unmapped_raw_key
P02,without_tutor,T01,10,2026-05-24T21:18:55.072563+00:00,1779657535.0700555,dcs_bios_raw,PRESSURE_ALT,165,176,11,,,,,,,,,,no,no,unmapped_raw_key
P02,without_tutor,T01,11,2026-05-24T21:18:55.110594+00:00,1779657535.108093,dcs_bios_raw,INT_THROTTLE_LEFT,2464,1992,-472,throttle_quadrant_reference,,,,,,,,,no,no,mapped_target_without_candidate_step
P02,without_tutor,T01,11,2026-05-24T21:18:55.110594+00:00,1779657535.108093,dcs_bios_raw,INT_THROTTLE_RIGHT,2464,1992,-472,throttle_quadrant_reference,,,,,,,,,no,no,mapped_target_without_candidate_step
P02,without_tutor,T01,11,2026-05-24T21:18:55.110594+00:00,1779657535.108093,dcs_bios_raw,PRESSURE_ALT,176,185,9,,,,,,,,,,no,no,unmapped_raw_key
P02,without_tutor,T01,12,2026-05-24T21:18:55.150132+00:00,1779657535.1466308,dcs_bios_raw,INT_THROTTLE_LEFT,1992,1520,-472,throttle_quadrant_reference,,,,,,,,,no,no,mapped_target_without_candidate_step
P02,without_tutor,T01,12,2026-05-24T21:18:55.150132+00:00,1779657535.1466308,dcs_bios_raw,INT_THROTTLE_RIGHT,1992,1520,-472,throttle_quadrant_reference,,,,,,,,,no,no,mapped_target_without_candidate_step
P02,without_tutor,T01,12,2026-05-24T21:18:55.150132+00:00,1779657535.1466308,dcs_bios_raw,VSI,32746,32748,2,,,,,,,,,,no,no,unmapped_raw_key
P02,without_tutor,T01,12,2026-05-24T21:18:55.150132+00:00,1779657535.1466308,dcs_bios_raw,PRESSURE_ALT,185,195,10,,,,,,,,,,no,no,unmapped_raw_key
P02,without_tutor,T01,13,2026-05-24T21:18:55.185667+00:00,1779657535.18066,dcs_bios_raw,INT_THROTTLE_LEFT,1520,969,-551,throttle_quadrant_reference,,,,,,,,,no,no,mapped_target_without_candidate_step
P02,without_tutor,T01,13,2026-05-24T21:18:55.185667+00:00,1779657535.18066,dcs_bios_raw,INT_THROTTLE_RIGHT,1520,969,-551,throttle_quadrant_reference,,,,,,,,,no,no,mapped_target_without_candidate_step
P02,without_tutor,T01,13,2026-05-24T21:18:55.185667+00:00,1779657535.18066,dcs_bios_raw,VSI,32748,32753,5,,,,,,,,,,no,no,unmapped_raw_key
P02,without_tutor,T01,13,2026-05-24T21:18:55.185667+00:00,1779657535.18066,dcs_bios_raw,PRESSURE_ALT,195,202,7,,,,,,,,,,no,no,unmapped_raw_key
P02,without_tutor,T01,14,2026-05-24T21:18:55.216205+00:00,1779657535.2142053,dcs_bios_raw,INT_THROTTLE_LEFT,969,576,-393,throttle_quadrant_reference,,,,,,,,,no,no,mapped_target_without_candidate_step
P02,without_tutor,T01,14,2026-05-24T21:18:55.216205+00:00,1779657535.2142053,dcs_bios_raw,INT_THROTTLE_RIGHT,969,576,-393,throttle_quadrant_reference,,,,,,,,,no,no,mapped_target_without_candidate_step
P02,without_tutor,T01,14,2026-05-24T21:18:55.216205+00:00,1779657535.2142053,dcs_bios_raw,VSI,32753,32758,5,,,,,,,,,,no,no,unmapped_raw_key
P02,without_tutor,T01,14,2026-05-24T21:18:55.216205+00:00,1779657535.2142053,dcs_bios_raw,PRESSURE_ALT,202,208,6,,,,,,,,,,no,no,unmapped_raw_key
P02,without_tutor,T01,15,2026-05-24T21:18:55.251742+00:00,1779657535.2472343,dcs_bios_raw,INT_THROTTLE_LEFT,576,104,-472,throttle_quadrant_reference,,,,,,,,,no,no,mapped_target_without_candidate_step
P02,without_tutor,T01,15,2026-05-24T21:18:55.251742+00:00,1779657535.2472343,dcs_bios_raw,INT_THROTTLE_RIGHT,576,104,-472,throttle_quadrant_reference,,,,,,,,,no,no,mapped_target_without_candidate_step
P02,without_tutor,T01,15,2026-05-24T21:18:55.251742+00:00,1779657535.2472343,dcs_bios_raw,VSI,32758,32763,5,,,,,,,,,,no,no,unmapped_raw_key
P02,without_tutor,T01,15,2026-05-24T21:18:55.251742+00:00,1779657535.2472343,dcs_bios_raw,PRESSURE_ALT,208,212,4,,,,,,,,,,no,no,unmapped_raw_key
P02,without_tutor,T01,16,2026-05-24T21:18:55.290770+00:00,1779657535.2862697,dcs_bios_raw,INT_THROTTLE_LEFT,104,0,-104,throttle_quadrant_reference,,,,,,,,,no,no,mapped_target_without_candidate_step
P02,without_tutor,T01,16,2026-05-24T21:18:55.290770+00:00,1779657535.2862697,dcs_bios_raw,INT_THROTTLE_RIGHT,104,0,-104,throttle_quadrant_reference,,,,,,,,,no,no,mapped_target_without_candidate_step
P02,without_tutor,T01,16,2026-05-24T21:18:55.290770+00:00,1779657535.2862697,dcs_bios_raw,VSI,32763,32768,5,,,,,,,,,,no,no,unmapped_raw_key
P02,without_tutor,T01,16,2026-05-24T21:18:55.290770+00:00,1779657535.2862697,dcs_bios_raw,PRESSURE_ALT,212,216,4,,,,,,,,,,no,no,unmapped_raw_key
P02,without_tutor,T01,17,2026-05-24T21:18:55.324304+00:00,1779657535.318797,dcs_bios_raw,VSI,32768,32773,5,,,,,,,,,,no,no,unmapped_raw_key
P02,without_tutor,T01,17,2026-05-24T21:18:55.324304+00:00,1779657535.318797,dcs_bios_raw,PRESSURE_ALT,216,220,4,,,,,,,,,,no,no,unmapped_raw_key
P02,without_tutor,T01,18,2026-05-24T21:18:55.358333+00:00,1779657535.3523316,dcs_bios_raw,VSI,32773,32777,4,,,,,,,,,,no,no,unmapped_raw_key
P02,without_tutor,T01,18,2026-05-24T21:18:55.358333+00:00,1779657535.3523316,dcs_bios_raw,PRESSURE_ALT,220,223,3,,,,,,,,,,no,no,unmapped_raw_key
P02,without_tutor,T01,19,2026-05-24T21:18:55.390364+00:00,1779657535.3858607,dcs_bios_raw,VSI,32777,32780,3,,,,,,,,,,no,no,unmapped_raw_key
P02,without_tutor,T01,19,2026-05-24T21:18:55.390364+00:00,1779657535.3858607,dcs_bios_raw,PRESSURE_ALT,223,226,3,,,,,,,,,,no,no,unmapped_raw_key
P02,without_tutor,T01,20,2026-05-24T21:18:55.427892+00:00,1779657535.4198875,dcs_bios_raw,VSI,32780,32782,2,,,,,,,,,,no,no,unmapped_raw_key
P02,without_tutor,T01,20,2026-05-24T21:18:55.427892+00:00,1779657535.4198875,dcs_bios_raw,PRESSURE_ALT,226,228,2,,,,,,,,,,no,no,unmapped_raw_key
P02,without_tutor,T01,21,2026-05-24T21:18:55.462427+00:00,1779657535.457918,dcs_bios_raw,PRESSURE_ALT,228,230,2,,,,,,,,,,no,no,unmapped_raw_key
P02,without_tutor,T01,22,2026-05-24T21:18:55.496952+00:00,1779657535.4919488,dcs_bios_raw,PRESSURE_ALT,230,231,1,,,,,,,,,,no,no,unmapped_raw_key
P02,without_tutor,T01,23,2026-05-24T21:18:55.529982+00:00,1779657535.5244772,dcs_bios_raw,VSI,32782,32781,-1,,,,,,,,,,no,no,unmapped_raw_key
P02,without_tutor,T01,23,2026-05-24T21:18:55.529982+00:00,1779657535.5244772,dcs_bios_raw,PRESSURE_ALT,231,233,2,,,,,,,,,,no,no,unmapped_raw_key
P02,without_tutor,T01,24,2026-05-24T21:18:55.563030+00:00,1779657535.5575228,dcs_bios_raw,VSI,32781,32779,-2,,,,,,,,,,no,no,unmapped_raw_key
P02,without_tutor,T01,24,2026-05-24T21:18:55.563030+00:00,1779657535.5575228,dcs_bios_raw,PRESSURE_ALT,233,234,1,,,,,,,,,,no,no,unmapped_raw_key
P02,without_tutor,T01,25,2026-05-24T21:18:55.595559+00:00,1779657535.5915549,dcs_bios_raw,VSI,32779,32777,-2,,,,,,,,,,no,no,unmapped_raw_key
P02,without_tutor,T01,25,2026-05-24T21:18:55.595559+00:00,1779657535.5915549,dcs_bios_raw,PRESSURE_ALT,234,235,1,,,,,,,,,,no,no,unmapped_raw_key
P02,without_tutor,T01,26,2026-05-24T21:18:55.629082+00:00,1779657535.6250803,dcs_bios_raw,VSI,32777,32775,-2,,,,,,,,,,no,no,unmapped_raw_key
P02,without_tutor,T01,27,2026-05-24T21:18:55.668618+00:00,1779657535.6646197,dcs_bios_raw,VSI,32775,32773,-2,,,,,,,,,,no,no,unmapped_raw_key
P02,without_tutor,T01,27,2026-05-24T21:18:55.668618+00:00,1779657535.6646197,dcs_bios_raw,PRESSURE_ALT,235,236,1,,,,,,,,,,no,no,unmapped_raw_key
P02,without_tutor,T01,28,2026-05-24T21:18:55.705653+00:00,1779657535.6971438,dcs_bios_raw,VSI,32773,32770,-3,,,,,,,,,,no,no,unmapped_raw_key
P02,without_tutor,T01,28,2026-05-24T21:18:55.705653+00:00,1779657535.6971438,dcs_bios_raw,PRESSURE_ALT,236,237,1,,,,,,,,,,no,no,unmapped_raw_key
P02,without_tutor,T01,29,2026-05-24T21:18:55.735179+00:00,1779657535.7301743,dcs_bios_raw,VSI,32770,32768,-2,,,,,,,,,,no,no,unmapped_raw_key
P02,without_tutor,T01,30,2026-05-24T21:18:55.768214+00:00,1779657535.7642128,dcs_bios_raw,VSI,32768,32766,-2,,,,,,,,,,no,no,unmapped_raw_key
P02,without_tutor,T01,30,2026-05-24T21:18:55.768214+00:00,1779657535.7642128,dcs_bios_raw,PRESSURE_ALT,237,238,1,,,,,,,,,,no,no,unmapped_raw_key
P02,without_tutor,T01,31,2026-05-24T21:18:55.801246+00:00,1779657535.79674,dcs_bios_raw,VSI,32766,32764,-2,,,,,,,,,,no,no,unmapped_raw_key
P02,without_tutor,T01,32,2026-05-24T21:18:55.835779+00:00,1779657535.8307714,dcs_bios_raw,VSI,32764,32762,-2,,,,,,,,,,no,no,unmapped_raw_key
P02,without_tutor,T01,33,2026-05-24T21:18:55.868816+00:00,1779657535.8638163,dcs_bios_raw,VSI,32762,32760,-2,,,,,,,,,,no,no,unmapped_raw_key
P02,without_tutor,T01,33,2026-05-24T21:18:55.868816+00:00,1779657535.8638163,dcs_bios_raw,PRESSURE_ALT,238,239,1,,,,,,,,,,no,no,unmapped_raw_key
P02,without_tutor,T01,34,2026-05-24T21:18:55.902853+00:00,1779657535.8973413,dcs_bios_raw,VSI,32760,32759,-1,,,,,,,,,,no,no,unmapped_raw_key
P02,without_tutor,T01,35,2026-05-24T21:18:55.935375+00:00,1779657535.9303708,dcs_bios_raw,VSI,32759,32758,-1,,,,,,,,,,no,no,unmapped_raw_key
P02,without_tutor,T01,36,2026-05-24T21:18:55.968407+00:00,1779657535.9634058,dcs_bios_raw,VSI,32758,32757,-1,,,,,,,,,,no,no,unmapped_raw_key
P02,without_tutor,T01,40,2026-05-24T21:18:56.102048+00:00,1779657536.097543,dcs_bios_raw,VSI,32757,32758,1,,,,,,,,,,no,no,unmapped_raw_key
P02,without_tutor,T01,42,2026-05-24T21:18:56.167614+00:00,1779657536.1626134,dcs_bios_raw,VSI,32758,32759,1,,,,,,,,,,no,no,unmapped_raw_key
P02,without_tutor,T01,43,2026-05-24T21:18:56.200642+00:00,1779657536.196138,dcs_bios_raw,VSI,32759,32760,1,,,,,,,,,,no,no,unmapped_raw_key
P02,without_tutor,T01,44,2026-05-24T21:18:56.234176+00:00,1779657536.228667,dcs_bios_raw,VSI,32760,32761,1,,,,,,,,,,no,no,unmapped_raw_key
P02,without_tutor,T01,45,2026-05-24T21:18:56.267211+00:00,1779657536.263209,dcs_bios_raw,VSI,32761,32762,1,,,,,,,,,,no,no,unmapped_raw_key
P02,without_tutor,T01,46,2026-05-24T21:18:56.301240+00:00,1779657536.2957358,dcs_bios_raw,VSI,32762,32764,2,,,,,,,,,,no,no,unmapped_raw_key
P02,without_tutor,T01,47,2026-05-24T21:18:56.333766+00:00,1779657536.3292584,dcs_bios_raw,VSI,32764,32765,1,,,,,,,,,,no,no,unmapped_raw_key
P02,without_tutor,T01,48,2026-05-24T21:18:56.367797+00:00,1779657536.362803,dcs_bios_raw,VSI,32765,32766,1,,,,,,,,,,no,no,unmapped_raw_key
P02,without_tutor,T01,49,2026-05-24T21:18:56.400823+00:00,1779657536.3963192,dcs_bios_raw,VSI,32766,32767,1,,,,,,,,,,no,no,unmapped_raw_key
P02,without_tutor,T01,51,2026-05-24T21:18:56.467382+00:00,1779657536.4633813,dcs_bios_raw,VSI,32767,32768,1,,,,,,,,,,no,no,unmapped_raw_key
P02,without_tutor,T01,52,2026-05-24T21:18:56.501411+00:00,1779657536.4969041,dcs_bios_raw,VSI,32768,32769,1,,,,,,,,,,no,no,unmapped_raw_key
P02,without_tutor,T01,55,2026-05-24T21:18:56.601020+00:00,1779657536.5965068,dcs_bios_raw,VSI,32769,32770,1,,,,,,,,,,no,no,unmapped_raw_key
P02,without_tutor,T01,59,2026-05-24T21:18:56.735138+00:00,1779657536.730133,dcs_bios_raw,VSI,32770,32769,-1,,,,,,,,,,no,no,unmapped_raw_key
P02,without_tutor,T01,62,2026-05-24T21:18:56.837771+00:00,1779657536.830263,dcs_bios_raw,VSI,32769,32768,-1,,,,,,,,,,no,no,unmapped_raw_key
P02,without_tutor,T01,64,2026-05-24T21:18:56.901833+00:00,1779657536.8973274,dcs_bios_raw,VSI,32768,32767,-1,,,,,,,,,,no,no,unmapped_raw_key
P02,without_tutor,T01,67,2026-05-24T21:18:57.002438+00:00,1779657536.9969203,dcs_bios_raw,VSI,32767,32766,-1,,,,,,,,,,no,no,unmapped_raw_key
P02,without_tutor,T01,72,2026-05-24T21:18:57.168615+00:00,1779657537.1636136,dcs_bios_raw,VSI,32766,32765,-1,,,,,,,,,,no,no,unmapped_raw_key
P02,without_tutor,T01,75,2026-05-24T21:18:57.268212+00:00,1779657537.264212,dcs_bios_raw,VSI,32765,32766,1,,,,,,,,,,no,no,unmapped_raw_key
P02,without_tutor,T01,81,2026-05-24T21:18:57.468411+00:00,1779657537.4644125,dcs_bios_raw,VSI,32766,32767,1,,,,,,,,,,no,no,unmapped_raw_key
P02,without_tutor,T01,89,2026-05-24T21:18:57.740664+00:00,1779657537.7361605,dcs_bios_raw,VSI,32767,32768,1,,,,,,,,,,no,no,unmapped_raw_key
P02,without_tutor,T01,94,2026-05-24T21:18:57.908823+00:00,1779657537.9028225,dcs_bios_raw,VSI,32768,32767,-1,,,,,,,,,,no,no,unmapped_raw_key
P02,without_tutor,T01,104,2026-05-24T21:18:58.240156+00:00,1779657538.2371557,dcs_bios_raw,BATTERY_SW,1,2,1,battery_switch,S01,,,,,,,,no,no,
P02,without_tutor,T01,1339,2026-05-24T21:20:18.507000+00:00,1779657618.5040076,dcs_bios_raw,APU_CONTROL_SW,0,1,1,apu_switch,S03,,,,,,,,no,no,
P02,without_tutor,T01,2076,2026-05-24T21:20:43.447844+00:00,1779657643.445851,dcs_bios_raw,ENGINE_CRANK_SW,1,2,1,eng_crank_switch,S04;S10,,,,,,,,no,no,
P02,without_tutor,T01,2468,2026-05-24T21:20:56.909858+00:00,1779657656.9078574,dcs_bios_raw,INT_THROTTLE_RIGHT,0,78,78,throttle_quadrant_reference,,,,,,,,,no,no,mapped_target_without_candidate_step
P02,without_tutor,T01,2469,2026-05-24T21:20:56.944927+00:00,1779657656.9409032,dcs_bios_raw,INT_THROTTLE_RIGHT,78,629,551,throttle_quadrant_reference,,,,,,,,,no,no,mapped_target_without_candidate_step
P02,without_tutor,T01,2470,2026-05-24T21:20:56.979013+00:00,1779657656.9740145,dcs_bios_raw,INT_THROTTLE_RIGHT,629,1022,393,throttle_quadrant_reference,,,,,,,,,no,no,mapped_target_without_candidate_step
P02,without_tutor,T01,2471,2026-05-24T21:20:57.009567+00:00,1779657657.007567,dcs_bios_raw,INT_THROTTLE_RIGHT,1022,1494,472,throttle_quadrant_reference,,,,,,,,,no,no,mapped_target_without_candidate_step
P02,without_tutor,T01,2472,2026-05-24T21:20:57.043647+00:00,1779657657.0406332,dcs_bios_raw,INT_THROTTLE_RIGHT,1494,1887,393,throttle_quadrant_reference,,,,,,,,,no,no,mapped_target_without_candidate_step
P02,without_tutor,T01,2473,2026-05-24T21:20:57.076693+00:00,1779657657.074694,dcs_bios_raw,INT_THROTTLE_RIGHT,1887,2359,472,throttle_quadrant_reference,,,,,,,,,no,no,mapped_target_without_candidate_step
P02,without_tutor,T01,2474,2026-05-24T21:20:57.109264+00:00,1779657657.107265,dcs_bios_raw,INT_THROTTLE_RIGHT,2359,2831,472,throttle_quadrant_reference,,,,,,,,,no,no,mapped_target_without_candidate_step
P02,without_tutor,T01,2475,2026-05-24T21:20:57.143332+00:00,1779657657.1413286,dcs_bios_raw,INT_THROTTLE_RIGHT,2831,3224,393,throttle_quadrant_reference,,,,,,,,,no,no,mapped_target_without_candidate_step
P02,without_tutor,T01,2476,2026-05-24T21:20:57.177423+00:00,1779657657.1744163,dcs_bios_raw,INT_THROTTLE_RIGHT,3224,3696,472,throttle_quadrant_reference,,,,,,,,,no,no,mapped_target_without_candidate_step
P02,without_tutor,T01,2477,2026-05-24T21:20:57.209957+00:00,1779657657.2069578,dcs_bios_raw,INT_THROTTLE_RIGHT,3696,4089,393,throttle_quadrant_reference,,,,,,,,,no,no,mapped_target_without_candidate_step
P02,without_tutor,T01,2478,2026-05-24T21:20:57.244986+00:00,1779657657.2409813,dcs_bios_raw,INT_THROTTLE_RIGHT,4089,4561,472,throttle_quadrant_reference,,,,,,,,,no,no,mapped_target_without_candidate_step
P02,without_tutor,T01,2479,2026-05-24T21:20:57.276033+00:00,1779657657.2740312,dcs_bios_raw,INT_THROTTLE_RIGHT,4561,4954,393,throttle_quadrant_reference,,,,,,,,,no,no,mapped_target_without_candidate_step
P02,without_tutor,T01,2480,2026-05-24T21:20:57.309612+00:00,1779657657.3076115,dcs_bios_raw,INT_THROTTLE_RIGHT,4954,5426,472,throttle_quadrant_reference,,,,,,,,,no,no,mapped_target_without_candidate_step
P02,without_tutor,T01,2481,2026-05-24T21:20:57.343693+00:00,1779657657.3406684,dcs_bios_raw,INT_THROTTLE_RIGHT,5426,5819,393,throttle_quadrant_reference,,,,,,,,,no,no,mapped_target_without_candidate_step
P02,without_tutor,T01,2482,2026-05-24T21:20:57.376741+00:00,1779657657.3737345,dcs_bios_raw,INT_THROTTLE_RIGHT,5819,6291,472,throttle_quadrant_reference,,,,,,,,,no,no,mapped_target_without_candidate_step
P02,without_tutor,T01,2483,2026-05-24T21:20:57.411808+00:00,1779657657.407301,dcs_bios_raw,INT_THROTTLE_RIGHT,6291,6553,262,throttle_quadrant_reference,,,,,,,,,no,no,mapped_target_without_candidate_step
P02,without_tutor,T01,2902,2026-05-24T21:21:11.634568+00:00,1779657671.6315634,dcs_bios_raw,VSI,32767,32766,-1,,,,,,,,,,no,no,unmapped_raw_key
P02,without_tutor,T01,2954,2026-05-24T21:21:13.393006+00:00,1779657673.3885,dcs_bios_raw,VSI,32766,32765,-1,,,,,,,,,,no,no,unmapped_raw_key
P02,without_tutor,T01,2957,2026-05-24T21:21:13.491689+00:00,1779657673.4891834,dcs_bios_raw,COMM1_CHANNEL_NUMERIC,,1,1,ufc_comm1_channel_selector_rotate;ufc_comm1_channel_selector_pull,S09,,,,,,,,no,no,
P02,without_tutor,T01,2957,2026-05-24T21:21:13.491689+00:00,1779657673.4891834,dcs_bios_raw,COMM2_CHANNEL_NUMERIC,,1,1,ufc_comm2_channel_selector_rotate;ufc_comm2_channel_selector_pull,,,,,,,,,no,no,mapped_target_without_candidate_step
P02,without_tutor,T01,2958,2026-05-24T21:21:13.525258+00:00,1779657673.5222468,dcs_bios_raw,ENGINE_CRANK_SW,2,1,-1,eng_crank_switch,S04;S10,,,,,,,,no,no,
P02,without_tutor,T01,2991,2026-05-24T21:21:14.653970+00:00,1779657674.6509557,dcs_bios_raw,VSI,32765,32766,1,,,,,,,,,,no,no,unmapped_raw_key
P02,without_tutor,T01,3014,2026-05-24T21:21:15.425506+00:00,1779657675.423499,dcs_bios_raw,VSI,32766,32767,1,,,,,,,,,,no,no,unmapped_raw_key
P02,without_tutor,T01,3159,2026-05-24T21:21:20.341225+00:00,1779657680.335722,dcs_bios_raw,BLEED_AIR_KNOB,2,3,1,bleed_air_knob,S06,,,,,,,,no,no,
P02,without_tutor,T01,3176,2026-05-24T21:21:20.905279+00:00,1779657680.9012656,dcs_bios_raw,BLEED_AIR_KNOB,3,0,-3,bleed_air_knob,S06,,,,,,,,no,no,
P02,without_tutor,T01,3200,2026-05-24T21:21:21.737812+00:00,1779657681.7348125,dcs_bios_raw,BLEED_AIR_KNOB,0,1,1,bleed_air_knob,S06,,,,,,,,no,no,
P02,without_tutor,T01,3220,2026-05-24T21:21:22.406664+00:00,1779657682.4026628,dcs_bios_raw,BLEED_AIR_KNOB,1,2,1,bleed_air_knob,S06,,,,,,,,no,no,
P02,without_tutor,T01,3328,2026-05-24T21:21:28.472094+00:00,1779657688.4675994,dcs_bios_raw,LIGHTS_TEST_SW,,1,1,lights_test_button,S07,,,,,,,,no,no,
P02,without_tutor,T01,3387,2026-05-24T21:21:31.212119+00:00,1779657691.209094,dcs_bios_raw,LIGHTS_TEST_SW,1,0,-1,lights_test_button,S07,,,,,,,,no,no,
P02,without_tutor,T01,3463,2026-05-24T21:21:35.061630+00:00,1779657695.0591204,dcs_bios_raw,LEFT_DDI_BRT_SELECT,,1,1,left_mdi_brightness_selector,S08,,,,,,,,no,no,
P02,without_tutor,T01,3467,2026-05-24T21:21:35.196812+00:00,1779657695.1928082,dcs_bios_raw,LEFT_DDI_BRT_SELECT,1,2,1,left_mdi_brightness_selector,S08,,,,,,,,no,no,
P02,without_tutor,T01,3479,2026-05-24T21:21:35.868970+00:00,1779657695.8659706,dcs_bios_raw,RIGHT_DDI_BRT_SELECT,,1,1,right_mdi_brightness_selector,S08,,,,,,,,no,no,
P02,without_tutor,T01,3483,2026-05-24T21:21:36.035735+00:00,1779657696.031721,dcs_bios_raw,RIGHT_DDI_BRT_SELECT,1,2,1,right_mdi_brightness_selector,S08,,,,,,,,no,no,
P02,without_tutor,T01,3497,2026-05-24T21:21:36.837195+00:00,1779657696.8321753,dcs_bios_raw,AMPCD_BRT_CTL,,1167,1167,ampcd_off_brightness_knob,S08,,,,,,,,no,no,
P02,without_tutor,T01,3498,2026-05-24T21:21:36.867715+00:00,1779657696.8657153,dcs_bios_raw,AMPCD_BRT_CTL,1167,8811,7644,ampcd_off_brightness_knob,S08,,,,,,,,no,no,
P02,without_tutor,T01,3499,2026-05-24T21:21:36.901777+00:00,1779657696.8992667,dcs_bios_raw,AMPCD_BRT_CTL,8811,16091,7280,ampcd_off_brightness_knob,S08,,,,,,,,no,no,
P02,without_tutor,T01,3500,2026-05-24T21:21:36.934842+00:00,1779657696.9318285,dcs_bios_raw,AMPCD_BRT_CTL,16091,25009,8918,ampcd_off_brightness_knob,S08,,,,,,,,no,no,
P02,without_tutor,T01,3501,2026-05-24T21:21:36.968437+00:00,1779657696.9654448,dcs_bios_raw,AMPCD_BRT_CTL,25009,35383,10374,ampcd_off_brightness_knob,S08,,,,,,,,no,no,
P02,without_tutor,T01,3502,2026-05-24T21:21:37.002517+00:00,1779657696.9989946,dcs_bios_raw,AMPCD_BRT_CTL,35383,44301,8918,ampcd_off_brightness_knob,S08,,,,,,,,no,no,
P02,without_tutor,T01,3503,2026-05-24T21:21:37.047093+00:00,1779657697.045099,dcs_bios_raw,AMPCD_BRT_CTL,44301,53583,9282,ampcd_off_brightness_knob,S08,,,,,,,,no,no,
P02,without_tutor,T01,3504,2026-05-24T21:21:37.080635+00:00,1779657697.0786426,dcs_bios_raw,AMPCD_BRT_CTL,53583,65535,11952,ampcd_off_brightness_knob,S08,,,,,,,,no,no,
P02,without_tutor,T01,3533,2026-05-24T21:21:38.653444+00:00,1779657698.651431,dcs_bios_raw,HUD_SYM_BRT,,1455,1455,hud_symbology_brightness_knob,S08,,,,,,,,no,no,
P02,without_tutor,T01,3534,2026-05-24T21:21:38.686994+00:00,1779657698.6839938,dcs_bios_raw,HUD_SYM_BRT,1455,6005,4550,hud_symbology_brightness_knob,S08,,,,,,,,no,no,
P02,without_tutor,T01,3535,2026-05-24T21:21:38.719537+00:00,1779657698.7165453,dcs_bios_raw,HUD_SYM_BRT,6005,12557,6552,hud_symbology_brightness_knob,S08,,,,,,,,no,no,
P02,without_tutor,T01,3536,2026-05-24T21:21:38.753077+00:00,1779657698.7505815,dcs_bios_raw,HUD_SYM_BRT,12557,16197,3640,hud_symbology_brightness_knob,S08,,,,,,,,no,no,
P02,without_tutor,T01,3537,2026-05-24T21:21:38.786662+00:00,1779657698.7836628,dcs_bios_raw,HUD_SYM_BRT,16197,20019,3822,hud_symbology_brightness_knob,S08,,,,,,,,no,no,
P02,without_tutor,T01,3538,2026-05-24T21:21:38.819212+00:00,1779657698.817203,dcs_bios_raw,HUD_SYM_BRT,20019,25843,5824,hud_symbology_brightness_knob,S08,,,,,,,,no,no,
P02,without_tutor,T01,3539,2026-05-24T21:21:38.854771+00:00,1779657698.851264,dcs_bios_raw,HUD_SYM_BRT,25843,34943,9100,hud_symbology_brightness_knob,S08,,,,,,,,no,no,
P02,without_tutor,T01,3540,2026-05-24T21:21:38.887340+00:00,1779657698.8843403,dcs_bios_raw,HUD_SYM_BRT,34943,43679,8736,hud_symbology_brightness_knob,S08,,,,,,,,no,no,
P02,without_tutor,T01,3541,2026-05-24T21:21:38.919906+00:00,1779657698.9179068,dcs_bios_raw,HUD_SYM_BRT,43679,51323,7644,hud_symbology_brightness_knob,S08,,,,,,,,no,no,
P02,without_tutor,T01,3542,2026-05-24T21:21:38.953497+00:00,1779657698.9514806,dcs_bios_raw,HUD_SYM_BRT,51323,57147,5824,hud_symbology_brightness_knob,S08,,,,,,,,no,no,
P02,without_tutor,T01,3543,2026-05-24T21:21:38.987069+00:00,1779657698.9840696,dcs_bios_raw,HUD_SYM_BRT,57147,62789,5642,hud_symbology_brightness_knob,S08,,,,,,,,no,no,
P02,without_tutor,T01,3544,2026-05-24T21:21:39.020615+00:00,1779657699.0176215,dcs_bios_raw,HUD_SYM_BRT,62789,65535,2746,hud_symbology_brightness_knob,S08,,,,,,,,no,no,
P02,without_tutor,T01,3563,2026-05-24T21:21:40.421698+00:00,1779657700.4176912,dcs_bios_raw,HIDE_STICK_TOGGLE,,1,1,,,,,,,,,,no,no,unmapped_raw_key
P02,without_tutor,T01,3749,2026-05-24T21:21:52.712251+00:00,1779657712.7097473,dcs_bios_raw,LEFT_DDI_PB_18,,1,1,left_mdi_pb18,S08;S15,,,,,,,,no,no,
P02,without_tutor,T01,3750,2026-05-24T21:21:52.812880+00:00,1779657712.8083746,dcs_bios_raw,LEFT_DDI_PB_18,1,0,-1,left_mdi_pb18,S08;S15,,,,,,,,no,no,
P02,without_tutor,T01,3762,2026-05-24T21:21:53.447647+00:00,1779657713.4421258,dcs_bios_raw,LEFT_DDI_PB_15,,1,1,left_mdi_pb15,S08;S15,,,,,,,,no,no,
P02,without_tutor,T01,3763,2026-05-24T21:21:53.550255+00:00,1779657713.547261,dcs_bios_raw,LEFT_DDI_PB_15,1,0,-1,left_mdi_pb15,S08;S15,,,,,,,,no,no,
P02,without_tutor,T01,3868,2026-05-24T21:22:01.044506+00:00,1779657721.0414972,dcs_bios_raw,UFC_COMM1_PULL,,1,1,ufc_comm1_channel_selector_pull,S09,,,,,,,,no,no,
P02,without_tutor,T01,3874,2026-05-24T21:22:01.378492+00:00,1779657721.3764923,dcs_bios_raw,UFC_COMM1_PULL,1,0,-1,ufc_comm1_channel_selector_pull,S09,,,,,,,,no,no,
P02,without_tutor,T01,3880,2026-05-24T21:22:01.711543+00:00,1779657721.709041,dcs_bios_raw,UFC_1,,1,1,ufc_key_1,S09,,,,,,,,no,no,
P02,without_tutor,T01,3881,2026-05-24T21:22:01.812197+00:00,1779657721.8086994,dcs_bios_raw,UFC_1,1,0,-1,ufc_key_1,S09,,,,,,,,no,no,
P02,without_tutor,T01,3886,2026-05-24T21:22:02.204340+00:00,1779657722.199823,dcs_bios_raw,UFC_3,,1,1,ufc_key_3,S09,,,,,,,,no,no,
P02,without_tutor,T01,3889,2026-05-24T21:22:02.308453+00:00,1779657722.305458,dcs_bios_raw,UFC_3,1,0,-1,ufc_key_3,S09,,,,,,,,no,no,
P02,without_tutor,T01,3894,2026-05-24T21:22:02.656493+00:00,1779657722.6535,dcs_bios_raw,UFC_4,,1,1,ufc_key_4,S09,,,,,,,,no,no,
P02,without_tutor,T01,3895,2026-05-24T21:22:02.756133+00:00,1779657722.7531307,dcs_bios_raw,UFC_4,1,0,-1,ufc_key_4,S09,,,,,,,,no,no,
P02,without_tutor,T01,3902,2026-05-24T21:22:03.161260+00:00,1779657723.1582577,dcs_bios_raw,UFC_0,,1,1,ufc_key_0,S09,,,,,,,,no,no,
P02,without_tutor,T01,3903,2026-05-24T21:22:03.229836+00:00,1779657723.2248366,dcs_bios_raw,UFC_0,1,0,-1,ufc_key_0,S09,,,,,,,,no,no,
P02,without_tutor,T01,3905,2026-05-24T21:22:03.294405+00:00,1779657723.2913952,dcs_bios_raw,UFC_0,0,1,1,ufc_key_0,S09,,,,,,,,no,no,
P02,without_tutor,T01,3907,2026-05-24T21:22:03.394486+00:00,1779657723.391479,dcs_bios_raw,UFC_0,1,0,-1,ufc_key_0,S09,,,,,,,,no,no,
P02,without_tutor,T01,3909,2026-05-24T21:22:03.463055+00:00,1779657723.458549,dcs_bios_raw,UFC_0,0,1,1,ufc_key_0,S09,,,,,,,,no,no,
P02,without_tutor,T01,3910,2026-05-24T21:22:03.560635+00:00,1779657723.5586355,dcs_bios_raw,UFC_0,1,0,-1,ufc_key_0,S09,,,,,,,,no,no,
P02,without_tutor,T01,3920,2026-05-24T21:22:04.194757+00:00,1779657724.1917489,dcs_bios_raw,UFC_ENT,,1,1,ufc_ent_button,S09,,,,,,,,no,no,
P02,without_tutor,T01,3922,2026-05-24T21:22:04.263305+00:00,1779657724.2588015,dcs_bios_raw,COMM1_FREQ,,13400,13400,ufc_comm1_channel_selector_rotate;ufc_comm1_channel_selector_pull,S09,,,,,,,,no,no,
P02,without_tutor,T01,3928,2026-05-24T21:22:04.795354+00:00,1779657724.7918465,dcs_bios_raw,UFC_ENT,1,0,-1,ufc_ent_button,S09,,,,,,,,no,no,
P02,without_tutor,T01,4081,2026-05-24T21:22:14.609922+00:00,1779657734.6069217,dcs_bios_raw,ENGINE_CRANK_SW,1,0,-1,eng_crank_switch,S04;S10,,,,,,,,no,no,
P02,without_tutor,T01,4498,2026-05-24T21:22:28.764277+00:00,1779657748.7597702,dcs_bios_raw,INT_THROTTLE_LEFT,0,314,314,throttle_quadrant_reference,,,,,,,,,no,no,mapped_target_without_candidate_step
P02,without_tutor,T01,4499,2026-05-24T21:22:28.796320+00:00,1779657748.7933185,dcs_bios_raw,INT_THROTTLE_LEFT,314,786,472,throttle_quadrant_reference,,,,,,,,,no,no,mapped_target_without_candidate_step
P02,without_tutor,T01,4500,2026-05-24T21:22:28.829853+00:00,1779657748.8268528,dcs_bios_raw,INT_THROTTLE_LEFT,786,1179,393,throttle_quadrant_reference,,,,,,,,,no,no,mapped_target_without_candidate_step
P02,without_tutor,T01,4501,2026-05-24T21:22:28.863895+00:00,1779657748.8603945,dcs_bios_raw,INT_THROTTLE_LEFT,1179,1651,472,throttle_quadrant_reference,,,,,,,,,no,no,mapped_target_without_candidate_step
P02,without_tutor,T01,4502,2026-05-24T21:22:28.896945+00:00,1779657748.8939433,dcs_bios_raw,INT_THROTTLE_LEFT,1651,2044,393,throttle_quadrant_reference,,,,,,,,,no,no,mapped_target_without_candidate_step
P02,without_tutor,T01,4503,2026-05-24T21:22:28.930491+00:00,1779657748.9274917,dcs_bios_raw,INT_THROTTLE_LEFT,2044,2516,472,throttle_quadrant_reference,,,,,,,,,no,no,mapped_target_without_candidate_step
P02,without_tutor,T01,4504,2026-05-24T21:22:28.962521+00:00,1779657748.960016,dcs_bios_raw,INT_THROTTLE_LEFT,2516,2909,393,throttle_quadrant_reference,,,,,,,,,no,no,mapped_target_without_candidate_step
P02,without_tutor,T01,4505,2026-05-24T21:22:28.996548+00:00,1779657748.9935477,dcs_bios_raw,INT_THROTTLE_LEFT,2909,3381,472,throttle_quadrant_reference,,,,,,,,,no,no,mapped_target_without_candidate_step
P02,without_tutor,T01,4506,2026-05-24T21:22:29.030080+00:00,1779657749.027079,dcs_bios_raw,INT_THROTTLE_LEFT,3381,3774,393,throttle_quadrant_reference,,,,,,,,,no,no,mapped_target_without_candidate_step
P02,without_tutor,T01,4507,2026-05-24T21:22:29.064113+00:00,1779657749.0606062,dcs_bios_raw,INT_THROTTLE_LEFT,3774,4246,472,throttle_quadrant_reference,,,,,,,,,no,no,mapped_target_without_candidate_step
P02,without_tutor,T01,4508,2026-05-24T21:22:29.096148+00:00,1779657749.0941482,dcs_bios_raw,INT_THROTTLE_LEFT,4246,4718,472,throttle_quadrant_reference,,,,,,,,,no,no,mapped_target_without_candidate_step
P02,without_tutor,T01,4509,2026-05-24T21:22:29.129671+00:00,1779657749.127671,dcs_bios_raw,INT_THROTTLE_LEFT,4718,5111,393,throttle_quadrant_reference,,,,,,,,,no,no,mapped_target_without_candidate_step
P02,without_tutor,T01,4510,2026-05-24T21:22:29.162699+00:00,1779657749.160195,dcs_bios_raw,INT_THROTTLE_LEFT,5111,5583,472,throttle_quadrant_reference,,,,,,,,,no,no,mapped_target_without_candidate_step
P02,without_tutor,T01,4511,2026-05-24T21:22:29.196223+00:00,1779657749.1942232,dcs_bios_raw,INT_THROTTLE_LEFT,5583,5976,393,throttle_quadrant_reference,,,,,,,,,no,no,mapped_target_without_candidate_step
P02,without_tutor,T01,4512,2026-05-24T21:22:29.229762+00:00,1779657749.2267694,dcs_bios_raw,INT_THROTTLE_LEFT,5976,6448,472,throttle_quadrant_reference,,,,,,,,,no,no,mapped_target_without_candidate_step
P02,without_tutor,T01,4513,2026-05-24T21:22:29.263797+00:00,1779657749.2612877,dcs_bios_raw,INT_THROTTLE_LEFT,6448,6553,105,throttle_quadrant_reference,,,,,,,,,no,no,mapped_target_without_candidate_step
P02,without_tutor,T01,4925,2026-05-24T21:22:43.046982+00:00,1779657763.041977,dcs_bios_raw,VSI,32767,32766,-1,,,,,,,,,,no,no,unmapped_raw_key
P02,without_tutor,T01,4974,2026-05-24T21:22:44.679144+00:00,1779657764.6751513,dcs_bios_raw,VSI,32766,32765,-1,,,,,,,,,,no,no,unmapped_raw_key
P02,without_tutor,T01,4976,2026-05-24T21:22:44.744217+00:00,1779657764.7422128,dcs_bios_raw,ENGINE_CRANK_SW,0,1,1,eng_crank_switch,S04;S10,,,,,,,,no,no,
P02,without_tutor,T01,5007,2026-05-24T21:22:45.779805+00:00,1779657765.7758117,dcs_bios_raw,VSI,32765,32766,1,,,,,,,,,,no,no,unmapped_raw_key
P02,without_tutor,T01,5030,2026-05-24T21:22:46.545032+00:00,1779657766.5420265,dcs_bios_raw,VSI,32766,32767,1,,,,,,,,,,no,no,unmapped_raw_key
P02,without_tutor,T01,5235,2026-05-24T21:22:53.484004+00:00,1779657773.4804795,dcs_bios_raw,INS_SW,,1,1,ins_mode_knob,S12,,,,,,,,no,no,
P02,without_tutor,T01,5239,2026-05-24T21:22:53.615162+00:00,1779657773.6131604,dcs_bios_raw,INS_SW,1,2,1,ins_mode_knob,S12,,,,,,,,no,no,
P02,without_tutor,T01,5280,2026-05-24T21:22:55.218628+00:00,1779657775.2146275,dcs_bios_raw,AMPCD_PB_19,,1,1,ampcd_pb19,S12,,,,,,,,no,no,
P02,without_tutor,T01,5282,2026-05-24T21:22:55.316280+00:00,1779657775.314279,dcs_bios_raw,AMPCD_PB_19,1,0,-1,ampcd_pb19,S12,,,,,,,,no,no,
P02,without_tutor,T01,5291,2026-05-24T21:22:56.117730+00:00,1779657776.1137266,dcs_bios_raw,RADAR_SW,,1,1,radar_mode_knob,S13,,,,,,,,no,no,
P02,without_tutor,T01,5294,2026-05-24T21:22:56.250329+00:00,1779657776.2473288,dcs_bios_raw,RADAR_SW,1,2,1,radar_mode_knob,S13,,,,,,,,no,no,
P02,without_tutor,T01,5334,2026-05-24T21:22:58.128126+00:00,1779657778.1251264,dcs_bios_raw,OBOGS_SW,,1,1,obogs_control_switch,S14,,,,,,,,no,no,
P02,without_tutor,T01,5460,2026-05-24T21:23:05.960230+00:00,1779657785.954231,dcs_bios_raw,FCS_RESET_BTN,,1,1,fcs_reset_button,S15,,,,,,,,no,no,
P02,without_tutor,T01,5462,2026-05-24T21:23:06.090855+00:00,1779657786.0878632,dcs_bios_raw,FCS_RESET_BTN,1,0,-1,fcs_reset_button,S15,,,,,,,,no,no,
P02,without_tutor,T01,5503,2026-05-24T21:23:09.025173+00:00,1779657789.0221686,dcs_bios_raw,FLAP_SW,,1,1,flap_switch,S16;S27,,,,,,,,no,no,
P02,without_tutor,T01,5507,2026-05-24T21:23:09.191326+00:00,1779657789.1883261,dcs_bios_raw,FLAP_SW,1,2,1,flap_switch,S16;S27,,,,,,,,no,no,
P02,without_tutor,T01,5565,2026-05-24T21:23:12.093387+00:00,1779657792.0888832,dcs_bios_raw,TO_TRIM_BTN,,1,1,takeoff_trim_button,S17,,,,,,,,no,no,
P02,without_tutor,T01,5568,2026-05-24T21:23:12.236028+00:00,1779657792.2330258,dcs_bios_raw,TO_TRIM_BTN,1,0,-1,takeoff_trim_button,S17,,,,,,,,no,no,
P02,without_tutor,T01,5712,2026-05-24T21:23:21.159354+00:00,1779657801.1563537,dcs_bios_raw,RIGHT_DDI_PB_05,,1,1,right_mdi_pb5,S08;S18;S19,,,,,,,,no,no,
P02,without_tutor,T01,5714,2026-05-24T21:23:21.230918+00:00,1779657801.227918,dcs_bios_raw,RIGHT_DDI_PB_05,1,0,-1,right_mdi_pb5,S08;S18;S19,,,,,,,,no,no,
P02,without_tutor,T01,5780,2026-05-24T21:23:23.982597+00:00,1779657803.9790916,dcs_bios_raw,FCS_BIT_SW,,1,1,fcs_bit_switch,S19,,,,,,,,no,no,
P02,without_tutor,T01,5784,2026-05-24T21:23:24.553574+00:00,1779657804.5510695,dcs_bios_raw,RIGHT_DDI_PB_05,0,1,1,right_mdi_pb5,S08;S18;S19,,,,,,,,no,no,
P02,without_tutor,T01,5785,2026-05-24T21:23:24.653651+00:00,1779657804.6511467,dcs_bios_raw,RIGHT_DDI_PB_05,1,0,-1,right_mdi_pb5,S08;S18;S19,,,,,,,,no,no,
P02,without_tutor,T01,5809,2026-05-24T21:23:25.583496+00:00,1779657805.578998,dcs_bios_raw,FCS_BIT_SW,1,0,-1,fcs_bit_switch,S19,,,,,,,,no,no,
P02,without_tutor,T01,5897,2026-05-24T21:23:30.573589+00:00,1779657810.5700839,dcs_bios_raw,PROBE_SW,,2,2,refuel_probe_switch,S20;S21,,,,,,,,no,no,
P02,without_tutor,T01,6076,2026-05-24T21:23:37.129918+00:00,1779657817.126918,dcs_bios_raw,PROBE_SW,2,1,-1,refuel_probe_switch,S20;S21,,,,,,,,no,no,
P02,without_tutor,T01,6249,2026-05-24T21:23:43.575560+00:00,1779657823.5725539,dcs_bios_raw,LAUNCH_BAR_SW,,1,1,launch_bar_switch,S22;S23,,,,,,,,no,no,
P02,without_tutor,T01,6278,2026-05-24T21:23:44.719224+00:00,1779657824.7162244,dcs_bios_raw,APU_CONTROL_SW,1,0,-1,apu_switch,S03,,,,,,,,no,no,
P02,without_tutor,T01,6331,2026-05-24T21:23:46.754202+00:00,1779657826.749694,dcs_bios_raw,LAUNCH_BAR_SW,1,0,-1,launch_bar_switch,S22;S23,,,,,,,,no,no,
P02,without_tutor,T01,6362,2026-05-24T21:23:48.200106+00:00,1779657828.1951141,dcs_bios_raw,HOOK_LEVER,,0,0,arresting_hook_handle,S24;S25,,,,,,,,no,no,
P02,without_tutor,T01,6495,2026-05-24T21:23:53.731224+00:00,1779657833.7282321,dcs_bios_raw,HOOK_LEVER,0,1,1,arresting_hook_handle,S24;S25,,,,,,,,no,no,
P02,without_tutor,T01,6557,2026-05-24T21:23:55.947235+00:00,1779657835.945227,dcs_bios_raw,PITOT_HEAT_SW,,1,1,pitot_heater_switch,S26,,,,,,,,no,no,
P02,without_tutor,T01,6672,2026-05-24T21:24:00.909557+00:00,1779657840.9065561,dcs_bios_raw,FLAP_SW,2,1,-1,flap_switch,S16;S27,,,,,,,,no,no,
P02,without_tutor,T01,6888,2026-05-24T21:24:14.917753+00:00,1779657854.9137511,dcs_bios_raw,IFEI_UP_BTN,,1,1,ifei_up_button,S29,,,,,,,,no,no,
P02,without_tutor,T01,6890,2026-05-24T21:24:15.027851+00:00,1779657855.02485,dcs_bios_raw,IFEI_UP_BTN,1,0,-1,ifei_up_button,S29,,,,,,,,no,no,
P02,without_tutor,T01,6893,2026-05-24T21:24:15.200010+00:00,1779657855.1970084,dcs_bios_raw,IFEI_UP_BTN,0,1,1,ifei_up_button,S29,,,,,,,,no,no,
P02,without_tutor,T01,6895,2026-05-24T21:24:15.310618+00:00,1779657855.3086185,dcs_bios_raw,IFEI_UP_BTN,1,0,-1,ifei_up_button,S29,,,,,,,,no,no,
P02,without_tutor,T01,6897,2026-05-24T21:24:15.382685+00:00,1779657855.3801897,dcs_bios_raw,IFEI_UP_BTN,0,1,1,ifei_up_button,S29,,,,,,,,no,no,
P02,without_tutor,T01,6899,2026-05-24T21:24:15.449248+00:00,1779657855.447248,dcs_bios_raw,IFEI_UP_BTN,1,0,-1,ifei_up_button,S29,,,,,,,,no,no,
P02,without_tutor,T01,6901,2026-05-24T21:24:15.521312+00:00,1779657855.5193121,dcs_bios_raw,IFEI_UP_BTN,0,1,1,ifei_up_button,S29,,,,,,,,no,no,
P02,without_tutor,T01,6903,2026-05-24T21:24:15.594392+00:00,1779657855.5908847,dcs_bios_raw,IFEI_UP_BTN,1,0,-1,ifei_up_button,S29,,,,,,,,no,no,
P02,without_tutor,T01,6904,2026-05-24T21:24:15.667469+00:00,1779657855.6634657,dcs_bios_raw,IFEI_UP_BTN,0,1,1,ifei_up_button,S29,,,,,,,,no,no,
P02,without_tutor,T01,6905,2026-05-24T21:24:15.738563+00:00,1779657855.7355638,dcs_bios_raw,IFEI_UP_BTN,1,0,-1,ifei_up_button,S29,,,,,,,,no,no,
P02,without_tutor,T01,6906,2026-05-24T21:24:15.811145+00:00,1779657855.8081443,dcs_bios_raw,IFEI_UP_BTN,0,1,1,ifei_up_button,S29,,,,,,,,no,no,
P02,without_tutor,T01,6907,2026-05-24T21:24:15.883200+00:00,1779657855.8806958,dcs_bios_raw,IFEI_UP_BTN,1,0,-1,ifei_up_button,S29,,,,,,,,no,no,
P02,without_tutor,T01,6908,2026-05-24T21:24:15.951254+00:00,1779657855.947254,dcs_bios_raw,IFEI_UP_BTN,0,1,1,ifei_up_button,S29,,,,,,,,no,no,
P02,without_tutor,T01,6910,2026-05-24T21:24:16.022322+00:00,1779657856.0198195,dcs_bios_raw,IFEI_UP_BTN,1,0,-1,ifei_up_button,S29,,,,,,,,no,no,
P02,without_tutor,T01,6911,2026-05-24T21:24:16.062360+00:00,1779657856.0578654,dcs_bios_raw,IFEI_UP_BTN,0,1,1,ifei_up_button,S29,,,,,,,,no,no,
P02,without_tutor,T01,6913,2026-05-24T21:24:16.132921+00:00,1779657856.1304169,dcs_bios_raw,IFEI_UP_BTN,1,0,-1,ifei_up_button,S29,,,,,,,,no,no,
P02,without_tutor,T01,6915,2026-05-24T21:24:16.199981+00:00,1779657856.19698,dcs_bios_raw,IFEI_UP_BTN,0,1,1,ifei_up_button,S29,,,,,,,,no,no,
P02,without_tutor,T01,6916,2026-05-24T21:24:16.272058+00:00,1779657856.2690654,dcs_bios_raw,IFEI_UP_BTN,1,0,-1,ifei_up_button,S29,,,,,,,,no,no,
P02,without_tutor,T01,6934,2026-05-24T21:24:17.632316+00:00,1779657857.6298134,dcs_bios_raw,RADALT_TEST_SW,,1,1,,,,,,,,,,no,no,unmapped_raw_key
P02,without_tutor,T01,6936,2026-05-24T21:24:17.770927+00:00,1779657857.7689278,dcs_bios_raw,RADALT_TEST_SW,1,0,-1,,,,,,,,,,no,no,unmapped_raw_key
P02,without_tutor,T01,6948,2026-05-24T21:24:18.668755+00:00,1779657858.6637533,dcs_bios_raw,RADALT_MIN_HEIGHT_PTR,,338,338,radar_altimeter_bug_knob,S31,,,,,,,,no,no,
P02,without_tutor,T01,6949,2026-05-24T21:24:18.705295+00:00,1779657858.7027905,dcs_bios_raw,RADALT_MIN_HEIGHT_PTR,338,677,339,radar_altimeter_bug_knob,S31,,,,,,,,no,no,
P02,without_tutor,T01,6950,2026-05-24T21:24:18.738818+00:00,1779657858.7358246,dcs_bios_raw,RADALT_MIN_HEIGHT_PTR,677,1354,677,radar_altimeter_bug_knob,S31,,,,,,,,no,no,
P02,without_tutor,T01,6956,2026-05-24T21:24:19.022105+00:00,1779657859.0191102,dcs_bios_raw,RADALT_MIN_HEIGHT_PTR,1354,1692,338,radar_altimeter_bug_knob,S31,,,,,,,,no,no,
P02,without_tutor,T01,6957,2026-05-24T21:24:19.062148+00:00,1779657859.0581481,dcs_bios_raw,RADALT_MIN_HEIGHT_PTR,1692,2355,663,radar_altimeter_bug_knob,S31,,,,,,,,no,no,
P02,without_tutor,T01,6958,2026-05-24T21:24:19.094185+00:00,1779657859.0906816,dcs_bios_raw,RADALT_MIN_HEIGHT_PTR,2355,2678,323,radar_altimeter_bug_knob,S31,,,,,,,,no,no,
P02,without_tutor,T01,6963,2026-05-24T21:24:19.270837+00:00,1779657859.2688377,dcs_bios_raw,RADALT_MIN_HEIGHT_PTR,2678,2355,-323,radar_altimeter_bug_knob,S31,,,,,,,,no,no,
P02,without_tutor,T01,6967,2026-05-24T21:24:19.415970+00:00,1779657859.4139683,dcs_bios_raw,RADALT_MIN_HEIGHT_PTR,2355,2031,-324,radar_altimeter_bug_knob,S31,,,,,,,,no,no,
P02,without_tutor,T01,6974,2026-05-24T21:24:19.701231+00:00,1779657859.6972313,dcs_bios_raw,RADALT_MIN_HEIGHT_PTR,2031,2355,324,radar_altimeter_bug_knob,S31,,,,,,,,no,no,
P02,without_tutor,T01,6975,2026-05-24T21:24:19.739773+00:00,1779657859.735773,dcs_bios_raw,RADALT_MIN_HEIGHT_PTR,2355,3002,647,radar_altimeter_bug_knob,S31,,,,,,,,no,no,
P02,without_tutor,T01,6991,2026-05-24T21:24:20.633131+00:00,1779657860.6306272,dcs_bios_raw,RADALT_MIN_HEIGHT_PTR,3002,3326,324,radar_altimeter_bug_knob,S31,,,,,,,,no,no,
P02,without_tutor,T01,6992,2026-05-24T21:24:20.666656+00:00,1779657860.6636539,dcs_bios_raw,RADALT_MIN_HEIGHT_PTR,3326,3973,647,radar_altimeter_bug_knob,S31,,,,,,,,no,no,
P02,without_tutor,T01,6993,2026-05-24T21:24:20.700180+00:00,1779657860.6971798,dcs_bios_raw,RADALT_MIN_HEIGHT_PTR,3973,4621,648,radar_altimeter_bug_knob,S31,,,,,,,,no,no,
P02,without_tutor,T01,6994,2026-05-24T21:24:20.738712+00:00,1779657860.7357194,dcs_bios_raw,RADALT_MIN_HEIGHT_PTR,4621,5268,647,radar_altimeter_bug_knob,S31,,,,,,,,no,no,
P02,without_tutor,T01,6995,2026-05-24T21:24:20.772235+00:00,1779657860.7692342,dcs_bios_raw,RADALT_MIN_HEIGHT_PTR,5268,5916,648,radar_altimeter_bug_knob,S31,,,,,,,,no,no,
P02,without_tutor,T01,6996,2026-05-24T21:24:20.810771+00:00,1779657860.8077784,dcs_bios_raw,RADALT_MIN_HEIGHT_PTR,5916,6563,647,radar_altimeter_bug_knob,S31,,,,,,,,no,no,
P02,without_tutor,T01,6997,2026-05-24T21:24:20.844800+00:00,1779657860.8412938,dcs_bios_raw,RADALT_MIN_HEIGHT_PTR,6563,6887,324,radar_altimeter_bug_knob,S31,,,,,,,,no,no,
P02,without_tutor,T01,6998,2026-05-24T21:24:20.882847+00:00,1779657860.880346,dcs_bios_raw,RADALT_MIN_HEIGHT_PTR,6887,7534,647,radar_altimeter_bug_knob,S31,,,,,,,,no,no,
P02,without_tutor,T01,6999,2026-05-24T21:24:20.916877+00:00,1779657860.913874,dcs_bios_raw,RADALT_MIN_HEIGHT_PTR,7534,7858,324,radar_altimeter_bug_knob,S31,,,,,,,,no,no,
P02,without_tutor,T01,7000,2026-05-24T21:24:20.955909+00:00,1779657860.9529018,dcs_bios_raw,RADALT_MIN_HEIGHT_PTR,7858,8182,324,radar_altimeter_bug_knob,S31,,,,,,,,no,no,
P02,without_tutor,T01,7001,2026-05-24T21:24:20.994939+00:00,1779657860.9914322,dcs_bios_raw,RADALT_MIN_HEIGHT_PTR,8182,8506,324,radar_altimeter_bug_knob,S31,,,,,,,,no,no,
P02,without_tutor,T01,7002,2026-05-24T21:24:21.027969+00:00,1779657861.0249667,dcs_bios_raw,RADALT_MIN_HEIGHT_PTR,8506,8829,323,radar_altimeter_bug_knob,S31,,,,,,,,no,no,
P02,without_tutor,T01,7003,2026-05-24T21:24:21.060488+00:00,1779657861.0584881,dcs_bios_raw,RADALT_MIN_HEIGHT_PTR,8829,9153,324,radar_altimeter_bug_knob,S31,,,,,,,,no,no,
P02,without_tutor,T01,7005,2026-05-24T21:24:21.133074+00:00,1779657861.1305573,dcs_bios_raw,RADALT_MIN_HEIGHT_PTR,9153,9477,324,radar_altimeter_bug_knob,S31,,,,,,,,no,no,
P02,without_tutor,T01,7008,2026-05-24T21:24:21.273693+00:00,1779657861.269187,dcs_bios_raw,RADALT_MIN_HEIGHT_PTR,9477,9801,324,radar_altimeter_bug_knob,S31,,,,,,,,no,no,
P02,without_tutor,T01,7010,2026-05-24T21:24:21.343759+00:00,1779657861.3412557,dcs_bios_raw,RADALT_MIN_HEIGHT_PTR,9801,10124,323,radar_altimeter_bug_knob,S31,,,,,,,,no,no,
P02,without_tutor,T01,7011,2026-05-24T21:24:21.384801+00:00,1779657861.3803017,dcs_bios_raw,RADALT_MIN_HEIGHT_PTR,10124,10772,648,radar_altimeter_bug_knob,S31,,,,,,,,no,no,
P02,without_tutor,T01,7012,2026-05-24T21:24:21.415826+00:00,1779657861.4138243,dcs_bios_raw,RADALT_MIN_HEIGHT_PTR,10772,11419,647,radar_altimeter_bug_knob,S31,,,,,,,,no,no,
P02,without_tutor,T01,7013,2026-05-24T21:24:21.449357+00:00,1779657861.4473581,dcs_bios_raw,RADALT_MIN_HEIGHT_PTR,11419,12067,648,radar_altimeter_bug_knob,S31,,,,,,,,no,no,
P02,without_tutor,T01,7014,2026-05-24T21:24:21.488398+00:00,1779657861.4863975,dcs_bios_raw,RADALT_MIN_HEIGHT_PTR,12067,12390,323,radar_altimeter_bug_knob,S31,,,,,,,,no,no,
P02,without_tutor,T01,7015,2026-05-24T21:24:21.521431+00:00,1779657861.5194316,dcs_bios_raw,RADALT_MIN_HEIGHT_PTR,12390,13038,648,radar_altimeter_bug_knob,S31,,,,,,,,no,no,
P02,without_tutor,T01,7016,2026-05-24T21:24:21.560464+00:00,1779657861.5584648,dcs_bios_raw,RADALT_MIN_HEIGHT_PTR,13038,13685,647,radar_altimeter_bug_knob,S31,,,,,,,,no,no,
P02,without_tutor,T01,7017,2026-05-24T21:24:21.594508+00:00,1779657861.592001,dcs_bios_raw,RADALT_MIN_HEIGHT_PTR,13685,14009,324,radar_altimeter_bug_knob,S31,,,,,,,,no,no,
P02,without_tutor,T01,7018,2026-05-24T21:24:21.633039+00:00,1779657861.6305351,dcs_bios_raw,RADALT_MIN_HEIGHT_PTR,14009,14333,324,radar_altimeter_bug_knob,S31,,,,,,,,no,no,
P02,without_tutor,T01,7019,2026-05-24T21:24:21.666563+00:00,1779657861.663562,dcs_bios_raw,RADALT_MIN_HEIGHT_PTR,14333,14980,647,radar_altimeter_bug_knob,S31,,,,,,,,no,no,
P02,without_tutor,T01,7020,2026-05-24T21:24:21.702086+00:00,1779657861.6970859,dcs_bios_raw,RADALT_MIN_HEIGHT_PTR,14980,15304,324,radar_altimeter_bug_knob,S31,,,,,,,,no,no,
P02,without_tutor,T01,7022,2026-05-24T21:24:21.806672+00:00,1779657861.8031695,dcs_bios_raw,RADALT_MIN_HEIGHT_PTR,15304,15628,324,radar_altimeter_bug_knob,S31,,,,,,,,no,no,
P02,without_tutor,T01,7023,2026-05-24T21:24:21.844719+00:00,1779657861.8412113,dcs_bios_raw,RADALT_MIN_HEIGHT_PTR,15628,16275,647,radar_altimeter_bug_knob,S31,,,,,,,,no,no,
P02,without_tutor,T01,7024,2026-05-24T21:24:21.882760+00:00,1779657861.880259,dcs_bios_raw,RADALT_MIN_HEIGHT_PTR,16275,16923,648,radar_altimeter_bug_knob,S31,,,,,,,,no,no,
P02,without_tutor,T01,7025,2026-05-24T21:24:21.916791+00:00,1779657861.9137883,dcs_bios_raw,RADALT_MIN_HEIGHT_PTR,16923,17246,323,radar_altimeter_bug_knob,S31,,,,,,,,no,no,
P02,without_tutor,T01,7026,2026-05-24T21:24:21.950313+00:00,1779657861.947313,dcs_bios_raw,RADALT_MIN_HEIGHT_PTR,17246,17570,324,radar_altimeter_bug_knob,S31,,,,,,,,no,no,
P02,without_tutor,T01,7028,2026-05-24T21:24:22.022388+00:00,1779657862.0193875,dcs_bios_raw,RADALT_MIN_HEIGHT_PTR,17570,17894,324,radar_altimeter_bug_knob,S31,,,,,,,,no,no,
P02,without_tutor,T01,7031,2026-05-24T21:24:22.133000+00:00,1779657862.1304963,dcs_bios_raw,RADALT_MIN_HEIGHT_PTR,17894,18217,323,radar_altimeter_bug_knob,S31,,,,,,,,no,no,
P02,without_tutor,T01,7039,2026-05-24T21:24:22.594452+00:00,1779657862.5909455,dcs_bios_raw,RADALT_MIN_HEIGHT_PTR,18217,18541,324,radar_altimeter_bug_knob,S31,,,,,,,,no,no,
P02,without_tutor,T01,7052,2026-05-24T21:24:23.344701+00:00,1779657863.3412004,dcs_bios_raw,RADALT_MIN_HEIGHT_PTR,18541,18865,324,radar_altimeter_bug_knob,S31,,,,,,,,no,no,
P02,without_tutor,T01,7104,2026-05-24T21:24:26.699621+00:00,1779657866.6966207,dcs_bios_raw,SAI_CAGE,,0,0,standby_attitude_cage_knob,S32,,,,,,,,no,no,
P02,without_tutor,T01,7574,2026-05-24T21:24:56.359551+00:00,1779657896.3565571,dcs_bios_raw,HUD_ATT_SW,,2,2,attitude_source_selector,S33,,,,,,,,no,no,
P02,without_tutor,T01,7582,2026-05-24T21:24:56.858824+00:00,1779657896.8568318,dcs_bios_raw,HUD_ATT_SW,2,1,-1,attitude_source_selector,S33,,,,,,,,no,no,
P02,without_tutor,T01,7669,2026-05-24T21:25:01.277707+00:00,1779657901.2747016,dcs_bios_raw,EMERGENCY_PARKING_BRAKE_PULL,,0,0,parking_brake_handle,S28,,,,,,,,no,no,
P02,without_tutor,T01,7673,2026-05-24T21:25:01.416358+00:00,1779657901.4133515,dcs_bios_raw,EMERGENCY_PARKING_BRAKE_ROTATE,,0,0,parking_brake_handle,S28,,,,,,,,no,no,
P02,without_tutor,T01,7792,2026-05-24T21:25:19.466385+00:00,1779657919.4633806,dcs_bios_raw,RWR_POWER_BTN,,1,1,,,,,,,,,,no,no,unmapped_raw_key
P02,without_tutor,T01,7792,2026-05-24T21:25:19.466385+00:00,1779657919.4633806,dcs_bios_raw,RWR_LT_BRIGHT,,53076,53076,,,,,,,,,,no,no,unmapped_raw_key
P02,without_tutor,T01,7793,2026-05-24T21:25:19.498473+00:00,1779657919.4964738,dcs_bios_raw,RWR_LT_BRIGHT,53076,53862,786,,,,,,,,,,no,no,unmapped_raw_key
P02,without_tutor,T01,7795,2026-05-24T21:25:19.605183+00:00,1779657919.6016746,dcs_bios_raw,RWR_LT_BRIGHT,53862,53074,-788,,,,,,,,,,no,no,unmapped_raw_key
P02,without_tutor,T01,7796,2026-05-24T21:25:19.748470+00:00,1779657919.7464705,dcs_bios_raw,RWR_LT_BRIGHT,53074,53861,787,,,,,,,,,,no,no,unmapped_raw_key
P02,without_tutor,T01,7797,2026-05-24T21:25:19.854233+00:00,1779657919.8517218,dcs_bios_raw,RWR_LT_BRIGHT,53861,53074,-787,,,,,,,,,,no,no,unmapped_raw_key
P02,without_tutor,T01,7799,2026-05-24T21:25:19.964956+00:00,1779657919.9629436,dcs_bios_raw,RWR_LT_BRIGHT,53074,53861,787,,,,,,,,,,no,no,unmapped_raw_key
P02,without_tutor,T01,7800,2026-05-24T21:25:20.104245+00:00,1779657920.101738,dcs_bios_raw,RWR_LT_BRIGHT,53861,53074,-787,,,,,,,,,,no,no,unmapped_raw_key
P02,without_tutor,T01,7801,2026-05-24T21:25:20.216487+00:00,1779657920.213483,dcs_bios_raw,RWR_LT_BRIGHT,53074,53861,787,,,,,,,,,,no,no,unmapped_raw_key
P02,without_tutor,T01,7802,2026-05-24T21:25:20.314705+00:00,1779657920.3121998,dcs_bios_raw,RWR_LT_BRIGHT,53861,53074,-787,,,,,,,,,,no,no,unmapped_raw_key
P02,without_tutor,T01,7804,2026-05-24T21:25:20.467526+00:00,1779657920.4630127,dcs_bios_raw,RWR_LT_BRIGHT,53074,53861,787,,,,,,,,,,no,no,unmapped_raw_key
P02,without_tutor,T01,7805,2026-05-24T21:25:20.573738+00:00,1779657920.5682352,dcs_bios_raw,RWR_LT_BRIGHT,53861,53074,-787,,,,,,,,,,no,no,unmapped_raw_key
P02,without_tutor,T01,7807,2026-05-24T21:25:20.678456+00:00,1779657920.6734438,dcs_bios_raw,RWR_LT_BRIGHT,53074,53861,787,,,,,,,,,,no,no,unmapped_raw_key
P02,without_tutor,T01,7808,2026-05-24T21:25:20.815251+00:00,1779657920.8132305,dcs_bios_raw,RWR_LT_BRIGHT,53861,53074,-787,,,,,,,,,,no,no,unmapped_raw_key
P02,without_tutor,T01,7810,2026-05-24T21:25:20.926480+00:00,1779657920.923459,dcs_bios_raw,RWR_LT_BRIGHT,53074,53861,787,,,,,,,,,,no,no,unmapped_raw_key
P02,without_tutor,T01,7812,2026-05-24T21:25:21.067252+00:00,1779657921.062738,dcs_bios_raw,RWR_LT_BRIGHT,53861,53074,-787,,,,,,,,,,no,no,unmapped_raw_key
P02,without_tutor,T01,7814,2026-05-24T21:25:21.176463+00:00,1779657921.1734586,dcs_bios_raw,RWR_LT_BRIGHT,53074,53861,787,,,,,,,,,,no,no,unmapped_raw_key
P02,without_tutor,T01,7815,2026-05-24T21:25:21.282202+00:00,1779657921.2791963,dcs_bios_raw,RWR_LT_BRIGHT,53861,53074,-787,,,,,,,,,,no,no,unmapped_raw_key
P02,without_tutor,T01,7816,2026-05-24T21:25:21.353891+00:00,1779657921.3513756,dcs_bios_raw,RWR_BIT_BTN,,1,1,,,,,,,,,,no,no,unmapped_raw_key
P02,without_tutor,T01,7817,2026-05-24T21:25:21.392966+00:00,1779657921.390471,dcs_bios_raw,RH_ADV_AAA,,1,1,,,,,,,,,,no,no,unmapped_raw_key
P02,without_tutor,T01,7817,2026-05-24T21:25:21.392966+00:00,1779657921.390471,dcs_bios_raw,RH_ADV_AI,,1,1,,,,,,,,,,no,no,unmapped_raw_key
P02,without_tutor,T01,7817,2026-05-24T21:25:21.392966+00:00,1779657921.390471,dcs_bios_raw,RH_ADV_CW,,1,1,,,,,,,,,,no,no,unmapped_raw_key
P02,without_tutor,T01,7817,2026-05-24T21:25:21.392966+00:00,1779657921.390471,dcs_bios_raw,RH_ADV_SAM,,1,1,,,,,,,,,,no,no,unmapped_raw_key
P02,without_tutor,T01,7818,2026-05-24T21:25:21.429038+00:00,1779657921.4240339,dcs_bios_raw,RWR_LT_BRIGHT,53074,53861,787,,,,,,,,,,no,no,unmapped_raw_key
P02,without_tutor,T01,7818,2026-05-24T21:25:21.429038+00:00,1779657921.4240339,dcs_bios_raw,RWR_BIT_BTN,1,0,-1,,,,,,,,,,no,no,unmapped_raw_key
P02,without_tutor,T01,7819,2026-05-24T21:25:21.531778+00:00,1779657921.5297792,dcs_bios_raw,RWR_LT_BRIGHT,53861,53074,-787,,,,,,,,,,no,no,unmapped_raw_key
P02,without_tutor,T01,7820,2026-05-24T21:25:21.644525+00:00,1779657921.641013,dcs_bios_raw,RWR_LT_BRIGHT,53074,53848,774,,,,,,,,,,no,no,unmapped_raw_key
P02,without_tutor,T01,7823,2026-05-24T21:25:21.781822+00:00,1779657921.7798226,dcs_bios_raw,RWR_LT_BRIGHT,53848,53074,-774,,,,,,,,,,no,no,unmapped_raw_key
P02,without_tutor,T01,7824,2026-05-24T21:25:21.893576+00:00,1779657921.8910751,dcs_bios_raw,RWR_LT_BRIGHT,53074,53846,772,,,,,,,,,,no,no,unmapped_raw_key
P02,without_tutor,T01,7826,2026-05-24T21:25:21.998824+00:00,1779657921.9963195,dcs_bios_raw,RWR_LT_BRIGHT,53846,53074,-772,,,,,,,,,,no,no,unmapped_raw_key
P02,without_tutor,T01,7827,2026-05-24T21:25:22.146128+00:00,1779657922.1406233,dcs_bios_raw,RWR_LT_BRIGHT,53074,53846,772,,,,,,,,,,no,no,unmapped_raw_key
P02,without_tutor,T01,7829,2026-05-24T21:25:22.243842+00:00,1779657922.241331,dcs_bios_raw,RWR_LT_BRIGHT,53846,53074,-772,,,,,,,,,,no,no,unmapped_raw_key
P02,without_tutor,T01,7831,2026-05-24T21:25:22.393116+00:00,1779657922.3906052,dcs_bios_raw,RWR_LT_BRIGHT,53074,53846,772,,,,,,,,,,no,no,unmapped_raw_key
P02,without_tutor,T01,7832,2026-05-24T21:25:22.499352+00:00,1779657922.4958262,dcs_bios_raw,RWR_LT_BRIGHT,53846,53074,-772,,,,,,,,,,no,no,unmapped_raw_key
P02,without_tutor,T01,7833,2026-05-24T21:25:22.604577+00:00,1779657922.6020567,dcs_bios_raw,RWR_LT_BRIGHT,53074,53846,772,,,,,,,,,,no,no,unmapped_raw_key
P02,without_tutor,T01,7835,2026-05-24T21:25:22.748366+00:00,1779657922.7463732,dcs_bios_raw,RWR_LT_BRIGHT,53846,53074,-772,,,,,,,,,,no,no,unmapped_raw_key
P02,without_tutor,T01,7836,2026-05-24T21:25:22.854610+00:00,1779657922.8521051,dcs_bios_raw,RWR_LT_BRIGHT,53074,53846,772,,,,,,,,,,no,no,unmapped_raw_key
P02,without_tutor,T01,7837,2026-05-24T21:25:22.964824+00:00,1779657922.9628088,dcs_bios_raw,RWR_LT_BRIGHT,53846,53074,-772,,,,,,,,,,no,no,unmapped_raw_key
P02,without_tutor,T01,7838,2026-05-24T21:25:22.998381+00:00,1779657922.9963827,dcs_bios_raw,RH_ADV_AAA,1,0,-1,,,,,,,,,,no,no,unmapped_raw_key
P02,without_tutor,T01,7838,2026-05-24T21:25:22.998381+00:00,1779657922.9963827,dcs_bios_raw,RH_ADV_AI,1,0,-1,,,,,,,,,,no,no,unmapped_raw_key
P02,without_tutor,T01,7838,2026-05-24T21:25:22.998381+00:00,1779657922.9963827,dcs_bios_raw,RH_ADV_CW,1,0,-1,,,,,,,,,,no,no,unmapped_raw_key
P02,without_tutor,T01,7838,2026-05-24T21:25:22.998381+00:00,1779657922.9963827,dcs_bios_raw,RH_ADV_SAM,1,0,-1,,,,,,,,,,no,no,unmapped_raw_key
P02,without_tutor,T01,7840,2026-05-24T21:25:23.104085+00:00,1779657923.1015728,dcs_bios_raw,RWR_LT_BRIGHT,53074,53846,772,,,,,,,,,,no,no,unmapped_raw_key
P02,without_tutor,T01,7842,2026-05-24T21:25:23.216309+00:00,1779657923.2132893,dcs_bios_raw,RWR_LT_BRIGHT,53846,53074,-772,,,,,,,,,,no,no,unmapped_raw_key
P02,without_tutor,T01,7843,2026-05-24T21:25:23.315008+00:00,1779657923.3129933,dcs_bios_raw,RWR_LT_BRIGHT,53074,53859,785,,,,,,,,,,no,no,unmapped_raw_key
P02,without_tutor,T01,7844,2026-05-24T21:25:23.465363+00:00,1779657923.4628394,dcs_bios_raw,RWR_LT_BRIGHT,53859,53074,-785,,,,,,,,,,no,no,unmapped_raw_key
P02,without_tutor,T01,7846,2026-05-24T21:25:23.565079+00:00,1779657923.56307,dcs_bios_raw,RWR_LT_BRIGHT,53074,53861,787,,,,,,,,,,no,no,unmapped_raw_key
P02,without_tutor,T01,7847,2026-05-24T21:25:23.676362+00:00,1779657923.6743524,dcs_bios_raw,RWR_LT_BRIGHT,53861,53074,-787,,,,,,,,,,no,no,unmapped_raw_key
P02,without_tutor,T01,7848,2026-05-24T21:25:23.815157+00:00,1779657923.8131437,dcs_bios_raw,RWR_LT_BRIGHT,53074,53861,787,,,,,,,,,,no,no,unmapped_raw_key
P02,without_tutor,T01,7849,2026-05-24T21:25:23.926918+00:00,1779657923.923907,dcs_bios_raw,RWR_LT_BRIGHT,53861,53074,-787,,,,,,,,,,no,no,unmapped_raw_key
P02,without_tutor,T01,7852,2026-05-24T21:25:24.070702+00:00,1779657924.0687022,dcs_bios_raw,RWR_LT_BRIGHT,53074,53861,787,,,,,,,,,,no,no,unmapped_raw_key
P02,without_tutor,T01,7854,2026-05-24T21:25:24.178898+00:00,1779657924.173895,dcs_bios_raw,RWR_LT_BRIGHT,53861,53074,-787,,,,,,,,,,no,no,unmapped_raw_key
P02,without_tutor,T01,7855,2026-05-24T21:25:24.281090+00:00,1779657924.2790902,dcs_bios_raw,RWR_LT_BRIGHT,53074,53861,787,,,,,,,,,,no,no,unmapped_raw_key
P02,without_tutor,T01,7856,2026-05-24T21:25:24.427930+00:00,1779657924.4239185,dcs_bios_raw,RWR_LT_BRIGHT,53861,53074,-787,,,,,,,,,,no,no,unmapped_raw_key
P02,without_tutor,T01,7857,2026-05-24T21:25:24.493582+00:00,1779657924.4910593,dcs_bios_raw,CMSD_DISPENSE_SW,,1,1,,,,,,,,,,no,no,unmapped_raw_key
P02,without_tutor,T01,7858,2026-05-24T21:25:24.532651+00:00,1779657924.530141,dcs_bios_raw,RWR_LT_BRIGHT,53074,53861,787,,,,,,,,,,no,no,unmapped_raw_key
P02,without_tutor,T01,7860,2026-05-24T21:25:24.642846+00:00,1779657924.6403425,dcs_bios_raw,RWR_LT_BRIGHT,53861,53074,-787,,,,,,,,,,no,no,unmapped_raw_key
P02,without_tutor,T01,7861,2026-05-24T21:25:24.782645+00:00,1779657924.7796478,dcs_bios_raw,RWR_LT_BRIGHT,53074,53860,786,,,,,,,,,,no,no,unmapped_raw_key
P02,without_tutor,T01,7862,2026-05-24T21:25:24.892906+00:00,1779657924.8904023,dcs_bios_raw,RWR_LT_BRIGHT,53860,53074,-786,,,,,,,,,,no,no,unmapped_raw_key
P02,without_tutor,T01,7864,2026-05-24T21:25:24.998647+00:00,1779657924.996646,dcs_bios_raw,RWR_LT_BRIGHT,53074,53859,785,,,,,,,,,,no,no,unmapped_raw_key
P02,without_tutor,T01,7866,2026-05-24T21:25:25.138407+00:00,1779657925.1354148,dcs_bios_raw,RWR_LT_BRIGHT,53859,53074,-785,,,,,,,,,,no,no,unmapped_raw_key
P02,without_tutor,T01,7868,2026-05-24T21:25:25.243051+00:00,1779657925.2405572,dcs_bios_raw,RWR_LT_BRIGHT,53074,53859,785,,,,,,,,,,no,no,unmapped_raw_key
P02,without_tutor,T01,7869,2026-05-24T21:25:25.392871+00:00,1779657925.3903685,dcs_bios_raw,RWR_LT_BRIGHT,53859,53074,-785,,,,,,,,,,no,no,unmapped_raw_key
P02,without_tutor,T01,7871,2026-05-24T21:25:25.500642+00:00,1779657925.4956424,dcs_bios_raw,RWR_LT_BRIGHT,53074,53859,785,,,,,,,,,,no,no,unmapped_raw_key
P02,without_tutor,T01,7872,2026-05-24T21:25:25.531704+00:00,1779657925.5297055,dcs_bios_raw,ECM_MODE_SW,,1,1,,,,,,,,,,no,no,unmapped_raw_key
P02,without_tutor,T01,7873,2026-05-24T21:25:25.603800+00:00,1779657925.601302,dcs_bios_raw,RWR_LT_BRIGHT,53859,53074,-785,,,,,,,,,,no,no,unmapped_raw_key
P02,without_tutor,T01,7875,2026-05-24T21:25:25.716509+00:00,1779657925.7125046,dcs_bios_raw,ECM_MODE_SW,1,2,1,,,,,,,,,,no,no,unmapped_raw_key
P02,without_tutor,T01,7876,2026-05-24T21:25:25.749057+00:00,1779657925.7460568,dcs_bios_raw,RWR_LT_BRIGHT,53074,53673,599,,,,,,,,,,no,no,unmapped_raw_key
P02,without_tutor,T01,7877,2026-05-24T21:25:25.854286+00:00,1779657925.8522737,dcs_bios_raw,RWR_LT_BRIGHT,53673,52706,-967,,,,,,,,,,no,no,unmapped_raw_key
P02,without_tutor,T01,7878,2026-05-24T21:25:25.960988+00:00,1779657925.9569883,dcs_bios_raw,RWR_LT_BRIGHT,52706,53672,966,,,,,,,,,,no,no,unmapped_raw_key
P02,without_tutor,T01,7879,2026-05-24T21:25:26.104283+00:00,1779657926.1022732,dcs_bios_raw,RWR_LT_BRIGHT,53672,52706,-966,,,,,,,,,,no,no,unmapped_raw_key
P02,without_tutor,T01,7880,2026-05-24T21:25:26.214937+00:00,1779657926.2129157,dcs_bios_raw,RWR_LT_BRIGHT,52706,53672,966,,,,,,,,,,no,no,unmapped_raw_key
P02,without_tutor,T01,7881,2026-05-24T21:25:26.316655+00:00,1779657926.3136518,dcs_bios_raw,RWR_LT_BRIGHT,53672,52706,-966,,,,,,,,,,no,no,unmapped_raw_key
P02,without_tutor,T01,7883,2026-05-24T21:25:26.460456+00:00,1779657926.4574468,dcs_bios_raw,RWR_LT_BRIGHT,52706,53672,966,,,,,,,,,,no,no,unmapped_raw_key
P02,without_tutor,T01,7884,2026-05-24T21:25:26.565671+00:00,1779657926.5636606,dcs_bios_raw,RWR_LT_BRIGHT,53672,52706,-966,,,,,,,,,,no,no,unmapped_raw_key
P02,without_tutor,T01,7885,2026-05-24T21:25:26.676905+00:00,1779657926.6749125,dcs_bios_raw,RWR_LT_BRIGHT,52706,53672,966,,,,,,,,,,no,no,unmapped_raw_key
P02,without_tutor,T01,7887,2026-05-24T21:25:26.817197+00:00,1779657926.8131769,dcs_bios_raw,RWR_LT_BRIGHT,53672,52706,-966,,,,,,,,,,no,no,unmapped_raw_key
P02,without_tutor,T01,7888,2026-05-24T21:25:26.926456+00:00,1779657926.924442,dcs_bios_raw,RWR_LT_BRIGHT,52706,53672,966,,,,,,,,,,no,no,unmapped_raw_key
P02,without_tutor,T01,7890,2026-05-24T21:25:27.065206+00:00,1779657927.0631928,dcs_bios_raw,RWR_LT_BRIGHT,53672,52706,-966,,,,,,,,,,no,no,unmapped_raw_key
P02,without_tutor,T01,7891,2026-05-24T21:25:27.177435+00:00,1779657927.1744318,dcs_bios_raw,RWR_LT_BRIGHT,52706,53672,966,,,,,,,,,,no,no,unmapped_raw_key
P02,without_tutor,T01,7892,2026-05-24T21:25:27.285697+00:00,1779657927.2801752,dcs_bios_raw,RWR_LT_BRIGHT,53672,52706,-966,,,,,,,,,,no,no,unmapped_raw_key
P02,without_tutor,T01,7894,2026-05-24T21:25:27.429023+00:00,1779657927.425023,dcs_bios_raw,RWR_LT_BRIGHT,52706,53672,966,,,,,,,,,,no,no,unmapped_raw_key
P02,without_tutor,T01,7895,2026-05-24T21:25:27.461600+00:00,1779657927.4585996,dcs_bios_raw,ECM_MODE_SW,2,3,1,,,,,,,,,,no,no,unmapped_raw_key
P02,without_tutor,T01,7896,2026-05-24T21:25:27.533237+00:00,1779657927.5297277,dcs_bios_raw,RWR_LT_BRIGHT,53672,52706,-966,,,,,,,,,,no,no,unmapped_raw_key
P02,without_tutor,T01,7898,2026-05-24T21:25:27.674041+00:00,1779657927.6695347,dcs_bios_raw,RWR_LT_BRIGHT,52706,53672,966,,,,,,,,,,no,no,unmapped_raw_key
P02,without_tutor,T01,7899,2026-05-24T21:25:27.783293+00:00,1779657927.7807908,dcs_bios_raw,RWR_LT_BRIGHT,53672,52706,-966,,,,,,,,,,no,no,unmapped_raw_key
P02,without_tutor,T01,7900,2026-05-24T21:25:27.894551+00:00,1779657927.8910463,dcs_bios_raw,RWR_LT_BRIGHT,52706,53672,966,,,,,,,,,,no,no,unmapped_raw_key
P02,without_tutor,T01,7902,2026-05-24T21:25:27.993254+00:00,1779657927.9907515,dcs_bios_raw,RWR_LT_BRIGHT,53672,52706,-966,,,,,,,,,,no,no,unmapped_raw_key
P02,without_tutor,T01,7903,2026-05-24T21:25:28.139558+00:00,1779657928.1365654,dcs_bios_raw,RWR_LT_BRIGHT,52706,53672,966,,,,,,,,,,no,no,unmapped_raw_key
P02,without_tutor,T01,7905,2026-05-24T21:25:28.249786+00:00,1779657928.246794,dcs_bios_raw,RWR_LT_BRIGHT,53672,52706,-966,,,,,,,,,,no,no,unmapped_raw_key
P02,without_tutor,T01,7906,2026-05-24T21:25:28.395111+00:00,1779657928.391587,dcs_bios_raw,RWR_LT_BRIGHT,52706,53672,966,,,,,,,,,,no,no,unmapped_raw_key
P02,without_tutor,T01,7908,2026-05-24T21:25:28.493839+00:00,1779657928.4913273,dcs_bios_raw,RWR_LT_BRIGHT,53672,52706,-966,,,,,,,,,,no,no,unmapped_raw_key
P02,without_tutor,T01,7910,2026-05-24T21:25:28.606127+00:00,1779657928.6026194,dcs_bios_raw,RWR_LT_BRIGHT,52706,53672,966,,,,,,,,,,no,no,unmapped_raw_key
P02,without_tutor,T01,7911,2026-05-24T21:25:28.638683+00:00,1779657928.635691,dcs_bios_raw,ECM_MODE_SW,3,4,1,,,,,,,,,,no,no,unmapped_raw_key
P02,without_tutor,T01,7912,2026-05-24T21:25:28.743427+00:00,1779657928.740914,dcs_bios_raw,RWR_LT_BRIGHT,53672,52706,-966,,,,,,,,,,no,no,unmapped_raw_key
P02,without_tutor,T01,7914,2026-05-24T21:25:28.849168+00:00,1779657928.8461611,dcs_bios_raw,RWR_LT_BRIGHT,52706,53672,966,,,,,,,,,,no,no,unmapped_raw_key
P02,without_tutor,T01,7915,2026-05-24T21:25:28.954427+00:00,1779657928.952415,dcs_bios_raw,RWR_LT_BRIGHT,53672,52706,-966,,,,,,,,,,no,no,unmapped_raw_key
P02,without_tutor,T01,7917,2026-05-24T21:25:29.088204+00:00,1779657929.0851977,dcs_bios_raw,RWR_LT_BRIGHT,52706,53672,966,,,,,,,,,,no,no,unmapped_raw_key
P02,without_tutor,T01,7919,2026-05-24T21:25:29.232505+00:00,1779657929.2295134,dcs_bios_raw,RWR_LT_BRIGHT,53672,52706,-966,,,,,,,,,,no,no,unmapped_raw_key
P02,without_tutor,T01,7920,2026-05-24T21:25:29.338265+00:00,1779657929.335259,dcs_bios_raw,RWR_LT_BRIGHT,52706,53672,966,,,,,,,,,,no,no,unmapped_raw_key
P02,without_tutor,T01,7921,2026-05-24T21:25:29.443501+00:00,1779657929.4409788,dcs_bios_raw,RWR_LT_BRIGHT,53672,52706,-966,,,,,,,,,,no,no,unmapped_raw_key
P02,without_tutor,T01,7922,2026-05-24T21:25:29.587787+00:00,1779657929.5847945,dcs_bios_raw,RWR_LT_BRIGHT,52706,53672,966,,,,,,,,,,no,no,unmapped_raw_key
P02,without_tutor,T01,7923,2026-05-24T21:25:29.693511+00:00,1779657929.6909943,dcs_bios_raw,RWR_LT_BRIGHT,53672,52706,-966,,,,,,,,,,no,no,unmapped_raw_key
P02,without_tutor,T01,7924,2026-05-24T21:25:29.804808+00:00,1779657929.8012824,dcs_bios_raw,RWR_LT_BRIGHT,52706,53672,966,,,,,,,,,,no,no,unmapped_raw_key
P02,without_tutor,T01,7925,2026-05-24T21:25:29.943570+00:00,1779657929.9410586,dcs_bios_raw,RWR_LT_BRIGHT,53672,52706,-966,,,,,,,,,,no,no,unmapped_raw_key
P02,without_tutor,T01,7928,2026-05-24T21:25:30.049745+00:00,1779657930.0457458,dcs_bios_raw,RWR_LT_BRIGHT,52706,53672,966,,,,,,,,,,no,no,unmapped_raw_key
P02,without_tutor,T01,7929,2026-05-24T21:25:30.154944+00:00,1779657930.1514382,dcs_bios_raw,RWR_LT_BRIGHT,53672,52706,-966,,,,,,,,,,no,no,unmapped_raw_key
P02,without_tutor,T01,7930,2026-05-24T21:25:30.298684+00:00,1779657930.2956917,dcs_bios_raw,RWR_LT_BRIGHT,52706,53672,966,,,,,,,,,,no,no,unmapped_raw_key
P02,without_tutor,T01,7931,2026-05-24T21:25:30.405887+00:00,1779657930.4023728,dcs_bios_raw,RWR_LT_BRIGHT,53672,52706,-966,,,,,,,,,,no,no,unmapped_raw_key
P02,without_tutor,T01,7933,2026-05-24T21:25:30.515607+00:00,1779657930.5130944,dcs_bios_raw,RWR_LT_BRIGHT,52706,53672,966,,,,,,,,,,no,no,unmapped_raw_key
P02,without_tutor,T01,7934,2026-05-24T21:25:30.655469+00:00,1779657930.6509345,dcs_bios_raw,RWR_LT_BRIGHT,53672,52706,-966,,,,,,,,,,no,no,unmapped_raw_key
P02,without_tutor,T01,7935,2026-05-24T21:25:30.761194+00:00,1779657930.7581875,dcs_bios_raw,RWR_LT_BRIGHT,52706,53672,966,,,,,,,,,,no,no,unmapped_raw_key
P02,without_tutor,T01,7937,2026-05-24T21:25:30.904499+00:00,1779657930.900992,dcs_bios_raw,RWR_LT_BRIGHT,53672,52706,-966,,,,,,,,,,no,no,unmapped_raw_key
P02,without_tutor,T01,7939,2026-05-24T21:25:31.014742+00:00,1779657931.0127296,dcs_bios_raw,RWR_LT_BRIGHT,52706,53672,966,,,,,,,,,,no,no,unmapped_raw_key
P02,without_tutor,T01,7940,2026-05-24T21:25:31.123483+00:00,1779657931.1189728,dcs_bios_raw,RWR_LT_BRIGHT,53672,52706,-966,,,,,,,,,,no,no,unmapped_raw_key
P02,without_tutor,T01,7941,2026-05-24T21:25:31.259711+00:00,1779657931.2577045,dcs_bios_raw,RWR_LT_BRIGHT,52706,53672,966,,,,,,,,,,no,no,unmapped_raw_key
P02,without_tutor,T01,7942,2026-05-24T21:25:31.370933+00:00,1779657931.3689334,dcs_bios_raw,RWR_LT_BRIGHT,53672,52706,-966,,,,,,,,,,no,no,unmapped_raw_key
P02,without_tutor,T01,7943,2026-05-24T21:25:31.482704+00:00,1779657931.4802096,dcs_bios_raw,RWR_LT_BRIGHT,52706,53672,966,,,,,,,,,,no,no,unmapped_raw_key
P02,without_tutor,T01,7944,2026-05-24T21:25:31.620520+00:00,1779657931.6185205,dcs_bios_raw,RWR_LT_BRIGHT,53672,52706,-966,,,,,,,,,,no,no,unmapped_raw_key
P02,without_tutor,T01,7945,2026-05-24T21:25:31.731685+00:00,1779657931.7296855,dcs_bios_raw,RWR_LT_BRIGHT,52706,53672,966,,,,,,,,,,no,no,unmapped_raw_key
P02,without_tutor,T01,7946,2026-05-24T21:25:31.837942+00:00,1779657931.8349352,dcs_bios_raw,RWR_LT_BRIGHT,53672,52706,-966,,,,,,,,,,no,no,unmapped_raw_key
P02,without_tutor,T01,7948,2026-05-24T21:25:31.981758+00:00,1779657931.9797568,dcs_bios_raw,RWR_LT_BRIGHT,52706,53672,966,,,,,,,,,,no,no,unmapped_raw_key
P02,without_tutor,T01,7949,2026-05-24T21:25:32.088047+00:00,1779657932.0850475,dcs_bios_raw,RWR_LT_BRIGHT,53672,52706,-966,,,,,,,,,,no,no,unmapped_raw_key
P02,without_tutor,T01,7950,2026-05-24T21:25:32.226332+00:00,1779657932.2243211,dcs_bios_raw,RWR_LT_BRIGHT,52706,53672,966,,,,,,,,,,no,no,unmapped_raw_key
P02,without_tutor,T01,7951,2026-05-24T21:25:32.327044+00:00,1779657932.32404,dcs_bios_raw,RWR_LT_BRIGHT,53672,52706,-966,,,,,,,,,,no,no,unmapped_raw_key
P02,without_tutor,T01,7952,2026-05-24T21:25:32.464865+00:00,1779657932.462841,dcs_bios_raw,RWR_LT_BRIGHT,52706,53672,966,,,,,,,,,,no,no,unmapped_raw_key
P02,without_tutor,T01,7953,2026-05-24T21:25:32.566622+00:00,1779657932.5626016,dcs_bios_raw,RWR_LT_BRIGHT,53672,52706,-966,,,,,,,,,,no,no,unmapped_raw_key
P02,without_tutor,T01,7954,2026-05-24T21:25:32.678875+00:00,1779657932.6738644,dcs_bios_raw,RWR_LT_BRIGHT,52706,53672,966,,,,,,,,,,no,no,unmapped_raw_key
P02,without_tutor,T01,7955,2026-05-24T21:25:32.815705+00:00,1779657932.8126707,dcs_bios_raw,RWR_LT_BRIGHT,53672,52706,-966,,,,,,,,,,no,no,unmapped_raw_key
P02,without_tutor,T01,7956,2026-05-24T21:25:32.926469+00:00,1779657932.9244661,dcs_bios_raw,RWR_LT_BRIGHT,52706,53672,966,,,,,,,,,,no,no,unmapped_raw_key
P02,without_tutor,T01,7958,2026-05-24T21:25:33.065313+00:00,1779657933.0627892,dcs_bios_raw,RWR_LT_BRIGHT,53672,52706,-966,,,,,,,,,,no,no,unmapped_raw_key
P02,without_tutor,T01,7959,2026-05-24T21:25:33.174041+00:00,1779657933.168544,dcs_bios_raw,RWR_LT_BRIGHT,52706,53672,966,,,,,,,,,,no,no,unmapped_raw_key
P02,without_tutor,T01,7961,2026-05-24T21:25:33.281236+00:00,1779657933.2792358,dcs_bios_raw,RWR_LT_BRIGHT,53672,52706,-966,,,,,,,,,,no,no,unmapped_raw_key
P02,without_tutor,T01,7962,2026-05-24T21:25:33.421516+00:00,1779657933.4185238,dcs_bios_raw,RWR_LT_BRIGHT,52706,53672,966,,,,,,,,,,no,no,unmapped_raw_key
P02,without_tutor,T01,7963,2026-05-24T21:25:33.531252+00:00,1779657933.5292447,dcs_bios_raw,RWR_LT_BRIGHT,53672,52706,-966,,,,,,,,,,no,no,unmapped_raw_key
P02,without_tutor,T01,7964,2026-05-24T21:25:33.643505+00:00,1779657933.6409924,dcs_bios_raw,RWR_LT_BRIGHT,52706,53672,966,,,,,,,,,,no,no,unmapped_raw_key
P02,without_tutor,T01,7965,2026-05-24T21:25:33.781258+00:00,1779657933.779258,dcs_bios_raw,RWR_LT_BRIGHT,53672,52706,-966,,,,,,,,,,no,no,unmapped_raw_key
P02,without_tutor,T01,7966,2026-05-24T21:25:33.893537+00:00,1779657933.8910205,dcs_bios_raw,RWR_LT_BRIGHT,52706,53672,966,,,,,,,,,,no,no,unmapped_raw_key
P02,without_tutor,T01,7968,2026-05-24T21:25:33.995791+00:00,1779657933.9912577,dcs_bios_raw,RWR_LT_BRIGHT,53672,52706,-966,,,,,,,,,,no,no,unmapped_raw_key
P02,without_tutor,T01,7969,2026-05-24T21:25:34.137659+00:00,1779657934.1356602,dcs_bios_raw,RWR_LT_BRIGHT,52706,53672,966,,,,,,,,,,no,no,unmapped_raw_key
P02,without_tutor,T01,7970,2026-05-24T21:25:34.243279+00:00,1779657934.2407773,dcs_bios_raw,RWR_LT_BRIGHT,53672,52706,-966,,,,,,,,,,no,no,unmapped_raw_key
P02,without_tutor,T01,7971,2026-05-24T21:25:34.394591+00:00,1779657934.3910682,dcs_bios_raw,RWR_LT_BRIGHT,52706,53672,966,,,,,,,,,,no,no,unmapped_raw_key
P02,without_tutor,T01,7972,2026-05-24T21:25:34.499324+00:00,1779657934.4963255,dcs_bios_raw,RWR_LT_BRIGHT,53672,52706,-966,,,,,,,,,,no,no,unmapped_raw_key
P02,without_tutor,T01,7974,2026-05-24T21:25:34.599064+00:00,1779657934.5960634,dcs_bios_raw,RWR_LT_BRIGHT,52706,53672,966,,,,,,,,,,no,no,unmapped_raw_key
P02,without_tutor,T01,7975,2026-05-24T21:25:34.743415+00:00,1779657934.740915,dcs_bios_raw,RWR_LT_BRIGHT,53672,52706,-966,,,,,,,,,,no,no,unmapped_raw_key
P02,without_tutor,T01,7976,2026-05-24T21:25:34.850179+00:00,1779657934.8461783,dcs_bios_raw,RWR_LT_BRIGHT,52706,53672,966,,,,,,,,,,no,no,unmapped_raw_key
P02,without_tutor,T01,7977,2026-05-24T21:25:34.955400+00:00,1779657934.9528775,dcs_bios_raw,RWR_LT_BRIGHT,53672,52706,-966,,,,,,,,,,no,no,unmapped_raw_key
P02,without_tutor,T01,7979,2026-05-24T21:25:35.099177+00:00,1779657935.0971775,dcs_bios_raw,RWR_LT_BRIGHT,52706,53672,966,,,,,,,,,,no,no,unmapped_raw_key
P02,without_tutor,T01,7980,2026-05-24T21:25:35.206376+00:00,1779657935.2028613,dcs_bios_raw,RWR_LT_BRIGHT,53672,52706,-966,,,,,,,,,,no,no,unmapped_raw_key
P02,without_tutor,T01,7981,2026-05-24T21:25:35.344641+00:00,1779657935.3411179,dcs_bios_raw,RWR_LT_BRIGHT,52706,53672,966,,,,,,,,,,no,no,unmapped_raw_key
P02,without_tutor,T01,7982,2026-05-24T21:25:35.451297+00:00,1779657935.4482968,dcs_bios_raw,RWR_LT_BRIGHT,53672,52706,-966,,,,,,,,,,no,no,unmapped_raw_key
P02,without_tutor,T01,7983,2026-05-24T21:25:35.592568+00:00,1779657935.5870736,dcs_bios_raw,RWR_LT_BRIGHT,52706,53672,966,,,,,,,,,,no,no,unmapped_raw_key
P02,without_tutor,T01,7985,2026-05-24T21:25:35.695317+00:00,1779657935.6933062,dcs_bios_raw,RWR_LT_BRIGHT,53672,52706,-966,,,,,,,,,,no,no,unmapped_raw_key
P02,without_tutor,T01,7986,2026-05-24T21:25:35.805553+00:00,1779657935.8035507,dcs_bios_raw,RWR_LT_BRIGHT,52706,53672,966,,,,,,,,,,no,no,unmapped_raw_key
P02,without_tutor,T01,7987,2026-05-24T21:25:35.939304+00:00,1779657935.9363046,dcs_bios_raw,RWR_LT_BRIGHT,53672,52706,-966,,,,,,,,,,no,no,unmapped_raw_key
P02,without_tutor,T01,7989,2026-05-24T21:25:36.039031+00:00,1779657936.0360281,dcs_bios_raw,RWR_LT_BRIGHT,52706,53672,966,,,,,,,,,,no,no,unmapped_raw_key
P02,without_tutor,T01,7991,2026-05-24T21:25:36.183294+00:00,1779657936.1807802,dcs_bios_raw,RWR_LT_BRIGHT,53672,52706,-966,,,,,,,,,,no,no,unmapped_raw_key
P02,without_tutor,T01,7992,2026-05-24T21:25:36.294400+00:00,1779657936.291903,dcs_bios_raw,RWR_LT_BRIGHT,52706,53672,966,,,,,,,,,,no,no,unmapped_raw_key
P02,without_tutor,T01,7993,2026-05-24T21:25:36.400130+00:00,1779657936.3971303,dcs_bios_raw,RWR_LT_BRIGHT,53672,52706,-966,,,,,,,,,,no,no,unmapped_raw_key
P02,without_tutor,T01,7995,2026-05-24T21:25:36.538432+00:00,1779657936.5364327,dcs_bios_raw,RWR_LT_BRIGHT,52706,53672,966,,,,,,,,,,no,no,unmapped_raw_key
P02,without_tutor,T01,7996,2026-05-24T21:25:36.650707+00:00,1779657936.6476996,dcs_bios_raw,RWR_LT_BRIGHT,53672,52706,-966,,,,,,,,,,no,no,unmapped_raw_key
P02,without_tutor,T01,7997,2026-05-24T21:25:36.755953+00:00,1779657936.752932,dcs_bios_raw,RWR_LT_BRIGHT,52706,53672,966,,,,,,,,,,no,no,unmapped_raw_key
P02,without_tutor,T01,7998,2026-05-24T21:25:36.900760+00:00,1779657936.8977668,dcs_bios_raw,RWR_LT_BRIGHT,53672,52706,-966,,,,,,,,,,no,no,unmapped_raw_key
P02,without_tutor,T01,8000,2026-05-24T21:25:37.006017+00:00,1779657937.0029964,dcs_bios_raw,RWR_LT_BRIGHT,52706,53672,966,,,,,,,,,,no,no,unmapped_raw_key
P02,without_tutor,T01,8002,2026-05-24T21:25:37.150330+00:00,1779657937.1473303,dcs_bios_raw,RWR_LT_BRIGHT,53672,52706,-966,,,,,,,,,,no,no,unmapped_raw_key
P02,without_tutor,T01,8003,2026-05-24T21:25:37.255551+00:00,1779657937.25354,dcs_bios_raw,RWR_LT_BRIGHT,52706,53672,966,,,,,,,,,,no,no,unmapped_raw_key
P02,without_tutor,T01,8004,2026-05-24T21:25:37.361204+00:00,1779657937.3582036,dcs_bios_raw,RWR_LT_BRIGHT,53672,52706,-966,,,,,,,,,,no,no,unmapped_raw_key
P02,without_tutor,T01,8006,2026-05-24T21:25:37.499979+00:00,1779657937.4979765,dcs_bios_raw,RWR_LT_BRIGHT,52706,53672,966,,,,,,,,,,no,no,unmapped_raw_key
P02,without_tutor,T01,8007,2026-05-24T21:25:37.600648+00:00,1779657937.5976484,dcs_bios_raw,RWR_LT_BRIGHT,53672,52706,-966,,,,,,,,,,no,no,unmapped_raw_key
P02,without_tutor,T01,8008,2026-05-24T21:25:37.739948+00:00,1779657937.7369552,dcs_bios_raw,RWR_LT_BRIGHT,52706,53672,966,,,,,,,,,,no,no,unmapped_raw_key
P02,without_tutor,T01,8009,2026-05-24T21:25:37.846132+00:00,1779657937.8416,dcs_bios_raw,RWR_LT_BRIGHT,53672,52706,-966,,,,,,,,,,no,no,unmapped_raw_key
P02,without_tutor,T01,8011,2026-05-24T21:25:37.990952+00:00,1779657937.9859526,dcs_bios_raw,RWR_LT_BRIGHT,52706,53672,966,,,,,,,,,,no,no,unmapped_raw_key
P02,without_tutor,T01,8012,2026-05-24T21:25:38.095594+00:00,1779657938.0910585,dcs_bios_raw,RWR_LT_BRIGHT,53672,52706,-966,,,,,,,,,,no,no,unmapped_raw_key
P02,without_tutor,T01,8014,2026-05-24T21:25:38.203322+00:00,1779657938.1978111,dcs_bios_raw,RWR_LT_BRIGHT,52706,53672,966,,,,,,,,,,no,no,unmapped_raw_key
P02,without_tutor,T01,8017,2026-05-24T21:25:38.346058+00:00,1779657938.3425508,dcs_bios_raw,RWR_LT_BRIGHT,53672,52706,-966,,,,,,,,,,no,no,unmapped_raw_key
P02,without_tutor,T01,8020,2026-05-24T21:25:38.453280+00:00,1779657938.447776,dcs_bios_raw,RWR_LT_BRIGHT,52706,53672,966,,,,,,,,,,no,no,unmapped_raw_key
P02,without_tutor,T01,8020,2026-05-24T21:25:38.453280+00:00,1779657938.447776,dcs_bios_raw,MASTER_ARM_SW,,1,1,,,,,,,,,,no,no,unmapped_raw_key
P02,without_tutor,T01,8022,2026-05-24T21:25:38.555972+00:00,1779657938.552952,dcs_bios_raw,RWR_LT_BRIGHT,53672,52706,-966,,,,,,,,,,no,no,unmapped_raw_key
P02,without_tutor,T01,8025,2026-05-24T21:25:38.699813+00:00,1779657938.6978137,dcs_bios_raw,RWR_LT_BRIGHT,52706,53672,966,,,,,,,,,,no,no,unmapped_raw_key
P02,without_tutor,T01,8026,2026-05-24T21:25:38.811534+00:00,1779657938.8085277,dcs_bios_raw,RWR_LT_BRIGHT,53672,52706,-966,,,,,,,,,,no,no,unmapped_raw_key
P02,without_tutor,T01,8027,2026-05-24T21:25:38.844586+00:00,1779657938.8410797,dcs_bios_raw,MASTER_ARM_SW,1,0,-1,,,,,,,,,,no,no,unmapped_raw_key
P02,without_tutor,T01,8028,2026-05-24T21:25:38.917174+00:00,1779657938.9141695,dcs_bios_raw,RWR_LT_BRIGHT,52706,53672,966,,,,,,,,,,no,no,unmapped_raw_key
P02,without_tutor,T01,8030,2026-05-24T21:25:39.061497+00:00,1779657939.058497,dcs_bios_raw,RWR_LT_BRIGHT,53672,52706,-966,,,,,,,,,,no,no,unmapped_raw_key
P02,without_tutor,T01,8032,2026-05-24T21:25:39.167753+00:00,1779657939.1647532,dcs_bios_raw,RWR_LT_BRIGHT,52706,53672,966,,,,,,,,,,no,no,unmapped_raw_key
P02,without_tutor,T01,8033,2026-05-24T21:25:39.310992+00:00,1779657939.3079998,dcs_bios_raw,RWR_LT_BRIGHT,53672,52706,-966,,,,,,,,,,no,no,unmapped_raw_key
P02,without_tutor,T01,8034,2026-05-24T21:25:39.417270+00:00,1779657939.4142592,dcs_bios_raw,RWR_LT_BRIGHT,52706,53672,966,,,,,,,,,,no,no,unmapped_raw_key
P02,without_tutor,T01,8035,2026-05-24T21:25:39.522512+00:00,1779657939.5200105,dcs_bios_raw,RWR_LT_BRIGHT,53672,52706,-966,,,,,,,,,,no,no,unmapped_raw_key
P02,without_tutor,T01,8036,2026-05-24T21:25:39.596210+00:00,1779657939.5916874,dcs_bios_raw,MASTER_ARM_SW,0,1,1,,,,,,,,,,no,no,unmapped_raw_key
P02,without_tutor,T01,8037,2026-05-24T21:25:39.666830+00:00,1779657939.6638193,dcs_bios_raw,RWR_LT_BRIGHT,52706,53672,966,,,,,,,,,,no,no,unmapped_raw_key
P02,without_tutor,T01,8038,2026-05-24T21:25:39.772568+00:00,1779657939.769569,dcs_bios_raw,RWR_LT_BRIGHT,53672,52706,-966,,,,,,,,,,no,no,unmapped_raw_key
P02,without_tutor,T01,8039,2026-05-24T21:25:39.877810+00:00,1779657939.8748107,dcs_bios_raw,RWR_LT_BRIGHT,52706,53672,966,,,,,,,,,,no,no,unmapped_raw_key
P02,without_tutor,T01,8040,2026-05-24T21:25:39.952478+00:00,1779657939.947982,dcs_bios_raw,MASTER_ARM_SW,1,0,-1,,,,,,,,,,no,no,unmapped_raw_key
P02,without_tutor,T01,8042,2026-05-24T21:25:40.022560+00:00,1779657940.01956,dcs_bios_raw,RWR_LT_BRIGHT,53672,52706,-966,,,,,,,,,,no,no,unmapped_raw_key
P02,without_tutor,T01,8043,2026-05-24T21:25:40.128791+00:00,1779657940.124792,dcs_bios_raw,RWR_LT_BRIGHT,52706,53672,966,,,,,,,,,,no,no,unmapped_raw_key
P02,without_tutor,T01,8044,2026-05-24T21:25:40.200898+00:00,1779657940.197903,dcs_bios_raw,MASTER_ARM_SW,0,1,1,,,,,,,,,,no,no,unmapped_raw_key
P02,without_tutor,T01,8045,2026-05-24T21:25:40.240450+00:00,1779657940.236451,dcs_bios_raw,RWR_LT_BRIGHT,53672,52706,-966,,,,,,,,,,no,no,unmapped_raw_key
P02,without_tutor,T01,8046,2026-05-24T21:25:40.378182+00:00,1779657940.3751822,dcs_bios_raw,RWR_LT_BRIGHT,52706,53672,966,,,,,,,,,,no,no,unmapped_raw_key
P02,without_tutor,T01,8047,2026-05-24T21:25:40.491424+00:00,1779657940.4864242,dcs_bios_raw,RWR_LT_BRIGHT,53672,52706,-966,,,,,,,,,,no,no,unmapped_raw_key
P02,without_tutor,T01,8047,2026-05-24T21:25:40.491424+00:00,1779657940.4864242,dcs_bios_raw,MASTER_ARM_SW,1,0,-1,,,,,,,,,,no,no,unmapped_raw_key
P02,without_tutor,T01,8048,2026-05-24T21:25:40.594636+00:00,1779657940.59111,dcs_bios_raw,RWR_LT_BRIGHT,52706,53672,966,,,,,,,,,,no,no,unmapped_raw_key
P02,without_tutor,T01,8049,2026-05-24T21:25:40.739963+00:00,1779657940.7364495,dcs_bios_raw,RWR_LT_BRIGHT,53672,52706,-966,,,,,,,,,,no,no,unmapped_raw_key
P02,without_tutor,T01,8050,2026-05-24T21:25:40.845242+00:00,1779657940.841739,dcs_bios_raw,RWR_LT_BRIGHT,52706,53672,966,,,,,,,,,,no,no,unmapped_raw_key
P02,without_tutor,T01,8051,2026-05-24T21:25:40.989037+00:00,1779657940.9870374,dcs_bios_raw,RWR_LT_BRIGHT,53672,52706,-966,,,,,,,,,,no,no,unmapped_raw_key
P02,without_tutor,T01,8052,2026-05-24T21:25:41.095291+00:00,1779657941.0927825,dcs_bios_raw,RWR_LT_BRIGHT,52706,53672,966,,,,,,,,,,no,no,unmapped_raw_key
P02,without_tutor,T01,8053,2026-05-24T21:25:41.202468+00:00,1779657941.1979723,dcs_bios_raw,RWR_LT_BRIGHT,53672,52706,-966,,,,,,,,,,no,no,unmapped_raw_key
P02,without_tutor,T01,8054,2026-05-24T21:25:41.272593+00:00,1779657941.2700903,dcs_bios_raw,MASTER_ARM_SW,0,1,1,,,,,,,,,,no,no,unmapped_raw_key
P02,without_tutor,T01,8056,2026-05-24T21:25:41.345733+00:00,1779657941.341215,dcs_bios_raw,RWR_LT_BRIGHT,52706,53672,966,,,,,,,,,,no,no,unmapped_raw_key
P02,without_tutor,T01,8057,2026-05-24T21:25:41.450506+00:00,1779657941.4475148,dcs_bios_raw,RWR_LT_BRIGHT,53672,52706,-966,,,,,,,,,,no,no,unmapped_raw_key
P02,without_tutor,T01,8059,2026-05-24T21:25:41.555771+00:00,1779657941.5527625,dcs_bios_raw,RWR_LT_BRIGHT,52706,53672,966,,,,,,,,,,no,no,unmapped_raw_key
P02,without_tutor,T01,8062,2026-05-24T21:25:41.699546+00:00,1779657941.697554,dcs_bios_raw,RWR_LT_BRIGHT,53672,52706,-966,,,,,,,,,,no,no,unmapped_raw_key
P02,without_tutor,T01,8063,2026-05-24T21:25:41.741115+00:00,1779657941.7366042,dcs_bios_raw,MASTER_ARM_SW,1,0,-1,,,,,,,,,,no,no,unmapped_raw_key
P02,without_tutor,T01,8064,2026-05-24T21:25:41.812733+00:00,1779657941.8087332,dcs_bios_raw,RWR_LT_BRIGHT,52706,53672,966,,,,,,,,,,no,no,unmapped_raw_key
P02,without_tutor,T01,8065,2026-05-24T21:25:41.952522+00:00,1779657941.9480119,dcs_bios_raw,RWR_LT_BRIGHT,53672,52706,-966,,,,,,,,,,no,no,unmapped_raw_key
P02,without_tutor,T01,8067,2026-05-24T21:25:42.061302+00:00,1779657942.0583026,dcs_bios_raw,RWR_LT_BRIGHT,52706,53672,966,,,,,,,,,,no,no,unmapped_raw_key
P02,without_tutor,T01,8068,2026-05-24T21:25:42.168527+00:00,1779657942.164524,dcs_bios_raw,RWR_LT_BRIGHT,53672,52706,-966,,,,,,,,,,no,no,unmapped_raw_key
P02,without_tutor,T01,8069,2026-05-24T21:25:42.311305+00:00,1779657942.3083045,dcs_bios_raw,RWR_LT_BRIGHT,52706,53672,966,,,,,,,,,,no,no,unmapped_raw_key
P02,without_tutor,T01,8070,2026-05-24T21:25:42.416550+00:00,1779657942.4145477,dcs_bios_raw,RWR_LT_BRIGHT,53672,52706,-966,,,,,,,,,,no,no,unmapped_raw_key
P02,without_tutor,T01,8071,2026-05-24T21:25:42.522758+00:00,1779657942.5202484,dcs_bios_raw,RWR_LT_BRIGHT,52706,53672,966,,,,,,,,,,no,no,unmapped_raw_key
P02,without_tutor,T01,8074,2026-05-24T21:25:42.667036+00:00,1779657942.6640317,dcs_bios_raw,RWR_LT_BRIGHT,53672,52706,-966,,,,,,,,,,no,no,unmapped_raw_key
P02,without_tutor,T01,8075,2026-05-24T21:25:42.774255+00:00,1779657942.7697542,dcs_bios_raw,RWR_LT_BRIGHT,52706,53672,966,,,,,,,,,,no,no,unmapped_raw_key
P02,without_tutor,T01,8075,2026-05-24T21:25:42.774255+00:00,1779657942.7697542,dcs_bios_raw,MASTER_ARM_SW,0,1,1,,,,,,,,,,no,no,unmapped_raw_key
P02,without_tutor,T01,8076,2026-05-24T21:25:42.883447+00:00,1779657942.880945,dcs_bios_raw,RWR_LT_BRIGHT,53672,52706,-966,,,,,,,,,,no,no,unmapped_raw_key
P02,without_tutor,T01,8078,2026-05-24T21:25:43.022767+00:00,1779657943.0202577,dcs_bios_raw,RWR_LT_BRIGHT,52706,53672,966,,,,,,,,,,no,no,unmapped_raw_key
P02,without_tutor,T01,8079,2026-05-24T21:25:43.127951+00:00,1779657943.124952,dcs_bios_raw,RWR_LT_BRIGHT,53672,52706,-966,,,,,,,,,,no,no,unmapped_raw_key
P02,without_tutor,T01,8080,2026-05-24T21:25:43.239617+00:00,1779657943.2366154,dcs_bios_raw,RWR_LT_BRIGHT,52706,53672,966,,,,,,,,,,no,no,unmapped_raw_key
P02,without_tutor,T01,8081,2026-05-24T21:25:43.378977+00:00,1779657943.37597,dcs_bios_raw,RWR_LT_BRIGHT,53672,52706,-966,,,,,,,,,,no,no,unmapped_raw_key
P02,without_tutor,T01,8082,2026-05-24T21:25:43.491620+00:00,1779657943.4866269,dcs_bios_raw,RWR_LT_BRIGHT,52706,53672,966,,,,,,,,,,no,no,unmapped_raw_key
P02,without_tutor,T01,8082,2026-05-24T21:25:43.491620+00:00,1779657943.4866269,dcs_bios_raw,MASTER_ARM_SW,1,0,-1,,,,,,,,,,no,no,unmapped_raw_key
P02,without_tutor,T01,8083,2026-05-24T21:25:43.595339+00:00,1779657943.591824,dcs_bios_raw,RWR_LT_BRIGHT,53672,52706,-966,,,,,,,,,,no,no,unmapped_raw_key
P02,without_tutor,T01,8084,2026-05-24T21:25:43.739655+00:00,1779657943.736648,dcs_bios_raw,RWR_LT_BRIGHT,52706,53672,966,,,,,,,,,,no,no,unmapped_raw_key
P02,without_tutor,T01,8085,2026-05-24T21:25:43.844423+00:00,1779657943.8419187,dcs_bios_raw,RWR_LT_BRIGHT,53672,52706,-966,,,,,,,,,,no,no,unmapped_raw_key
P02,without_tutor,T01,8086,2026-05-24T21:25:43.880965+00:00,1779657943.8779647,dcs_bios_raw,MASTER_MODE_AG,,1,1,,,,,,,,,,no,no,unmapped_raw_key
P02,without_tutor,T01,8087,2026-05-24T21:25:43.985207+00:00,1779657943.9831946,dcs_bios_raw,RWR_LT_BRIGHT,52706,53672,966,,,,,,,,,,no,no,unmapped_raw_key
P02,without_tutor,T01,8087,2026-05-24T21:25:43.985207+00:00,1779657943.9831946,dcs_bios_raw,MASTER_MODE_AG,1,0,-1,,,,,,,,,,no,no,unmapped_raw_key
P02,without_tutor,T01,8088,2026-05-24T21:25:44.086414+00:00,1779657944.083402,dcs_bios_raw,RWR_LT_BRIGHT,53672,52706,-966,,,,,,,,,,no,no,unmapped_raw_key
P02,without_tutor,T01,8089,2026-05-24T21:25:44.225151+00:00,1779657944.221636,dcs_bios_raw,RWR_LT_BRIGHT,52706,53669,963,,,,,,,,,,no,no,unmapped_raw_key
P02,without_tutor,T01,8090,2026-05-24T21:25:44.331862+00:00,1779657944.3278627,dcs_bios_raw,RWR_LT_BRIGHT,53669,52706,-963,,,,,,,,,,no,no,unmapped_raw_key
P02,without_tutor,T01,8091,2026-05-24T21:25:44.441133+00:00,1779657944.439141,dcs_bios_raw,RWR_LT_BRIGHT,52706,53668,962,,,,,,,,,,no,no,unmapped_raw_key
P02,without_tutor,T01,8092,2026-05-24T21:25:44.475767+00:00,1779657944.4712338,dcs_bios_raw,MASTER_MODE_AA,,1,1,,,,,,,,,,no,no,unmapped_raw_key
P02,without_tutor,T01,8093,2026-05-24T21:25:44.579935+00:00,1779657944.5779357,dcs_bios_raw,RWR_LT_BRIGHT,53668,52706,-962,,,,,,,,,,no,no,unmapped_raw_key
P02,without_tutor,T01,8094,2026-05-24T21:25:44.619035+00:00,1779657944.616043,dcs_bios_raw,MASTER_MODE_AA,1,0,-1,,,,,,,,,,no,no,unmapped_raw_key
P02,without_tutor,T01,8095,2026-05-24T21:25:44.691185+00:00,1779657944.6891859,dcs_bios_raw,RWR_LT_BRIGHT,52706,53668,962,,,,,,,,,,no,no,unmapped_raw_key
P02,without_tutor,T01,8096,2026-05-24T21:25:44.830024+00:00,1779657944.8270242,dcs_bios_raw,RWR_LT_BRIGHT,53668,52706,-962,,,,,,,,,,no,no,unmapped_raw_key
P02,without_tutor,T01,8097,2026-05-24T21:25:44.936291+00:00,1779657944.9332864,dcs_bios_raw,RWR_LT_BRIGHT,52706,53668,962,,,,,,,,,,no,no,unmapped_raw_key
P02,without_tutor,T01,8099,2026-05-24T21:25:45.041062+00:00,1779657945.039063,dcs_bios_raw,RWR_LT_BRIGHT,53668,52706,-962,,,,,,,,,,no,no,unmapped_raw_key
P02,without_tutor,T01,8100,2026-05-24T21:25:45.191889+00:00,1779657945.1888888,dcs_bios_raw,RWR_LT_BRIGHT,52706,53668,962,,,,,,,,,,no,no,unmapped_raw_key
P02,without_tutor,T01,8101,2026-05-24T21:25:45.298032+00:00,1779657945.2950375,dcs_bios_raw,RWR_LT_BRIGHT,53668,52706,-962,,,,,,,,,,no,no,unmapped_raw_key
P02,without_tutor,T01,8102,2026-05-24T21:25:45.402791+00:00,1779657945.3997853,dcs_bios_raw,RWR_LT_BRIGHT,52706,53668,962,,,,,,,,,,no,no,unmapped_raw_key
P02,without_tutor,T01,8103,2026-05-24T21:25:45.541611+00:00,1779657945.5386086,dcs_bios_raw,RWR_LT_BRIGHT,53668,52706,-962,,,,,,,,,,no,no,unmapped_raw_key
P02,without_tutor,T01,8104,2026-05-24T21:25:45.647327+00:00,1779657945.6438253,dcs_bios_raw,RWR_LT_BRIGHT,52706,53668,962,,,,,,,,,,no,no,unmapped_raw_key
P02,without_tutor,T01,8105,2026-05-24T21:25:45.793672+00:00,1779657945.7881498,dcs_bios_raw,RWR_LT_BRIGHT,53668,52706,-962,,,,,,,,,,no,no,unmapped_raw_key
P02,without_tutor,T01,8106,2026-05-24T21:25:45.902911+00:00,1779657945.900409,dcs_bios_raw,RWR_LT_BRIGHT,52706,53668,962,,,,,,,,,,no,no,unmapped_raw_key
P02,without_tutor,T01,8108,2026-05-24T21:25:46.014135+00:00,1779657946.0106304,dcs_bios_raw,RWR_LT_BRIGHT,53668,52706,-962,,,,,,,,,,no,no,unmapped_raw_key
P02,without_tutor,T01,8109,2026-05-24T21:25:46.119856+00:00,1779657946.1168554,dcs_bios_raw,RWR_LT_BRIGHT,52706,53668,962,,,,,,,,,,no,no,unmapped_raw_key
P02,without_tutor,T01,8110,2026-05-24T21:25:46.227053+00:00,1779657946.2225385,dcs_bios_raw,MASTER_MODE_AA,0,1,1,,,,,,,,,,no,no,unmapped_raw_key
P02,without_tutor,T01,8111,2026-05-24T21:25:46.263602+00:00,1779657946.2610974,dcs_bios_raw,RWR_LT_BRIGHT,53668,52706,-962,,,,,,,,,,no,no,unmapped_raw_key
P02,without_tutor,T01,8112,2026-05-24T21:25:46.297136+00:00,1779657946.294133,dcs_bios_raw,MASTER_MODE_AA,1,0,-1,,,,,,,,,,no,no,unmapped_raw_key
P02,without_tutor,T01,8113,2026-05-24T21:25:46.370247+00:00,1779657946.366248,dcs_bios_raw,RWR_LT_BRIGHT,52706,53671,965,,,,,,,,,,no,no,unmapped_raw_key
P02,without_tutor,T01,8114,2026-05-24T21:25:46.509081+00:00,1779657946.5060883,dcs_bios_raw,RWR_LT_BRIGHT,53671,52706,-965,,,,,,,,,,no,no,unmapped_raw_key
P02,without_tutor,T01,8115,2026-05-24T21:25:46.620288+00:00,1779657946.6172948,dcs_bios_raw,RWR_LT_BRIGHT,52706,53672,966,,,,,,,,,,no,no,unmapped_raw_key
P02,without_tutor,T01,8116,2026-05-24T21:25:46.693892+00:00,1779657946.6883843,dcs_bios_raw,MASTER_MODE_AG,0,1,1,,,,,,,,,,no,no,unmapped_raw_key
P02,without_tutor,T01,8117,2026-05-24T21:25:46.724435+00:00,1779657946.7219384,dcs_bios_raw,RWR_LT_BRIGHT,53672,52706,-966,,,,,,,,,,no,no,unmapped_raw_key
P02,without_tutor,T01,8118,2026-05-24T21:25:46.758555+00:00,1779657946.755549,dcs_bios_raw,MASTER_MODE_AG,1,0,-1,,,,,,,,,,no,no,unmapped_raw_key
P02,without_tutor,T01,8119,2026-05-24T21:25:46.863821+00:00,1779657946.8613105,dcs_bios_raw,RWR_LT_BRIGHT,52706,53669,963,,,,,,,,,,no,no,unmapped_raw_key
P02,without_tutor,T01,8120,2026-05-24T21:25:46.969540+00:00,1779657946.96654,dcs_bios_raw,RWR_LT_BRIGHT,53669,52706,-963,,,,,,,,,,no,no,unmapped_raw_key
P02,without_tutor,T01,8121,2026-05-24T21:25:47.080779+00:00,1779657947.0777867,dcs_bios_raw,RWR_LT_BRIGHT,52706,53668,962,,,,,,,,,,no,no,unmapped_raw_key
P02,without_tutor,T01,8122,2026-05-24T21:25:47.219566+00:00,1779657947.2165673,dcs_bios_raw,RWR_LT_BRIGHT,53668,52706,-962,,,,,,,,,,no,no,unmapped_raw_key
P02,without_tutor,T01,8123,2026-05-24T21:25:47.329780+00:00,1779657947.32778,dcs_bios_raw,RWR_LT_BRIGHT,52706,53668,962,,,,,,,,,,no,no,unmapped_raw_key
P02,without_tutor,T01,8124,2026-05-24T21:25:47.442004+00:00,1779657947.4389977,dcs_bios_raw,RWR_LT_BRIGHT,53668,52706,-962,,,,,,,,,,no,no,unmapped_raw_key
P02,without_tutor,T01,8125,2026-05-24T21:25:47.474574+00:00,1779657947.472568,dcs_bios_raw,MASTER_MODE_AG,0,1,1,,,,,,,,,,no,no,unmapped_raw_key
P02,without_tutor,T01,8126,2026-05-24T21:25:47.548208+00:00,1779657947.5441995,dcs_bios_raw,MASTER_MODE_AG,1,0,-1,,,,,,,,,,no,no,unmapped_raw_key
P02,without_tutor,T01,8127,2026-05-24T21:25:47.581290+00:00,1779657947.5772903,dcs_bios_raw,RWR_LT_BRIGHT,52706,53668,962,,,,,,,,,,no,no,unmapped_raw_key
P02,without_tutor,T01,8128,2026-05-24T21:25:47.685484+00:00,1779657947.6834714,dcs_bios_raw,RWR_LT_BRIGHT,53668,52706,-962,,,,,,,,,,no,no,unmapped_raw_key
P02,without_tutor,T01,8129,2026-05-24T21:25:47.830325+00:00,1779657947.8273325,dcs_bios_raw,RWR_LT_BRIGHT,52706,53671,965,,,,,,,,,,no,no,unmapped_raw_key
P02,without_tutor,T01,8130,2026-05-24T21:25:47.941056+00:00,1779657947.9390566,dcs_bios_raw,RWR_LT_BRIGHT,53671,52706,-965,,,,,,,,,,no,no,unmapped_raw_key
P02,without_tutor,T01,8132,2026-05-24T21:25:48.043305+00:00,1779657948.0398023,dcs_bios_raw,RWR_LT_BRIGHT,52706,53672,966,,,,,,,,,,no,no,unmapped_raw_key
P02,without_tutor,T01,8133,2026-05-24T21:25:48.176577+00:00,1779657948.1735742,dcs_bios_raw,RWR_LT_BRIGHT,53672,52706,-966,,,,,,,,,,no,no,unmapped_raw_key
P02,without_tutor,T01,8134,2026-05-24T21:25:48.287224+00:00,1779657948.284213,dcs_bios_raw,RWR_LT_BRIGHT,52706,53672,966,,,,,,,,,,no,no,unmapped_raw_key
P02,without_tutor,T01,8135,2026-05-24T21:25:48.431529+00:00,1779657948.4285352,dcs_bios_raw,RWR_LT_BRIGHT,53672,52706,-966,,,,,,,,,,no,no,unmapped_raw_key
P02,without_tutor,T01,8136,2026-05-24T21:25:48.544743+00:00,1779657948.540221,dcs_bios_raw,RWR_LT_BRIGHT,52706,53672,966,,,,,,,,,,no,no,unmapped_raw_key
P02,without_tutor,T01,8137,2026-05-24T21:25:48.642929+00:00,1779657948.6394205,dcs_bios_raw,RWR_LT_BRIGHT,53672,52706,-966,,,,,,,,,,no,no,unmapped_raw_key
P02,without_tutor,T01,8138,2026-05-24T21:25:48.754224+00:00,1779657948.7511613,dcs_bios_raw,RWR_LT_BRIGHT,52706,53672,966,,,,,,,,,,no,no,unmapped_raw_key
P02,without_tutor,T01,8139,2026-05-24T21:25:48.893499+00:00,1779657948.8899863,dcs_bios_raw,RWR_LT_BRIGHT,53672,52706,-966,,,,,,,,,,no,no,unmapped_raw_key
P02,without_tutor,T01,8141,2026-05-24T21:25:48.998241+00:00,1779657948.9952412,dcs_bios_raw,RWR_LT_BRIGHT,52706,53672,966,,,,,,,,,,no,no,unmapped_raw_key
P02,without_tutor,T01,8142,2026-05-24T21:25:49.142991+00:00,1779657949.1399987,dcs_bios_raw,RWR_LT_BRIGHT,53672,52706,-966,,,,,,,,,,no,no,unmapped_raw_key
P02,without_tutor,T01,8143,2026-05-24T21:25:49.249174+00:00,1779657949.245175,dcs_bios_raw,RWR_LT_BRIGHT,52706,53672,966,,,,,,,,,,no,no,unmapped_raw_key
P02,without_tutor,T01,8146,2026-05-24T21:25:49.359412+00:00,1779657949.356405,dcs_bios_raw,RWR_LT_BRIGHT,53672,52706,-966,,,,,,,,,,no,no,unmapped_raw_key
P02,without_tutor,T01,8149,2026-05-24T21:25:49.498227+00:00,1779657949.495229,dcs_bios_raw,RWR_LT_BRIGHT,52706,53672,966,,,,,,,,,,no,no,unmapped_raw_key
P02,without_tutor,T01,8151,2026-05-24T21:25:49.609463+00:00,1779657949.6064563,dcs_bios_raw,RWR_LT_BRIGHT,53672,52706,-966,,,,,,,,,,no,no,unmapped_raw_key
P02,without_tutor,T01,8152,2026-05-24T21:25:49.722666+00:00,1779657949.7176664,dcs_bios_raw,RWR_LT_BRIGHT,52706,53672,966,,,,,,,,,,no,no,unmapped_raw_key
P02,without_tutor,T01,8153,2026-05-24T21:25:49.864473+00:00,1779657949.8619597,dcs_bios_raw,RWR_LT_BRIGHT,53672,52706,-966,,,,,,,,,,no,no,unmapped_raw_key
P02,without_tutor,T01,8154,2026-05-24T21:25:49.972719+00:00,1779657949.967209,dcs_bios_raw,RWR_LT_BRIGHT,52706,53672,966,,,,,,,,,,no,no,unmapped_raw_key
P02,without_tutor,T01,8155,2026-05-24T21:25:50.075419+00:00,1779657950.0734158,dcs_bios_raw,RWR_LT_BRIGHT,53672,52706,-966,,,,,,,,,,no,no,unmapped_raw_key
P02,without_tutor,T01,8156,2026-05-24T21:25:50.215219+00:00,1779657950.2117128,dcs_bios_raw,RWR_LT_BRIGHT,52706,53672,966,,,,,,,,,,no,no,unmapped_raw_key
P02,without_tutor,T01,8158,2026-05-24T21:25:50.314910+00:00,1779657950.3113937,dcs_bios_raw,RWR_LT_BRIGHT,53672,52706,-966,,,,,,,,,,no,no,unmapped_raw_key
P02,without_tutor,T01,8161,2026-05-24T21:25:50.453731+00:00,1779657950.451214,dcs_bios_raw,RWR_LT_BRIGHT,52706,53672,966,,,,,,,,,,no,no,unmapped_raw_key
P02,without_tutor,T01,8163,2026-05-24T21:25:50.555445+00:00,1779657950.550934,dcs_bios_raw,RWR_LT_BRIGHT,53672,52706,-966,,,,,,,,,,no,no,unmapped_raw_key
P02,without_tutor,T01,8165,2026-05-24T21:25:50.699810+00:00,1779657950.6958108,dcs_bios_raw,RWR_LT_BRIGHT,52706,53672,966,,,,,,,,,,no,no,unmapped_raw_key
P02,without_tutor,T01,8167,2026-05-24T21:25:50.804011+00:00,1779657950.8004947,dcs_bios_raw,RWR_LT_BRIGHT,53672,52706,-966,,,,,,,,,,no,no,unmapped_raw_key
P02,without_tutor,T01,8169,2026-05-24T21:25:50.947825+00:00,1779657950.9458258,dcs_bios_raw,RWR_LT_BRIGHT,52706,53672,966,,,,,,,,,,no,no,unmapped_raw_key
P02,without_tutor,T01,8171,2026-05-24T21:25:51.054079+00:00,1779657951.0515692,dcs_bios_raw,RWR_LT_BRIGHT,53672,52706,-966,,,,,,,,,,no,no,unmapped_raw_key
P02,without_tutor,T01,8173,2026-05-24T21:25:51.165852+00:00,1779657951.1628385,dcs_bios_raw,RWR_LT_BRIGHT,52706,53672,966,,,,,,,,,,no,no,unmapped_raw_key
P02,without_tutor,T01,8174,2026-05-24T21:25:51.303609+00:00,1779657951.3010974,dcs_bios_raw,RWR_LT_BRIGHT,53672,52706,-966,,,,,,,,,,no,no,unmapped_raw_key
P02,without_tutor,T01,8175,2026-05-24T21:25:51.414907+00:00,1779657951.4113908,dcs_bios_raw,RWR_LT_BRIGHT,52706,53672,966,,,,,,,,,,no,no,unmapped_raw_key
P02,without_tutor,T01,8178,2026-05-24T21:25:51.525162+00:00,1779657951.5231507,dcs_bios_raw,RWR_LT_BRIGHT,53672,52706,-966,,,,,,,,,,no,no,unmapped_raw_key
P02,without_tutor,T01,8181,2026-05-24T21:25:51.664482+00:00,1779657951.66248,dcs_bios_raw,RWR_LT_BRIGHT,52706,53672,966,,,,,,,,,,no,no,unmapped_raw_key
P02,without_tutor,T01,8182,2026-05-24T21:25:51.775779+00:00,1779657951.772755,dcs_bios_raw,RWR_LT_BRIGHT,53672,52706,-966,,,,,,,,,,no,no,unmapped_raw_key
P02,without_tutor,T01,8185,2026-05-24T21:25:51.881499+00:00,1779657951.8785064,dcs_bios_raw,RWR_LT_BRIGHT,52706,53672,966,,,,,,,,,,no,no,unmapped_raw_key
P02,without_tutor,T01,8189,2026-05-24T21:25:52.024869+00:00,1779657952.0228567,dcs_bios_raw,RWR_LT_BRIGHT,53672,52706,-966,,,,,,,,,,no,no,unmapped_raw_key
P02,without_tutor,T01,8190,2026-05-24T21:25:52.132600+00:00,1779657952.1286008,dcs_bios_raw,RWR_LT_BRIGHT,52706,53672,966,,,,,,,,,,no,no,unmapped_raw_key
P02,without_tutor,T01,8191,2026-05-24T21:25:52.203270+00:00,1779657952.2007682,dcs_bios_raw,LEFT_DDI_PB_18,0,1,1,left_mdi_pb18,S08;S15,,,,,,,,no,no,
P02,without_tutor,T01,8192,2026-05-24T21:25:52.236816+00:00,1779657952.2338042,dcs_bios_raw,RWR_LT_BRIGHT,53672,52706,-966,,,,,,,,,,no,no,unmapped_raw_key
P02,without_tutor,T01,8193,2026-05-24T21:25:52.308968+00:00,1779657952.3059766,dcs_bios_raw,LEFT_DDI_PB_18,1,0,-1,left_mdi_pb18,S08;S15,,,,,,,,no,no,
P02,without_tutor,T01,8194,2026-05-24T21:25:52.381110+00:00,1779657952.378112,dcs_bios_raw,RWR_LT_BRIGHT,52706,53672,966,,,,,,,,,,no,no,unmapped_raw_key
P02,without_tutor,T01,8195,2026-05-24T21:25:52.486838+00:00,1779657952.4848392,dcs_bios_raw,RWR_LT_BRIGHT,53672,52706,-966,,,,,,,,,,no,no,unmapped_raw_key
P02,without_tutor,T01,8196,2026-05-24T21:25:52.631139+00:00,1779657952.628146,dcs_bios_raw,RWR_LT_BRIGHT,52706,53672,966,,,,,,,,,,no,no,unmapped_raw_key
P02,without_tutor,T01,8197,2026-05-24T21:25:52.736381+00:00,1779657952.7343702,dcs_bios_raw,RWR_LT_BRIGHT,53672,52706,-966,,,,,,,,,,no,no,unmapped_raw_key
P02,without_tutor,T01,8198,2026-05-24T21:25:52.842646+00:00,1779657952.839144,dcs_bios_raw,RWR_LT_BRIGHT,52706,53672,966,,,,,,,,,,no,no,unmapped_raw_key
P02,without_tutor,T01,8199,2026-05-24T21:25:52.986933+00:00,1779657952.9839306,dcs_bios_raw,RWR_LT_BRIGHT,53672,52706,-966,,,,,,,,,,no,no,unmapped_raw_key
P02,without_tutor,T01,8200,2026-05-24T21:25:53.093656+00:00,1779657953.0891435,dcs_bios_raw,RWR_LT_BRIGHT,52706,53672,966,,,,,,,,,,no,no,unmapped_raw_key
P02,without_tutor,T01,8201,2026-05-24T21:25:53.205316+00:00,1779657953.2007968,dcs_bios_raw,RWR_LT_BRIGHT,53672,52706,-966,,,,,,,,,,no,no,unmapped_raw_key
P02,without_tutor,T01,8203,2026-05-24T21:25:53.343511+00:00,1779657953.3400168,dcs_bios_raw,RWR_LT_BRIGHT,52706,53672,966,,,,,,,,,,no,no,unmapped_raw_key
P02,without_tutor,T01,8204,2026-05-24T21:25:53.381105+00:00,1779657953.3781059,dcs_bios_raw,LEFT_DDI_PB_18,0,1,1,left_mdi_pb18,S08;S15,,,,,,,,no,no,
P02,without_tutor,T01,8205,2026-05-24T21:25:53.455270+00:00,1779657953.4507544,dcs_bios_raw,LEFT_DDI_PB_18,1,0,-1,left_mdi_pb18,S08;S15,,,,,,,,no,no,
P02,without_tutor,T01,8205,2026-05-24T21:25:53.455270+00:00,1779657953.4507544,dcs_bios_raw,RWR_LT_BRIGHT,53672,52706,-966,,,,,,,,,,no,no,unmapped_raw_key
P02,without_tutor,T01,8208,2026-05-24T21:25:53.559004+00:00,1779657953.5559976,dcs_bios_raw,RWR_LT_BRIGHT,52706,53672,966,,,,,,,,,,no,no,unmapped_raw_key
P02,without_tutor,T01,8209,2026-05-24T21:25:53.703328+00:00,1779657953.7008271,dcs_bios_raw,RWR_LT_BRIGHT,53672,52706,-966,,,,,,,,,,no,no,unmapped_raw_key
P02,without_tutor,T01,8210,2026-05-24T21:25:53.804059+00:00,1779657953.8015432,dcs_bios_raw,RWR_LT_BRIGHT,52706,53672,966,,,,,,,,,,no,no,unmapped_raw_key
P02,without_tutor,T01,8212,2026-05-24T21:25:53.949360+00:00,1779657953.9453602,dcs_bios_raw,RWR_LT_BRIGHT,53672,52706,-966,,,,,,,,,,no,no,unmapped_raw_key
P02,without_tutor,T01,8213,2026-05-24T21:25:53.982936+00:00,1779657953.9789367,dcs_bios_raw,LEFT_DDI_PB_15,0,1,1,left_mdi_pb15,S08;S15,,,,,,,,no,no,
P02,without_tutor,T01,8214,2026-05-24T21:25:54.056023+00:00,1779657954.0515063,dcs_bios_raw,LEFT_DDI_PB_15,1,0,-1,left_mdi_pb15,S08;S15,,,,,,,,no,no,
P02,without_tutor,T01,8214,2026-05-24T21:25:54.056023+00:00,1779657954.0515063,dcs_bios_raw,RWR_LT_BRIGHT,52706,53672,966,,,,,,,,,,no,no,unmapped_raw_key
P02,without_tutor,T01,8215,2026-05-24T21:25:54.160228+00:00,1779657954.1572347,dcs_bios_raw,RWR_LT_BRIGHT,53672,52706,-966,,,,,,,,,,no,no,unmapped_raw_key
P02,without_tutor,T01,8217,2026-05-24T21:25:54.303883+00:00,1779657954.301364,dcs_bios_raw,RWR_LT_BRIGHT,52706,53672,966,,,,,,,,,,no,no,unmapped_raw_key
P02,without_tutor,T01,8218,2026-05-24T21:25:54.409625+00:00,1779657954.4066255,dcs_bios_raw,RWR_LT_BRIGHT,53672,52706,-966,,,,,,,,,,no,no,unmapped_raw_key
P02,without_tutor,T01,8221,2026-05-24T21:25:54.515834+00:00,1779657954.5128176,dcs_bios_raw,RWR_LT_BRIGHT,52706,53672,966,,,,,,,,,,no,no,unmapped_raw_key
P02,without_tutor,T01,8225,2026-05-24T21:25:54.659592+00:00,1779657954.6576004,dcs_bios_raw,RWR_LT_BRIGHT,53672,52706,-966,,,,,,,,,,no,no,unmapped_raw_key
P02,without_tutor,T01,8226,2026-05-24T21:25:54.698167+00:00,1779657954.6961746,dcs_bios_raw,RIGHT_DDI_PB_18,,1,1,right_mdi_pb18,S08;S18,,,,,,,,no,no,
P02,without_tutor,T01,8228,2026-05-24T21:25:54.770289+00:00,1779657954.7682893,dcs_bios_raw,RWR_LT_BRIGHT,52706,53672,966,,,,,,,,,,no,no,unmapped_raw_key
P02,without_tutor,T01,8229,2026-05-24T21:25:54.804363+00:00,1779657954.8018656,dcs_bios_raw,RIGHT_DDI_PB_18,1,0,-1,right_mdi_pb18,S08;S18,,,,,,,,no,no,
P02,without_tutor,T01,8231,2026-05-24T21:25:54.909078+00:00,1779657954.907078,dcs_bios_raw,RWR_LT_BRIGHT,53672,52706,-966,,,,,,,,,,no,no,unmapped_raw_key
P02,without_tutor,T01,8233,2026-05-24T21:25:55.016300+00:00,1779657955.012778,dcs_bios_raw,RIGHT_DDI_PB_18,0,1,1,right_mdi_pb18,S08;S18,,,,,,,,no,no,
P02,without_tutor,T01,8233,2026-05-24T21:25:55.016300+00:00,1779657955.012778,dcs_bios_raw,RWR_LT_BRIGHT,52706,53672,966,,,,,,,,,,no,no,unmapped_raw_key
P02,without_tutor,T01,8234,2026-05-24T21:25:55.126455+00:00,1779657955.1234503,dcs_bios_raw,RIGHT_DDI_PB_18,1,0,-1,right_mdi_pb18,S08;S18,,,,,,,,no,no,
P02,without_tutor,T01,8234,2026-05-24T21:25:55.126455+00:00,1779657955.1234503,dcs_bios_raw,RWR_LT_BRIGHT,53672,52706,-966,,,,,,,,,,no,no,unmapped_raw_key
P02,without_tutor,T01,8235,2026-05-24T21:25:55.266718+00:00,1779657955.2626948,dcs_bios_raw,RWR_LT_BRIGHT,52706,53672,966,,,,,,,,,,no,no,unmapped_raw_key
P02,without_tutor,T01,8236,2026-05-24T21:25:55.371420+00:00,1779657955.3684201,dcs_bios_raw,RWR_LT_BRIGHT,53672,52706,-966,,,,,,,,,,no,no,unmapped_raw_key
P02,without_tutor,T01,8237,2026-05-24T21:25:55.476650+00:00,1779657955.4736302,dcs_bios_raw,RWR_LT_BRIGHT,52706,53672,966,,,,,,,,,,no,no,unmapped_raw_key
P02,without_tutor,T01,8238,2026-05-24T21:25:55.609907+00:00,1779657955.6069071,dcs_bios_raw,RWR_LT_BRIGHT,53672,52706,-966,,,,,,,,,,no,no,unmapped_raw_key
P02,without_tutor,T01,8239,2026-05-24T21:25:55.715102+00:00,1779657955.7115963,dcs_bios_raw,RIGHT_DDI_PB_08,,1,1,,,,,,,,,,no,no,unmapped_raw_key
P02,without_tutor,T01,8240,2026-05-24T21:25:55.748623+00:00,1779657955.745624,dcs_bios_raw,RWR_LT_BRIGHT,52706,53672,966,,,,,,,,,,no,no,unmapped_raw_key
P02,without_tutor,T01,8241,2026-05-24T21:25:55.787207+00:00,1779657955.785207,dcs_bios_raw,RIGHT_DDI_PB_08,1,0,-1,,,,,,,,,,no,no,unmapped_raw_key
P02,without_tutor,T01,8242,2026-05-24T21:25:55.853891+00:00,1779657955.8513787,dcs_bios_raw,RWR_LT_BRIGHT,53672,52706,-966,,,,,,,,,,no,no,unmapped_raw_key
P02,without_tutor,T01,8243,2026-05-24T21:25:55.966148+00:00,1779657955.9631324,dcs_bios_raw,RWR_LT_BRIGHT,52706,53672,966,,,,,,,,,,no,no,unmapped_raw_key
P02,without_tutor,T01,8246,2026-05-24T21:25:56.106457+00:00,1779657956.1019423,dcs_bios_raw,RWR_LT_BRIGHT,53672,52706,-966,,,,,,,,,,no,no,unmapped_raw_key
P02,without_tutor,T01,8248,2026-05-24T21:25:56.215625+00:00,1779657956.2131085,dcs_bios_raw,RWR_LT_BRIGHT,52706,53672,966,,,,,,,,,,no,no,unmapped_raw_key
P02,without_tutor,T01,8251,2026-05-24T21:25:56.321371+00:00,1779657956.3183708,dcs_bios_raw,RWR_LT_BRIGHT,53672,52706,-966,,,,,,,,,,no,no,unmapped_raw_key
P02,without_tutor,T01,8254,2026-05-24T21:25:56.460171+00:00,1779657956.4581707,dcs_bios_raw,RWR_LT_BRIGHT,52706,53672,966,,,,,,,,,,no,no,unmapped_raw_key
P02,without_tutor,T01,8255,2026-05-24T21:25:56.566446+00:00,1779657956.5634255,dcs_bios_raw,RWR_LT_BRIGHT,53672,52706,-966,,,,,,,,,,no,no,unmapped_raw_key
P02,without_tutor,T01,8257,2026-05-24T21:25:56.711775+00:00,1779657956.7077746,dcs_bios_raw,RWR_LT_BRIGHT,52706,53672,966,,,,,,,,,,no,no,unmapped_raw_key
P02,without_tutor,T01,8258,2026-05-24T21:25:56.815990+00:00,1779657956.8139799,dcs_bios_raw,RWR_LT_BRIGHT,53672,52706,-966,,,,,,,,,,no,no,unmapped_raw_key
P02,without_tutor,T01,8259,2026-05-24T21:25:56.921691+00:00,1779657956.9186926,dcs_bios_raw,RWR_LT_BRIGHT,52706,53672,966,,,,,,,,,,no,no,unmapped_raw_key
P02,without_tutor,T01,8261,2026-05-24T21:25:57.066023+00:00,1779657957.0630026,dcs_bios_raw,RWR_LT_BRIGHT,53672,52706,-966,,,,,,,,,,no,no,unmapped_raw_key
P02,without_tutor,T01,8263,2026-05-24T21:25:57.171263+00:00,1779657957.1697612,dcs_bios_raw,RWR_LT_BRIGHT,52706,53672,966,,,,,,,,,,no,no,unmapped_raw_key
P02,without_tutor,T01,8264,2026-05-24T21:25:57.278460+00:00,1779657957.2744489,dcs_bios_raw,RWR_LT_BRIGHT,53672,52706,-966,,,,,,,,,,no,no,unmapped_raw_key
P02,without_tutor,T01,8265,2026-05-24T21:25:57.421264+00:00,1779657957.4192646,dcs_bios_raw,RWR_LT_BRIGHT,52706,53672,966,,,,,,,,,,no,no,unmapped_raw_key
P02,without_tutor,T01,8266,2026-05-24T21:25:57.527556+00:00,1779657957.524551,dcs_bios_raw,RWR_LT_BRIGHT,53672,52706,-966,,,,,,,,,,no,no,unmapped_raw_key
P02,without_tutor,T01,8268,2026-05-24T21:25:57.671889+00:00,1779657957.6688955,dcs_bios_raw,RWR_LT_BRIGHT,52706,53672,966,,,,,,,,,,no,no,unmapped_raw_key
P02,without_tutor,T01,8269,2026-05-24T21:25:57.777651+00:00,1779657957.7746408,dcs_bios_raw,RWR_LT_BRIGHT,53672,52706,-966,,,,,,,,,,no,no,unmapped_raw_key
P02,without_tutor,T01,8270,2026-05-24T21:25:57.890368+00:00,1779657957.8853683,dcs_bios_raw,RWR_LT_BRIGHT,52706,53672,966,,,,,,,,,,no,no,unmapped_raw_key
P02,without_tutor,T01,8273,2026-05-24T21:25:57.994109+00:00,1779657957.9915864,dcs_bios_raw,RWR_LT_BRIGHT,53672,52706,-966,,,,,,,,,,no,no,unmapped_raw_key
P02,without_tutor,T01,8276,2026-05-24T21:25:58.138389+00:00,1779657958.1353967,dcs_bios_raw,RWR_LT_BRIGHT,52706,53672,966,,,,,,,,,,no,no,unmapped_raw_key
P02,without_tutor,T01,8279,2026-05-24T21:25:58.244065+00:00,1779657958.2415602,dcs_bios_raw,RWR_LT_BRIGHT,53672,52706,-966,,,,,,,,,,no,no,unmapped_raw_key
P02,without_tutor,T01,8283,2026-05-24T21:25:58.387930+00:00,1779657958.3859298,dcs_bios_raw,RWR_LT_BRIGHT,52706,53672,966,,,,,,,,,,no,no,unmapped_raw_key
P02,without_tutor,T01,8285,2026-05-24T21:25:58.494689+00:00,1779657958.4911766,dcs_bios_raw,RWR_LT_BRIGHT,53672,52706,-966,,,,,,,,,,no,no,unmapped_raw_key
P02,without_tutor,T01,8287,2026-05-24T21:25:58.599419+00:00,1779657958.5974195,dcs_bios_raw,RWR_LT_BRIGHT,52706,53672,966,,,,,,,,,,no,no,unmapped_raw_key
P02,without_tutor,T01,8290,2026-05-24T21:25:58.743693+00:00,1779657958.7411802,dcs_bios_raw,RWR_LT_BRIGHT,53672,52706,-966,,,,,,,,,,no,no,unmapped_raw_key
P02,without_tutor,T01,8292,2026-05-24T21:25:58.848937+00:00,1779657958.846941,dcs_bios_raw,RWR_LT_BRIGHT,52706,53672,966,,,,,,,,,,no,no,unmapped_raw_key
P02,without_tutor,T01,8294,2026-05-24T21:25:58.961677+00:00,1779657958.9576716,dcs_bios_raw,RWR_LT_BRIGHT,53672,52706,-966,,,,,,,,,,no,no,unmapped_raw_key
P02,without_tutor,T01,8297,2026-05-24T21:25:59.098992+00:00,1779657959.0969923,dcs_bios_raw,RWR_LT_BRIGHT,52706,53672,966,,,,,,,,,,no,no,unmapped_raw_key
P02,without_tutor,T01,8299,2026-05-24T21:25:59.205215+00:00,1779657959.2027028,dcs_bios_raw,RWR_LT_BRIGHT,53672,52706,-966,,,,,,,,,,no,no,unmapped_raw_key
P02,without_tutor,T01,8300,2026-05-24T21:25:59.350977+00:00,1779657959.3469703,dcs_bios_raw,RWR_LT_BRIGHT,52706,53672,966,,,,,,,,,,no,no,unmapped_raw_key
P02,without_tutor,T01,8301,2026-05-24T21:25:59.461202+00:00,1779657959.458209,dcs_bios_raw,RWR_LT_BRIGHT,53672,52706,-966,,,,,,,,,,no,no,unmapped_raw_key
P02,without_tutor,T01,8304,2026-05-24T21:25:59.566410+00:00,1779657959.5634053,dcs_bios_raw,RWR_LT_BRIGHT,52706,53672,966,,,,,,,,,,no,no,unmapped_raw_key
P02,without_tutor,T01,8308,2026-05-24T21:25:59.705716+00:00,1779657959.7021942,dcs_bios_raw,RWR_LT_BRIGHT,53672,52706,-966,,,,,,,,,,no,no,unmapped_raw_key
P02,without_tutor,T01,8310,2026-05-24T21:25:59.816970+00:00,1779657959.8139586,dcs_bios_raw,RWR_LT_BRIGHT,52706,53672,966,,,,,,,,,,no,no,unmapped_raw_key
P02,without_tutor,T01,8313,2026-05-24T21:25:59.921698+00:00,1779657959.9186916,dcs_bios_raw,RWR_LT_BRIGHT,53672,52706,-966,,,,,,,,,,no,no,unmapped_raw_key
P02,without_tutor,T01,8316,2026-05-24T21:26:00.065981+00:00,1779657960.0639772,dcs_bios_raw,RWR_LT_BRIGHT,52706,53672,966,,,,,,,,,,no,no,unmapped_raw_key
P02,without_tutor,T01,8318,2026-05-24T21:26:00.171702+00:00,1779657960.1687014,dcs_bios_raw,RWR_LT_BRIGHT,53672,52706,-966,,,,,,,,,,no,no,unmapped_raw_key
P02,without_tutor,T01,8320,2026-05-24T21:26:00.283922+00:00,1779657960.280405,dcs_bios_raw,RWR_LT_BRIGHT,52706,53672,966,,,,,,,,,,no,no,unmapped_raw_key
P02,without_tutor,T01,8321,2026-05-24T21:26:00.422201+00:00,1779657960.4192097,dcs_bios_raw,RWR_LT_BRIGHT,53672,52706,-966,,,,,,,,,,no,no,unmapped_raw_key
P02,without_tutor,T01,8322,2026-05-24T21:26:00.527453+00:00,1779657960.5244443,dcs_bios_raw,RWR_LT_BRIGHT,52706,53672,966,,,,,,,,,,no,no,unmapped_raw_key
P02,without_tutor,T01,8324,2026-05-24T21:26:00.671254+00:00,1779657960.6692536,dcs_bios_raw,RWR_LT_BRIGHT,53672,52706,-966,,,,,,,,,,no,no,unmapped_raw_key
P02,without_tutor,T01,8327,2026-05-24T21:26:00.778489+00:00,1779657960.7744782,dcs_bios_raw,RWR_LT_BRIGHT,52706,53672,966,,,,,,,,,,no,no,unmapped_raw_key
P02,without_tutor,T01,8328,2026-05-24T21:26:00.887244+00:00,1779657960.8852446,dcs_bios_raw,RWR_LT_BRIGHT,53672,52706,-966,,,,,,,,,,no,no,unmapped_raw_key
P02,without_tutor,T01,8330,2026-05-24T21:26:01.020522+00:00,1779657961.0185287,dcs_bios_raw,RWR_LT_BRIGHT,52706,53672,966,,,,,,,,,,no,no,unmapped_raw_key
P02,without_tutor,T01,8331,2026-05-24T21:26:01.121272+00:00,1779657961.1182709,dcs_bios_raw,RWR_LT_BRIGHT,53672,52706,-966,,,,,,,,,,no,no,unmapped_raw_key
P02,without_tutor,T01,8332,2026-05-24T21:26:01.261032+00:00,1779657961.2570248,dcs_bios_raw,RWR_LT_BRIGHT,52706,53672,966,,,,,,,,,,no,no,unmapped_raw_key
P02,without_tutor,T01,8333,2026-05-24T21:26:01.359751+00:00,1779657961.3567593,dcs_bios_raw,RWR_LT_BRIGHT,53672,52706,-966,,,,,,,,,,no,no,unmapped_raw_key
P02,without_tutor,T01,8334,2026-05-24T21:26:01.493049+00:00,1779657961.490546,dcs_bios_raw,RWR_LT_BRIGHT,52706,53672,966,,,,,,,,,,no,no,unmapped_raw_key
P02,without_tutor,T01,8335,2026-05-24T21:26:01.605287+00:00,1779657961.6017718,dcs_bios_raw,RWR_LT_BRIGHT,53672,52706,-966,,,,,,,,,,no,no,unmapped_raw_key
P02,without_tutor,T01,8336,2026-05-24T21:26:01.750119+00:00,1779657961.7461193,dcs_bios_raw,RWR_LT_BRIGHT,52706,53672,966,,,,,,,,,,no,no,unmapped_raw_key
P02,without_tutor,T01,8337,2026-05-24T21:26:01.856318+00:00,1779657961.8518195,dcs_bios_raw,RWR_LT_BRIGHT,53672,52706,-966,,,,,,,,,,no,no,unmapped_raw_key
P02,without_tutor,T01,8338,2026-05-24T21:26:01.965566+00:00,1779657961.9630494,dcs_bios_raw,RWR_LT_BRIGHT,52706,53672,966,,,,,,,,,,no,no,unmapped_raw_key
P02,without_tutor,T01,8339,2026-05-24T21:26:02.103923+00:00,1779657962.1014113,dcs_bios_raw,RWR_LT_BRIGHT,53672,52706,-966,,,,,,,,,,no,no,unmapped_raw_key
P02,without_tutor,T01,8340,2026-05-24T21:26:02.216655+00:00,1779657962.213645,dcs_bios_raw,RWR_LT_BRIGHT,52706,53672,966,,,,,,,,,,no,no,unmapped_raw_key
P02,without_tutor,T01,8342,2026-05-24T21:26:02.320835+00:00,1779657962.3188422,dcs_bios_raw,RWR_LT_BRIGHT,53672,52706,-966,,,,,,,,,,no,no,unmapped_raw_key
P02,without_tutor,T01,8344,2026-05-24T21:26:02.459650+00:00,1779657962.4576511,dcs_bios_raw,RWR_LT_BRIGHT,52706,53672,966,,,,,,,,,,no,no,unmapped_raw_key
P02,without_tutor,T01,8346,2026-05-24T21:26:02.566912+00:00,1779657962.5628874,dcs_bios_raw,RWR_LT_BRIGHT,53672,52706,-966,,,,,,,,,,no,no,unmapped_raw_key
P02,without_tutor,T01,8347,2026-05-24T21:26:02.676592+00:00,1779657962.674583,dcs_bios_raw,RWR_LT_BRIGHT,52706,53672,966,,,,,,,,,,no,no,unmapped_raw_key
P02,without_tutor,T01,8348,2026-05-24T21:26:02.815874+00:00,1779657962.8128533,dcs_bios_raw,RWR_LT_BRIGHT,53672,52706,-966,,,,,,,,,,no,no,unmapped_raw_key
P02,without_tutor,T01,8351,2026-05-24T21:26:02.926630+00:00,1779657962.9236193,dcs_bios_raw,RWR_LT_BRIGHT,52706,53672,966,,,,,,,,,,no,no,unmapped_raw_key
P02,without_tutor,T01,8353,2026-05-24T21:26:03.067452+00:00,1779657963.0629358,dcs_bios_raw,RWR_LT_BRIGHT,53672,52706,-966,,,,,,,,,,no,no,unmapped_raw_key
P02,without_tutor,T01,8355,2026-05-24T21:26:03.171693+00:00,1779657963.1686938,dcs_bios_raw,RWR_LT_BRIGHT,52706,53672,966,,,,,,,,,,no,no,unmapped_raw_key
P02,without_tutor,T01,8358,2026-05-24T21:26:03.281907+00:00,1779657963.2799067,dcs_bios_raw,RWR_LT_BRIGHT,53672,52706,-966,,,,,,,,,,no,no,unmapped_raw_key
P02,without_tutor,T01,8362,2026-05-24T21:26:03.421140+00:00,1779657963.4191477,dcs_bios_raw,RWR_LT_BRIGHT,52706,53672,966,,,,,,,,,,no,no,unmapped_raw_key
P02,without_tutor,T01,8364,2026-05-24T21:26:03.532885+00:00,1779657963.529375,dcs_bios_raw,RWR_LT_BRIGHT,53672,52706,-966,,,,,,,,,,no,no,unmapped_raw_key
P02,without_tutor,T01,8366,2026-05-24T21:26:03.638064+00:00,1779657963.6350641,dcs_bios_raw,RWR_LT_BRIGHT,52706,53672,966,,,,,,,,,,no,no,unmapped_raw_key
P02,without_tutor,T01,8369,2026-05-24T21:26:03.771852+00:00,1779657963.7688458,dcs_bios_raw,RWR_LT_BRIGHT,53672,52706,-966,,,,,,,,,,no,no,unmapped_raw_key
P02,without_tutor,T01,8373,2026-05-24T21:26:03.910108+00:00,1779657963.9081094,dcs_bios_raw,RWR_LT_BRIGHT,52706,53672,966,,,,,,,,,,no,no,unmapped_raw_key
P02,without_tutor,T01,8375,2026-05-24T21:26:04.015357+00:00,1779657964.0133429,dcs_bios_raw,RWR_LT_BRIGHT,53672,52706,-966,,,,,,,,,,no,no,unmapped_raw_key
P02,without_tutor,T01,8376,2026-05-24T21:26:04.123125+00:00,1779657964.1191187,dcs_bios_raw,RWR_LT_BRIGHT,52706,53672,966,,,,,,,,,,no,no,unmapped_raw_key
P02,without_tutor,T01,8379,2026-05-24T21:26:04.260842+00:00,1779657964.2578428,dcs_bios_raw,RWR_LT_BRIGHT,53672,52706,-966,,,,,,,,,,no,no,unmapped_raw_key
P02,without_tutor,T01,8380,2026-05-24T21:26:04.299392+00:00,1779657964.2973921,dcs_bios_raw,CANOPY_SW,,0,0,,,,,,,,,,no,no,unmapped_raw_key
P02,without_tutor,T01,8381,2026-05-24T21:26:04.333452+00:00,1779657964.330949,dcs_bios_raw,CANOPY_POS,,58971,58971,,,,,,,,,,no,no,unmapped_raw_key
P02,without_tutor,T01,8382,2026-05-24T21:26:04.367036+00:00,1779657964.3640268,dcs_bios_raw,RWR_LT_BRIGHT,52706,53672,966,,,,,,,,,,no,no,unmapped_raw_key
P02,without_tutor,T01,8382,2026-05-24T21:26:04.367036+00:00,1779657964.3640268,dcs_bios_raw,CANOPY_POS,58971,58914,-57,,,,,,,,,,no,no,unmapped_raw_key
P02,without_tutor,T01,8383,2026-05-24T21:26:04.404577+00:00,1779657964.4020796,dcs_bios_raw,CANOPY_POS,58914,58793,-121,,,,,,,,,,no,no,unmapped_raw_key
P02,without_tutor,T01,8384,2026-05-24T21:26:04.438156+00:00,1779657964.4361563,dcs_bios_raw,CANOPY_POS,58793,58677,-116,,,,,,,,,,no,no,unmapped_raw_key
P02,without_tutor,T01,8385,2026-05-24T21:26:04.477228+00:00,1779657964.4742165,dcs_bios_raw,CANOPY_POS,58677,58499,-178,,,,,,,,,,no,no,unmapped_raw_key
P02,without_tutor,T01,8386,2026-05-24T21:26:04.511294+00:00,1779657964.508294,dcs_bios_raw,RWR_LT_BRIGHT,53672,52706,-966,,,,,,,,,,no,no,unmapped_raw_key
P02,without_tutor,T01,8386,2026-05-24T21:26:04.511294+00:00,1779657964.508294,dcs_bios_raw,CANOPY_POS,58499,58302,-197,,,,,,,,,,no,no,unmapped_raw_key
P02,without_tutor,T01,8387,2026-05-24T21:26:04.544371+00:00,1779657964.5418513,dcs_bios_raw,CANOPY_POS,58302,58145,-157,,,,,,,,,,no,no,unmapped_raw_key
P02,without_tutor,T01,8388,2026-05-24T21:26:04.583453+00:00,1779657964.58095,dcs_bios_raw,CANOPY_POS,58145,57983,-162,,,,,,,,,,no,no,unmapped_raw_key
P02,without_tutor,T01,8389,2026-05-24T21:26:04.617492+00:00,1779657964.615493,dcs_bios_raw,RWR_LT_BRIGHT,52706,53672,966,,,,,,,,,,no,no,unmapped_raw_key
P02,without_tutor,T01,8389,2026-05-24T21:26:04.617492+00:00,1779657964.615493,dcs_bios_raw,CANOPY_POS,57983,57761,-222,,,,,,,,,,no,no,unmapped_raw_key
P02,without_tutor,T01,8390,2026-05-24T21:26:04.651031+00:00,1779657964.6490276,dcs_bios_raw,CANOPY_POS,57761,57533,-228,,,,,,,,,,no,no,unmapped_raw_key
P02,without_tutor,T01,8391,2026-05-24T21:26:04.687616+00:00,1779657964.6815922,dcs_bios_raw,CANOPY_POS,57533,57360,-173,,,,,,,,,,no,no,unmapped_raw_key
P02,without_tutor,T01,8392,2026-05-24T21:26:04.717152+00:00,1779657964.7151392,dcs_bios_raw,RWR_LT_BRIGHT,53672,52706,-966,,,,,,,,,,no,no,unmapped_raw_key
P02,without_tutor,T01,8392,2026-05-24T21:26:04.717152+00:00,1779657964.7151392,dcs_bios_raw,CANOPY_POS,57360,57186,-174,,,,,,,,,,no,no,unmapped_raw_key
P02,without_tutor,T01,8393,2026-05-24T21:26:04.751669+00:00,1779657964.7486684,dcs_bios_raw,CANOPY_POS,57186,56952,-234,,,,,,,,,,no,no,unmapped_raw_key
P02,without_tutor,T01,8394,2026-05-24T21:26:04.784699+00:00,1779657964.7821932,dcs_bios_raw,CANOPY_POS,56952,56775,-177,,,,,,,,,,no,no,unmapped_raw_key
P02,without_tutor,T01,8395,2026-05-24T21:26:04.826233+00:00,1779657964.8207295,dcs_bios_raw,CANOPY_POS,56775,56598,-177,,,,,,,,,,no,no,unmapped_raw_key
P02,without_tutor,T01,8396,2026-05-24T21:26:04.859756+00:00,1779657964.8537524,dcs_bios_raw,RWR_LT_BRIGHT,52706,53672,966,,,,,,,,,,no,no,unmapped_raw_key
P02,without_tutor,T01,8396,2026-05-24T21:26:04.859756+00:00,1779657964.8537524,dcs_bios_raw,CANOPY_POS,56598,56362,-236,,,,,,,,,,no,no,unmapped_raw_key
P02,without_tutor,T01,8397,2026-05-24T21:26:04.890785+00:00,1779657964.8877852,dcs_bios_raw,CANOPY_POS,56362,56124,-238,,,,,,,,,,no,no,unmapped_raw_key
P02,without_tutor,T01,8398,2026-05-24T21:26:04.930818+00:00,1779657964.9258258,dcs_bios_raw,CANOPY_POS,56124,55946,-178,,,,,,,,,,no,no,unmapped_raw_key
P02,without_tutor,T01,8399,2026-05-24T21:26:04.961354+00:00,1779657964.9593618,dcs_bios_raw,RWR_LT_BRIGHT,53672,52706,-966,,,,,,,,,,no,no,unmapped_raw_key
P02,without_tutor,T01,8399,2026-05-24T21:26:04.961354+00:00,1779657964.9593618,dcs_bios_raw,CANOPY_POS,55946,55708,-238,,,,,,,,,,no,no,unmapped_raw_key
P02,without_tutor,T01,8400,2026-05-24T21:26:05.001905+00:00,1779657964.9979122,dcs_bios_raw,CANOPY_POS,55708,55530,-178,,,,,,,,,,no,no,unmapped_raw_key
P02,without_tutor,T01,8401,2026-05-24T21:26:05.034945+00:00,1779657965.0314379,dcs_bios_raw,CANOPY_POS,55530,55292,-238,,,,,,,,,,no,no,unmapped_raw_key
P02,without_tutor,T01,8402,2026-05-24T21:26:05.073974+00:00,1779657965.070467,dcs_bios_raw,CANOPY_POS,55292,55113,-179,,,,,,,,,,no,no,unmapped_raw_key
P02,without_tutor,T01,8403,2026-05-24T21:26:05.108026+00:00,1779657965.1050267,dcs_bios_raw,RWR_LT_BRIGHT,52706,53672,966,,,,,,,,,,no,no,unmapped_raw_key
P02,without_tutor,T01,8403,2026-05-24T21:26:05.108026+00:00,1779657965.1050267,dcs_bios_raw,CANOPY_POS,55113,54875,-238,,,,,,,,,,no,no,unmapped_raw_key
P02,without_tutor,T01,8404,2026-05-24T21:26:05.140589+00:00,1779657965.1375947,dcs_bios_raw,CANOPY_POS,54875,54637,-238,,,,,,,,,,no,no,unmapped_raw_key
P02,without_tutor,T01,8405,2026-05-24T21:26:05.178654+00:00,1779657965.176655,dcs_bios_raw,CANOPY_POS,54637,54458,-179,,,,,,,,,,no,no,unmapped_raw_key
P02,without_tutor,T01,8406,2026-05-24T21:26:05.211679+00:00,1779657965.2096884,dcs_bios_raw,RWR_LT_BRIGHT,53672,52706,-966,,,,,,,,,,no,no,unmapped_raw_key
P02,without_tutor,T01,8406,2026-05-24T21:26:05.211679+00:00,1779657965.2096884,dcs_bios_raw,CANOPY_POS,54458,54220,-238,,,,,,,,,,no,no,unmapped_raw_key
P02,without_tutor,T01,8407,2026-05-24T21:26:05.251726+00:00,1779657965.2487247,dcs_bios_raw,CANOPY_POS,54220,54041,-179,,,,,,,,,,no,no,unmapped_raw_key
P02,without_tutor,T01,8408,2026-05-24T21:26:05.287292+00:00,1779657965.2822633,dcs_bios_raw,CANOPY_POS,54041,53803,-238,,,,,,,,,,no,no,unmapped_raw_key
P02,without_tutor,T01,8409,2026-05-24T21:26:05.323334+00:00,1779657965.320829,dcs_bios_raw,RWR_LT_BRIGHT,52706,53672,966,,,,,,,,,,no,no,unmapped_raw_key
P02,without_tutor,T01,8409,2026-05-24T21:26:05.323334+00:00,1779657965.320829,dcs_bios_raw,CANOPY_POS,53803,53624,-179,,,,,,,,,,no,no,unmapped_raw_key
P02,without_tutor,T01,8410,2026-05-24T21:26:05.356870+00:00,1779657965.3548667,dcs_bios_raw,CANOPY_POS,53624,53386,-238,,,,,,,,,,no,no,unmapped_raw_key
P02,without_tutor,T01,8411,2026-05-24T21:26:05.395403+00:00,1779657965.3918946,dcs_bios_raw,CANOPY_POS,53386,53148,-238,,,,,,,,,,no,no,unmapped_raw_key
P02,without_tutor,T01,8412,2026-05-24T21:26:05.428929+00:00,1779657965.4259286,dcs_bios_raw,CANOPY_POS,53148,52969,-179,,,,,,,,,,no,no,unmapped_raw_key
P02,without_tutor,T01,8413,2026-05-24T21:26:05.467958+00:00,1779657965.4639559,dcs_bios_raw,RWR_LT_BRIGHT,53672,52706,-966,,,,,,,,,,no,no,unmapped_raw_key
P02,without_tutor,T01,8413,2026-05-24T21:26:05.467958+00:00,1779657965.4639559,dcs_bios_raw,CANOPY_POS,52969,52731,-238,,,,,,,,,,no,no,unmapped_raw_key
P02,without_tutor,T01,8414,2026-05-24T21:26:05.499983+00:00,1779657965.496983,dcs_bios_raw,CANOPY_POS,52731,52492,-239,,,,,,,,,,no,no,unmapped_raw_key
P02,without_tutor,T01,8415,2026-05-24T21:26:05.534021+00:00,1779657965.5315158,dcs_bios_raw,CANOPY_POS,52492,52314,-178,,,,,,,,,,no,no,unmapped_raw_key
P02,without_tutor,T01,8416,2026-05-24T21:26:05.569547+00:00,1779657965.5645447,dcs_bios_raw,RWR_LT_BRIGHT,52706,53672,966,,,,,,,,,,no,no,unmapped_raw_key
P02,without_tutor,T01,8416,2026-05-24T21:26:05.569547+00:00,1779657965.5645447,dcs_bios_raw,CANOPY_POS,52314,52135,-179,,,,,,,,,,no,no,unmapped_raw_key
P02,without_tutor,T01,8417,2026-05-24T21:26:05.599573+00:00,1779657965.5975735,dcs_bios_raw,CANOPY_POS,52135,51897,-238,,,,,,,,,,no,no,unmapped_raw_key
P02,without_tutor,T01,8418,2026-05-24T21:26:05.633100+00:00,1779657965.630101,dcs_bios_raw,CANOPY_POS,51897,51718,-179,,,,,,,,,,no,no,unmapped_raw_key
P02,without_tutor,T01,8419,2026-05-24T21:26:05.666132+00:00,1779657965.6641293,dcs_bios_raw,CANOPY_POS,51718,51539,-179,,,,,,,,,,no,no,unmapped_raw_key
P02,without_tutor,T01,8420,2026-05-24T21:26:05.700159+00:00,1779657965.6971667,dcs_bios_raw,RWR_LT_BRIGHT,53672,52706,-966,,,,,,,,,,no,no,unmapped_raw_key
P02,without_tutor,T01,8420,2026-05-24T21:26:05.700159+00:00,1779657965.6971667,dcs_bios_raw,CANOPY_POS,51539,51301,-238,,,,,,,,,,no,no,unmapped_raw_key
P02,without_tutor,T01,8421,2026-05-24T21:26:05.741192+00:00,1779657965.7371924,dcs_bios_raw,CANOPY_POS,51301,51122,-179,,,,,,,,,,no,no,unmapped_raw_key
P02,without_tutor,T01,8422,2026-05-24T21:26:05.775220+00:00,1779657965.770715,dcs_bios_raw,CANOPY_POS,51122,50884,-238,,,,,,,,,,no,no,unmapped_raw_key
P02,without_tutor,T01,8423,2026-05-24T21:26:05.808250+00:00,1779657965.8052506,dcs_bios_raw,RWR_LT_BRIGHT,52706,53672,966,,,,,,,,,,no,no,unmapped_raw_key
P02,without_tutor,T01,8423,2026-05-24T21:26:05.808250+00:00,1779657965.8052506,dcs_bios_raw,CANOPY_POS,50884,50705,-179,,,,,,,,,,no,no,unmapped_raw_key
P02,without_tutor,T01,8424,2026-05-24T21:26:05.840777+00:00,1779657965.836777,dcs_bios_raw,CANOPY_POS,50705,50467,-238,,,,,,,,,,no,no,unmapped_raw_key
P02,without_tutor,T01,8425,2026-05-24T21:26:05.876812+00:00,1779657965.8713043,dcs_bios_raw,CANOPY_POS,50467,50288,-179,,,,,,,,,,no,no,unmapped_raw_key
P02,without_tutor,T01,8426,2026-05-24T21:26:05.914358+00:00,1779657965.9098537,dcs_bios_raw,CANOPY_POS,50288,50109,-179,,,,,,,,,,no,no,unmapped_raw_key
P02,without_tutor,T01,8427,2026-05-24T21:26:05.946896+00:00,1779657965.942881,dcs_bios_raw,RWR_LT_BRIGHT,53672,52706,-966,,,,,,,,,,no,no,unmapped_raw_key
P02,without_tutor,T01,8427,2026-05-24T21:26:05.946896+00:00,1779657965.942881,dcs_bios_raw,CANOPY_POS,50109,49871,-238,,,,,,,,,,no,no,unmapped_raw_key
P02,without_tutor,T01,8428,2026-05-24T21:26:05.979422+00:00,1779657965.9764209,dcs_bios_raw,CANOPY_POS,49871,49692,-179,,,,,,,,,,no,no,unmapped_raw_key
P02,without_tutor,T01,8429,2026-05-24T21:26:06.018963+00:00,1779657966.0149705,dcs_bios_raw,CANOPY_POS,49692,49454,-238,,,,,,,,,,no,no,unmapped_raw_key
P02,without_tutor,T01,8430,2026-05-24T21:26:06.051487+00:00,1779657966.0484862,dcs_bios_raw,RWR_LT_BRIGHT,52706,53672,966,,,,,,,,,,no,no,unmapped_raw_key
P02,without_tutor,T01,8430,2026-05-24T21:26:06.051487+00:00,1779657966.0484862,dcs_bios_raw,CANOPY_POS,49454,49216,-238,,,,,,,,,,no,no,unmapped_raw_key
P02,without_tutor,T01,8431,2026-05-24T21:26:06.091019+00:00,1779657966.0865152,dcs_bios_raw,CANOPY_POS,49216,49037,-179,,,,,,,,,,no,no,unmapped_raw_key
P02,without_tutor,T01,8432,2026-05-24T21:26:06.124049+00:00,1779657966.1205418,dcs_bios_raw,CANOPY_POS,49037,48799,-238,,,,,,,,,,no,no,unmapped_raw_key
P02,without_tutor,T01,8433,2026-05-24T21:26:06.161579+00:00,1779657966.1595724,dcs_bios_raw,RWR_LT_BRIGHT,53672,52706,-966,,,,,,,,,,no,no,unmapped_raw_key
P02,without_tutor,T01,8433,2026-05-24T21:26:06.161579+00:00,1779657966.1595724,dcs_bios_raw,CANOPY_POS,48799,48620,-179,,,,,,,,,,no,no,unmapped_raw_key
P02,without_tutor,T01,8434,2026-05-24T21:26:06.195132+00:00,1779657966.1931264,dcs_bios_raw,CANOPY_POS,48620,48382,-238,,,,,,,,,,no,no,unmapped_raw_key
P02,without_tutor,T01,8435,2026-05-24T21:26:06.235176+00:00,1779657966.2316678,dcs_bios_raw,CANOPY_POS,48382,48203,-179,,,,,,,,,,no,no,unmapped_raw_key
P02,without_tutor,T01,8436,2026-05-24T21:26:06.269703+00:00,1779657966.2646942,dcs_bios_raw,CANOPY_POS,48203,47965,-238,,,,,,,,,,no,no,unmapped_raw_key
P02,without_tutor,T01,8437,2026-05-24T21:26:06.300735+00:00,1779657966.2987347,dcs_bios_raw,RWR_LT_BRIGHT,52706,53672,966,,,,,,,,,,no,no,unmapped_raw_key
P02,without_tutor,T01,8437,2026-05-24T21:26:06.300735+00:00,1779657966.2987347,dcs_bios_raw,CANOPY_POS,47965,47726,-239,,,,,,,,,,no,no,unmapped_raw_key
P02,without_tutor,T01,8438,2026-05-24T21:26:06.371352+00:00,1779657966.3683524,dcs_bios_raw,CANOPY_POS,47726,47548,-178,,,,,,,,,,no,no,unmapped_raw_key
P02,without_tutor,T01,8439,2026-05-24T21:26:06.377877+00:00,1779657966.3738654,dcs_bios_raw,CANOPY_POS,47548,47309,-239,,,,,,,,,,no,no,unmapped_raw_key
P02,without_tutor,T01,8440,2026-05-24T21:26:06.410897+00:00,1779657966.406897,dcs_bios_raw,RWR_LT_BRIGHT,53672,52706,-966,,,,,,,,,,no,no,unmapped_raw_key
P02,without_tutor,T01,8440,2026-05-24T21:26:06.410897+00:00,1779657966.406897,dcs_bios_raw,CANOPY_POS,47309,47071,-238,,,,,,,,,,no,no,unmapped_raw_key
P02,without_tutor,T01,8441,2026-05-24T21:26:06.453462+00:00,1779657966.4509566,dcs_bios_raw,CANOPY_POS,47071,46892,-179,,,,,,,,,,no,no,unmapped_raw_key
P02,without_tutor,T01,8442,2026-05-24T21:26:06.487000+00:00,1779657966.4839969,dcs_bios_raw,CANOPY_POS,46892,46654,-238,,,,,,,,,,no,no,unmapped_raw_key
P02,without_tutor,T01,8443,2026-05-24T21:26:06.526538+00:00,1779657966.5230308,dcs_bios_raw,RWR_LT_BRIGHT,52706,53672,966,,,,,,,,,,no,no,unmapped_raw_key
P02,without_tutor,T01,8443,2026-05-24T21:26:06.526538+00:00,1779657966.5230308,dcs_bios_raw,CANOPY_POS,46654,46416,-238,,,,,,,,,,no,no,unmapped_raw_key
P02,without_tutor,T01,8444,2026-05-24T21:26:06.565624+00:00,1779657966.5611074,dcs_bios_raw,CANOPY_POS,46416,46237,-179,,,,,,,,,,no,no,unmapped_raw_key
P02,without_tutor,T01,8445,2026-05-24T21:26:06.603162+00:00,1779657966.5996568,dcs_bios_raw,CANOPY_POS,46237,45999,-238,,,,,,,,,,no,no,unmapped_raw_key
P02,without_tutor,T01,8446,2026-05-24T21:26:06.635714+00:00,1779657966.6336935,dcs_bios_raw,RWR_LT_BRIGHT,53672,52706,-966,,,,,,,,,,no,no,unmapped_raw_key
P02,without_tutor,T01,8446,2026-05-24T21:26:06.635714+00:00,1779657966.6336935,dcs_bios_raw,CANOPY_POS,45999,45760,-239,,,,,,,,,,no,no,unmapped_raw_key
P02,without_tutor,T01,8447,2026-05-24T21:26:06.669258+00:00,1779657966.6662579,dcs_bios_raw,CANOPY_POS,45760,45582,-178,,,,,,,,,,no,no,unmapped_raw_key
P02,without_tutor,T01,8448,2026-05-24T21:26:06.708840+00:00,1779657966.7058399,dcs_bios_raw,CANOPY_POS,45582,45343,-239,,,,,,,,,,no,no,unmapped_raw_key
P02,without_tutor,T01,8449,2026-05-24T21:26:06.743909+00:00,1779657966.7393968,dcs_bios_raw,CANOPY_POS,45343,45105,-238,,,,,,,,,,no,no,unmapped_raw_key
P02,without_tutor,T01,8450,2026-05-24T21:26:06.780457+00:00,1779657966.7774575,dcs_bios_raw,RWR_LT_BRIGHT,52706,53672,966,,,,,,,,,,no,no,unmapped_raw_key
P02,without_tutor,T01,8450,2026-05-24T21:26:06.780457+00:00,1779657966.7774575,dcs_bios_raw,CANOPY_POS,45105,44926,-179,,,,,,,,,,no,no,unmapped_raw_key
P02,without_tutor,T01,8451,2026-05-24T21:26:06.815057+00:00,1779657966.8115387,dcs_bios_raw,CANOPY_POS,44926,44688,-238,,,,,,,,,,no,no,unmapped_raw_key
P02,without_tutor,T01,8452,2026-05-24T21:26:06.847584+00:00,1779657966.844579,dcs_bios_raw,CANOPY_POS,44688,44509,-179,,,,,,,,,,no,no,unmapped_raw_key
P02,without_tutor,T01,8453,2026-05-24T21:26:06.881118+00:00,1779657966.8781228,dcs_bios_raw,RWR_LT_BRIGHT,53672,52706,-966,,,,,,,,,,no,no,unmapped_raw_key
P02,without_tutor,T01,8453,2026-05-24T21:26:06.881118+00:00,1779657966.8781228,dcs_bios_raw,CANOPY_POS,44509,44271,-238,,,,,,,,,,no,no,unmapped_raw_key
P02,without_tutor,T01,8454,2026-05-24T21:26:06.913685+00:00,1779657966.9111736,dcs_bios_raw,CANOPY_POS,44271,44092,-179,,,,,,,,,,no,no,unmapped_raw_key
P02,without_tutor,T01,8455,2026-05-24T21:26:06.953769+00:00,1779657966.9512634,dcs_bios_raw,CANOPY_POS,44092,43913,-179,,,,,,,,,,no,no,unmapped_raw_key
P02,without_tutor,T01,8456,2026-05-24T21:26:07.019379+00:00,1779657967.0163784,dcs_bios_raw,CANOPY_POS,43913,43675,-238,,,,,,,,,,no,no,unmapped_raw_key
P02,without_tutor,T01,8457,2026-05-24T21:26:07.026878+00:00,1779657967.0228734,dcs_bios_raw,RWR_LT_BRIGHT,52706,53672,966,,,,,,,,,,no,no,unmapped_raw_key
P02,without_tutor,T01,8457,2026-05-24T21:26:07.026878+00:00,1779657967.0228734,dcs_bios_raw,CANOPY_POS,43675,43496,-179,,,,,,,,,,no,no,unmapped_raw_key
P02,without_tutor,T01,8458,2026-05-24T21:26:07.058426+00:00,1779657967.0554197,dcs_bios_raw,CANOPY_POS,43496,43198,-298,,,,,,,,,,no,no,unmapped_raw_key
P02,without_tutor,T01,8459,2026-05-24T21:26:07.101010+00:00,1779657967.0980039,dcs_bios_raw,CANOPY_POS,43198,43020,-178,,,,,,,,,,no,no,unmapped_raw_key
P02,without_tutor,T01,8460,2026-05-24T21:26:07.135079+00:00,1779657967.1315653,dcs_bios_raw,RWR_LT_BRIGHT,53672,52706,-966,,,,,,,,,,no,no,unmapped_raw_key
P02,without_tutor,T01,8460,2026-05-24T21:26:07.135079+00:00,1779657967.1315653,dcs_bios_raw,CANOPY_POS,43020,42781,-239,,,,,,,,,,no,no,unmapped_raw_key
P02,without_tutor,T01,8461,2026-05-24T21:26:07.167631+00:00,1779657967.1656315,dcs_bios_raw,CANOPY_POS,42781,42603,-178,,,,,,,,,,no,no,unmapped_raw_key
P02,without_tutor,T01,8462,2026-05-24T21:26:07.230273+00:00,1779657967.2272737,dcs_bios_raw,CANOPY_POS,42603,42364,-239,,,,,,,,,,no,no,unmapped_raw_key
P02,without_tutor,T01,8463,2026-05-24T21:26:07.263317+00:00,1779657967.259815,dcs_bios_raw,RWR_LT_BRIGHT,52706,53672,966,,,,,,,,,,no,no,unmapped_raw_key
P02,without_tutor,T01,8463,2026-05-24T21:26:07.263317+00:00,1779657967.259815,dcs_bios_raw,CANOPY_POS,42364,42007,-357,,,,,,,,,,no,no,unmapped_raw_key
P02,without_tutor,T01,8464,2026-05-24T21:26:07.306876+00:00,1779657967.3038716,dcs_bios_raw,CANOPY_POS,42007,41769,-238,,,,,,,,,,no,no,unmapped_raw_key
P02,without_tutor,T01,8465,2026-05-24T21:26:07.340408+00:00,1779657967.337408,dcs_bios_raw,CANOPY_POS,41769,41530,-239,,,,,,,,,,no,no,unmapped_raw_key
P02,without_tutor,T01,8466,2026-05-24T21:26:07.374498+00:00,1779657967.3709862,dcs_bios_raw,RWR_LT_BRIGHT,53672,52706,-966,,,,,,,,,,no,no,unmapped_raw_key
P02,without_tutor,T01,8466,2026-05-24T21:26:07.374498+00:00,1779657967.3709862,dcs_bios_raw,CANOPY_POS,41530,41352,-178,,,,,,,,,,no,no,unmapped_raw_key
P02,without_tutor,T01,8467,2026-05-24T21:26:07.414110+00:00,1779657967.4095912,dcs_bios_raw,CANOPY_POS,41352,41173,-179,,,,,,,,,,no,no,unmapped_raw_key
P02,without_tutor,T01,8468,2026-05-24T21:26:07.445678+00:00,1779657967.4431715,dcs_bios_raw,CANOPY_POS,41173,40935,-238,,,,,,,,,,no,no,unmapped_raw_key
P02,without_tutor,T01,8469,2026-05-24T21:26:07.483742+00:00,1779657967.4812386,dcs_bios_raw,RWR_LT_BRIGHT,52706,53672,966,,,,,,,,,,no,no,unmapped_raw_key
P02,without_tutor,T01,8469,2026-05-24T21:26:07.483742+00:00,1779657967.4812386,dcs_bios_raw,CANOPY_POS,40935,40756,-179,,,,,,,,,,no,no,unmapped_raw_key
P02,without_tutor,T01,8470,2026-05-24T21:26:07.519808+00:00,1779657967.5168064,dcs_bios_raw,CANOPY_POS,40756,40517,-239,,,,,,,,,,no,no,unmapped_raw_key
P02,without_tutor,T01,8471,2026-05-24T21:26:07.553874+00:00,1779657967.5503702,dcs_bios_raw,CANOPY_POS,40517,40279,-238,,,,,,,,,,no,no,unmapped_raw_key
P02,without_tutor,T01,8472,2026-05-24T21:26:07.591975+00:00,1779657967.589468,dcs_bios_raw,CANOPY_POS,40279,40100,-179,,,,,,,,,,no,no,unmapped_raw_key
P02,without_tutor,T01,8473,2026-05-24T21:26:07.625037+00:00,1779657967.621529,dcs_bios_raw,RWR_LT_BRIGHT,53672,52706,-966,,,,,,,,,,no,no,unmapped_raw_key
P02,without_tutor,T01,8473,2026-05-24T21:26:07.625037+00:00,1779657967.621529,dcs_bios_raw,CANOPY_POS,40100,39862,-238,,,,,,,,,,no,no,unmapped_raw_key
P02,without_tutor,T01,8474,2026-05-24T21:26:07.658594+00:00,1779657967.655587,dcs_bios_raw,CANOPY_POS,39862,39683,-179,,,,,,,,,,no,no,unmapped_raw_key
P02,without_tutor,T01,8475,2026-05-24T21:26:07.691678+00:00,1779657967.6891654,dcs_bios_raw,CANOPY_POS,39683,39445,-238,,,,,,,,,,no,no,unmapped_raw_key
P02,without_tutor,T01,8476,2026-05-24T21:26:07.725786+00:00,1779657967.722267,dcs_bios_raw,RWR_LT_BRIGHT,52706,53672,966,,,,,,,,,,no,no,unmapped_raw_key
P02,without_tutor,T01,8476,2026-05-24T21:26:07.725786+00:00,1779657967.722267,dcs_bios_raw,CANOPY_POS,39445,39266,-179,,,,,,,,,,no,no,unmapped_raw_key
P02,without_tutor,T01,8477,2026-05-24T21:26:07.758340+00:00,1779657967.7553396,dcs_bios_raw,CANOPY_POS,39266,39088,-178,,,,,,,,,,no,no,unmapped_raw_key
P02,without_tutor,T01,8478,2026-05-24T21:26:07.792900+00:00,1779657967.7888806,dcs_bios_raw,CANOPY_POS,39088,38849,-239,,,,,,,,,,no,no,unmapped_raw_key
P02,without_tutor,T01,8479,2026-05-24T21:26:07.830491+00:00,1779657967.8274903,dcs_bios_raw,CANOPY_POS,38849,38671,-178,,,,,,,,,,no,no,unmapped_raw_key
P02,without_tutor,T01,8480,2026-05-24T21:26:07.868543+00:00,1779657967.8665514,dcs_bios_raw,RWR_LT_BRIGHT,53672,52706,-966,,,,,,,,,,no,no,unmapped_raw_key
P02,without_tutor,T01,8480,2026-05-24T21:26:07.868543+00:00,1779657967.8665514,dcs_bios_raw,CANOPY_POS,38671,38432,-239,,,,,,,,,,no,no,unmapped_raw_key
P02,without_tutor,T01,8481,2026-05-24T21:26:07.903143+00:00,1779657967.9006321,dcs_bios_raw,CANOPY_POS,38432,38194,-238,,,,,,,,,,no,no,unmapped_raw_key
P02,without_tutor,T01,8482,2026-05-24T21:26:07.936722+00:00,1779657967.9337175,dcs_bios_raw,CANOPY_POS,38194,38015,-179,,,,,,,,,,no,no,unmapped_raw_key
P02,without_tutor,T01,8483,2026-05-24T21:26:07.969287+00:00,1779657967.967288,dcs_bios_raw,RWR_LT_BRIGHT,52706,53672,966,,,,,,,,,,no,no,unmapped_raw_key
P02,without_tutor,T01,8483,2026-05-24T21:26:07.969287+00:00,1779657967.967288,dcs_bios_raw,CANOPY_POS,38015,37777,-238,,,,,,,,,,no,no,unmapped_raw_key
P02,without_tutor,T01,8484,2026-05-24T21:26:08.008843+00:00,1779657968.0058362,dcs_bios_raw,CANOPY_POS,37777,37598,-179,,,,,,,,,,no,no,unmapped_raw_key
P02,without_tutor,T01,8485,2026-05-24T21:26:08.041375+00:00,1779657968.0393755,dcs_bios_raw,CANOPY_POS,37598,37360,-238,,,,,,,,,,no,no,unmapped_raw_key
P02,without_tutor,T01,8486,2026-05-24T21:26:08.080454+00:00,1779657968.0774543,dcs_bios_raw,RWR_LT_BRIGHT,53672,52706,-966,,,,,,,,,,no,no,unmapped_raw_key
P02,without_tutor,T01,8486,2026-05-24T21:26:08.080454+00:00,1779657968.0774543,dcs_bios_raw,CANOPY_POS,37360,37181,-179,,,,,,,,,,no,no,unmapped_raw_key
P02,without_tutor,T01,8487,2026-05-24T21:26:08.116086+00:00,1779657968.111558,dcs_bios_raw,CANOPY_POS,37181,36943,-238,,,,,,,,,,no,no,unmapped_raw_key
P02,without_tutor,T01,8488,2026-05-24T21:26:08.147649+00:00,1779657968.144647,dcs_bios_raw,CANOPY_POS,36943,36764,-179,,,,,,,,,,no,no,unmapped_raw_key
P02,without_tutor,T01,8489,2026-05-24T21:26:08.182215+00:00,1779657968.1782222,dcs_bios_raw,CANOPY_POS,36764,36526,-238,,,,,,,,,,no,no,unmapped_raw_key
P02,without_tutor,T01,8490,2026-05-24T21:26:08.220276+00:00,1779657968.217282,dcs_bios_raw,RWR_LT_BRIGHT,52706,53672,966,,,,,,,,,,no,no,unmapped_raw_key
P02,without_tutor,T01,8490,2026-05-24T21:26:08.220276+00:00,1779657968.217282,dcs_bios_raw,CANOPY_POS,36526,36347,-179,,,,,,,,,,no,no,unmapped_raw_key
P02,without_tutor,T01,8491,2026-05-24T21:26:08.258352+00:00,1779657968.256352,dcs_bios_raw,CANOPY_POS,36347,36109,-238,,,,,,,,,,no,no,unmapped_raw_key
P02,without_tutor,T01,8492,2026-05-24T21:26:08.291897+00:00,1779657968.2889037,dcs_bios_raw,CANOPY_POS,36109,35870,-239,,,,,,,,,,no,no,unmapped_raw_key
P02,without_tutor,T01,8493,2026-05-24T21:26:08.325496+00:00,1779657968.3234751,dcs_bios_raw,RWR_LT_BRIGHT,53672,52706,-966,,,,,,,,,,no,no,unmapped_raw_key
P02,without_tutor,T01,8493,2026-05-24T21:26:08.325496+00:00,1779657968.3234751,dcs_bios_raw,CANOPY_POS,35870,35692,-178,,,,,,,,,,no,no,unmapped_raw_key
P02,without_tutor,T01,8494,2026-05-24T21:26:08.359081+00:00,1779657968.3560746,dcs_bios_raw,CANOPY_POS,35692,35513,-179,,,,,,,,,,no,no,unmapped_raw_key
P02,without_tutor,T01,8495,2026-05-24T21:26:08.393684+00:00,1779657968.389658,dcs_bios_raw,CANOPY_POS,35513,35275,-238,,,,,,,,,,no,no,unmapped_raw_key
P02,without_tutor,T01,8496,2026-05-24T21:26:08.430227+00:00,1779657968.428235,dcs_bios_raw,CANOPY_POS,35275,35096,-179,,,,,,,,,,no,no,unmapped_raw_key
P02,without_tutor,T01,8497,2026-05-24T21:26:08.464273+00:00,1779657968.4617686,dcs_bios_raw,RWR_LT_BRIGHT,52706,53672,966,,,,,,,,,,no,no,unmapped_raw_key
P02,without_tutor,T01,8497,2026-05-24T21:26:08.464273+00:00,1779657968.4617686,dcs_bios_raw,CANOPY_POS,35096,34858,-238,,,,,,,,,,no,no,unmapped_raw_key
P02,without_tutor,T01,8498,2026-05-24T21:26:08.498835+00:00,1779657968.4948328,dcs_bios_raw,CANOPY_POS,34858,34679,-179,,,,,,,,,,no,no,unmapped_raw_key
P02,without_tutor,T01,8499,2026-05-24T21:26:08.531380+00:00,1779657968.528374,dcs_bios_raw,CANOPY_POS,34679,34441,-238,,,,,,,,,,no,no,unmapped_raw_key
P02,without_tutor,T01,8500,2026-05-24T21:26:08.564447+00:00,1779657968.56194,dcs_bios_raw,RWR_LT_BRIGHT,53672,52706,-966,,,,,,,,,,no,no,unmapped_raw_key
P02,without_tutor,T01,8500,2026-05-24T21:26:08.564447+00:00,1779657968.56194,dcs_bios_raw,CANOPY_POS,34441,34262,-179,,,,,,,,,,no,no,unmapped_raw_key
P02,without_tutor,T01,8501,2026-05-24T21:26:08.598034+00:00,1779657968.5950248,dcs_bios_raw,CANOPY_POS,34262,34083,-179,,,,,,,,,,no,no,unmapped_raw_key
P02,without_tutor,T01,8502,2026-05-24T21:26:08.630564+00:00,1779657968.628565,dcs_bios_raw,CANOPY_POS,34083,33845,-238,,,,,,,,,,no,no,unmapped_raw_key
P02,without_tutor,T01,8503,2026-05-24T21:26:08.669609+00:00,1779657968.6676028,dcs_bios_raw,CANOPY_POS,33845,33666,-179,,,,,,,,,,no,no,unmapped_raw_key
P02,without_tutor,T01,8504,2026-05-24T21:26:08.708682+00:00,1779657968.7056756,dcs_bios_raw,RWR_LT_BRIGHT,52706,53672,966,,,,,,,,,,no,no,unmapped_raw_key
P02,without_tutor,T01,8504,2026-05-24T21:26:08.708682+00:00,1779657968.7056756,dcs_bios_raw,CANOPY_POS,33666,33428,-238,,,,,,,,,,no,no,unmapped_raw_key
P02,without_tutor,T01,8505,2026-05-24T21:26:08.742236+00:00,1779657968.7402368,dcs_bios_raw,CANOPY_POS,33428,33189,-239,,,,,,,,,,no,no,unmapped_raw_key
P02,without_tutor,T01,8506,2026-05-24T21:26:08.775310+00:00,1779657968.7732959,dcs_bios_raw,CANOPY_POS,33189,33011,-178,,,,,,,,,,no,no,unmapped_raw_key
P02,without_tutor,T01,8507,2026-05-24T21:26:08.808894+00:00,1779657968.8058941,dcs_bios_raw,RWR_LT_BRIGHT,53672,52706,-966,,,,,,,,,,no,no,unmapped_raw_key
P02,without_tutor,T01,8507,2026-05-24T21:26:08.808894+00:00,1779657968.8058941,dcs_bios_raw,CANOPY_POS,33011,32832,-179,,,,,,,,,,no,no,unmapped_raw_key
P02,without_tutor,T01,8508,2026-05-24T21:26:08.841458+00:00,1779657968.8394582,dcs_bios_raw,CANOPY_POS,32832,32580,-252,,,,,,,,,,no,no,unmapped_raw_key
P02,without_tutor,T01,8509,2026-05-24T21:26:08.880516+00:00,1779657968.8785162,dcs_bios_raw,CANOPY_POS,32580,32350,-230,,,,,,,,,,no,no,unmapped_raw_key
P02,without_tutor,T01,8510,2026-05-24T21:26:08.914606+00:00,1779657968.9121006,dcs_bios_raw,RWR_LT_BRIGHT,52706,53672,966,,,,,,,,,,no,no,unmapped_raw_key
P02,without_tutor,T01,8510,2026-05-24T21:26:08.914606+00:00,1779657968.9121006,dcs_bios_raw,CANOPY_POS,32350,32004,-346,,,,,,,,,,no,no,unmapped_raw_key
P02,without_tutor,T01,8511,2026-05-24T21:26:08.954704+00:00,1779657968.9512005,dcs_bios_raw,CANOPY_POS,32004,31721,-283,,,,,,,,,,no,no,unmapped_raw_key
P02,without_tutor,T01,8512,2026-05-24T21:26:08.987282+00:00,1779657968.984273,dcs_bios_raw,CANOPY_POS,31721,31323,-398,,,,,,,,,,no,no,unmapped_raw_key
P02,without_tutor,T01,8513,2026-05-24T21:26:09.024856+00:00,1779657969.022854,dcs_bios_raw,CANOPY_POS,31323,30908,-415,,,,,,,,,,no,no,unmapped_raw_key
P02,without_tutor,T01,8514,2026-05-24T21:26:09.059425+00:00,1779657969.0564249,dcs_bios_raw,RWR_LT_BRIGHT,53672,52706,-966,,,,,,,,,,no,no,unmapped_raw_key
P02,without_tutor,T01,8514,2026-05-24T21:26:09.059425+00:00,1779657969.0564249,dcs_bios_raw,CANOPY_POS,30908,30589,-319,,,,,,,,,,no,no,unmapped_raw_key
P02,without_tutor,T01,8515,2026-05-24T21:26:09.092003+00:00,1779657969.090004,dcs_bios_raw,CANOPY_POS,30589,30155,-434,,,,,,,,,,no,no,unmapped_raw_key
P02,without_tutor,T01,8516,2026-05-24T21:26:09.132070+00:00,1779657969.1280768,dcs_bios_raw,CANOPY_POS,30155,29827,-328,,,,,,,,,,no,no,unmapped_raw_key
P02,without_tutor,T01,8517,2026-05-24T21:26:09.164146+00:00,1779657969.1616337,dcs_bios_raw,RWR_LT_BRIGHT,52706,53672,966,,,,,,,,,,no,no,unmapped_raw_key
P02,without_tutor,T01,8517,2026-05-24T21:26:09.164146+00:00,1779657969.1616337,dcs_bios_raw,CANOPY_POS,29827,29384,-443,,,,,,,,,,no,no,unmapped_raw_key
P02,without_tutor,T01,8518,2026-05-24T21:26:09.203221+00:00,1779657969.200711,dcs_bios_raw,CANOPY_POS,29384,29051,-333,,,,,,,,,,no,no,unmapped_raw_key
P02,without_tutor,T01,8519,2026-05-24T21:26:09.236773+00:00,1779657969.2337785,dcs_bios_raw,CANOPY_POS,29051,28604,-447,,,,,,,,,,no,no,unmapped_raw_key
P02,without_tutor,T01,8520,2026-05-24T21:26:09.274810+00:00,1779657969.2728074,dcs_bios_raw,CANOPY_POS,28604,28155,-449,,,,,,,,,,no,no,unmapped_raw_key
P02,without_tutor,T01,8521,2026-05-24T21:26:09.308874+00:00,1779657969.306884,dcs_bios_raw,RWR_LT_BRIGHT,53672,52706,-966,,,,,,,,,,no,no,unmapped_raw_key
P02,without_tutor,T01,8521,2026-05-24T21:26:09.308874+00:00,1779657969.306884,dcs_bios_raw,CANOPY_POS,28155,27818,-337,,,,,,,,,,no,no,unmapped_raw_key
P02,without_tutor,T01,8522,2026-05-24T21:26:09.342941+00:00,1779657969.3404315,dcs_bios_raw,CANOPY_POS,27818,27368,-450,,,,,,,,,,no,no,unmapped_raw_key
P02,without_tutor,T01,8523,2026-05-24T21:26:09.381536+00:00,1779657969.3785374,dcs_bios_raw,CANOPY_POS,27368,27030,-338,,,,,,,,,,no,no,unmapped_raw_key
P02,without_tutor,T01,8524,2026-05-24T21:26:09.415136+00:00,1779657969.4116127,dcs_bios_raw,RWR_LT_BRIGHT,52706,53672,966,,,,,,,,,,no,no,unmapped_raw_key
P02,without_tutor,T01,8524,2026-05-24T21:26:09.415136+00:00,1779657969.4116127,dcs_bios_raw,CANOPY_POS,27030,26579,-451,,,,,,,,,,no,no,unmapped_raw_key
P02,without_tutor,T01,8525,2026-05-24T21:26:09.453170+00:00,1779657969.4506757,dcs_bios_raw,CANOPY_POS,26579,26240,-339,,,,,,,,,,no,no,unmapped_raw_key
P02,without_tutor,T01,8526,2026-05-24T21:26:09.486712+00:00,1779657969.484711,dcs_bios_raw,CANOPY_POS,26240,25789,-451,,,,,,,,,,no,no,unmapped_raw_key
P02,without_tutor,T01,8527,2026-05-24T21:26:09.526299+00:00,1779657969.5232775,dcs_bios_raw,RWR_LT_BRIGHT,53672,52706,-966,,,,,,,,,,no,no,unmapped_raw_key
P02,without_tutor,T01,8527,2026-05-24T21:26:09.526299+00:00,1779657969.5232775,dcs_bios_raw,CANOPY_POS,25789,25337,-452,,,,,,,,,,no,no,unmapped_raw_key
P02,without_tutor,T01,8528,2026-05-24T21:26:09.559839+00:00,1779657969.556839,dcs_bios_raw,CANOPY_POS,25337,24998,-339,,,,,,,,,,no,no,unmapped_raw_key
P02,without_tutor,T01,8529,2026-05-24T21:26:09.592918+00:00,1779657969.590414,dcs_bios_raw,CANOPY_POS,24998,24546,-452,,,,,,,,,,no,no,unmapped_raw_key
P02,without_tutor,T01,8530,2026-05-24T21:26:09.632013+00:00,1779657969.6290069,dcs_bios_raw,CANOPY_POS,24546,24207,-339,,,,,,,,,,no,no,unmapped_raw_key
P02,without_tutor,T01,8531,2026-05-24T21:26:09.665085+00:00,1779657969.6615798,dcs_bios_raw,RWR_LT_BRIGHT,52706,53672,966,,,,,,,,,,no,no,unmapped_raw_key
P02,without_tutor,T01,8531,2026-05-24T21:26:09.665085+00:00,1779657969.6615798,dcs_bios_raw,CANOPY_POS,24207,23756,-451,,,,,,,,,,no,no,unmapped_raw_key
P02,without_tutor,T01,8532,2026-05-24T21:26:09.705180+00:00,1779657969.7016442,dcs_bios_raw,CANOPY_POS,23756,23417,-339,,,,,,,,,,no,no,unmapped_raw_key
P02,without_tutor,T01,8533,2026-05-24T21:26:09.736726+00:00,1779657969.7347245,dcs_bios_raw,CANOPY_POS,23417,22965,-452,,,,,,,,,,no,no,unmapped_raw_key
P02,without_tutor,T01,8534,2026-05-24T21:26:09.770284+00:00,1779657969.7682915,dcs_bios_raw,RWR_LT_BRIGHT,53672,52706,-966,,,,,,,,,,no,no,unmapped_raw_key
P02,without_tutor,T01,8534,2026-05-24T21:26:09.770284+00:00,1779657969.7682915,dcs_bios_raw,CANOPY_POS,22965,22513,-452,,,,,,,,,,no,no,unmapped_raw_key
P02,without_tutor,T01,8535,2026-05-24T21:26:09.803882+00:00,1779657969.8013694,dcs_bios_raw,CANOPY_POS,22513,22174,-339,,,,,,,,,,no,no,unmapped_raw_key
P02,without_tutor,T01,8536,2026-05-24T21:26:09.838460+00:00,1779657969.8344488,dcs_bios_raw,CANOPY_POS,22174,21835,-339,,,,,,,,,,no,no,unmapped_raw_key
P02,without_tutor,T01,8537,2026-05-24T21:26:09.875503+00:00,1779657969.873499,dcs_bios_raw,CANOPY_POS,21835,21383,-452,,,,,,,,,,no,no,unmapped_raw_key
P02,without_tutor,T01,8538,2026-05-24T21:26:09.908562+00:00,1779657969.9065552,dcs_bios_raw,RWR_LT_BRIGHT,52706,53672,966,,,,,,,,,,no,no,unmapped_raw_key
P02,without_tutor,T01,8538,2026-05-24T21:26:09.908562+00:00,1779657969.9065552,dcs_bios_raw,CANOPY_POS,21383,21044,-339,,,,,,,,,,no,no,unmapped_raw_key
P02,without_tutor,T01,8539,2026-05-24T21:26:09.943625+00:00,1779657969.9401152,dcs_bios_raw,CANOPY_POS,21044,20592,-452,,,,,,,,,,no,no,unmapped_raw_key
P02,without_tutor,T01,8540,2026-05-24T21:26:09.976212+00:00,1779657969.9731874,dcs_bios_raw,CANOPY_POS,20592,20253,-339,,,,,,,,,,no,no,unmapped_raw_key
P02,without_tutor,T01,8541,2026-05-24T21:26:10.010311+00:00,1779657970.006304,dcs_bios_raw,RWR_LT_BRIGHT,53672,52706,-966,,,,,,,,,,no,no,unmapped_raw_key
P02,without_tutor,T01,8541,2026-05-24T21:26:10.010311+00:00,1779657970.006304,dcs_bios_raw,CANOPY_POS,20253,19914,-339,,,,,,,,,,no,no,unmapped_raw_key
P02,without_tutor,T01,8542,2026-05-24T21:26:10.045390+00:00,1779657970.0398743,dcs_bios_raw,CANOPY_POS,19914,19462,-452,,,,,,,,,,no,no,unmapped_raw_key
P02,without_tutor,T01,8543,2026-05-24T21:26:10.076926+00:00,1779657970.072918,dcs_bios_raw,CANOPY_POS,19462,19123,-339,,,,,,,,,,no,no,unmapped_raw_key
P02,without_tutor,T01,8544,2026-05-24T21:26:10.109031+00:00,1779657970.1070316,dcs_bios_raw,CANOPY_POS,19123,18784,-339,,,,,,,,,,no,no,unmapped_raw_key
P02,without_tutor,T01,8545,2026-05-24T21:26:10.143099+00:00,1779657970.1395974,dcs_bios_raw,RWR_LT_BRIGHT,52706,53672,966,,,,,,,,,,no,no,unmapped_raw_key
P02,without_tutor,T01,8545,2026-05-24T21:26:10.143099+00:00,1779657970.1395974,dcs_bios_raw,CANOPY_POS,18784,18332,-452,,,,,,,,,,no,no,unmapped_raw_key
P02,without_tutor,T01,8546,2026-05-24T21:26:10.181669+00:00,1779657970.1786623,dcs_bios_raw,CANOPY_POS,18332,17993,-339,,,,,,,,,,no,no,unmapped_raw_key
P02,without_tutor,T01,8547,2026-05-24T21:26:10.220212+00:00,1779657970.21722,dcs_bios_raw,CANOPY_POS,17993,17541,-452,,,,,,,,,,no,no,unmapped_raw_key
P02,without_tutor,T01,8548,2026-05-24T21:26:10.260254+00:00,1779657970.2562616,dcs_bios_raw,RWR_LT_BRIGHT,53672,52706,-966,,,,,,,,,,no,no,unmapped_raw_key
P02,without_tutor,T01,8548,2026-05-24T21:26:10.260254+00:00,1779657970.2562616,dcs_bios_raw,CANOPY_POS,17541,17089,-452,,,,,,,,,,no,no,unmapped_raw_key
P02,without_tutor,T01,8549,2026-05-24T21:26:10.292819+00:00,1779657970.2898245,dcs_bios_raw,CANOPY_POS,17089,16637,-452,,,,,,,,,,no,no,unmapped_raw_key
P02,without_tutor,T01,8550,2026-05-24T21:26:10.326402+00:00,1779657970.3233829,dcs_bios_raw,CANOPY_POS,16637,16298,-339,,,,,,,,,,no,no,unmapped_raw_key
P02,without_tutor,T01,8551,2026-05-24T21:26:10.365493+00:00,1779657970.361969,dcs_bios_raw,RWR_LT_BRIGHT,52706,53672,966,,,,,,,,,,no,no,unmapped_raw_key
P02,without_tutor,T01,8551,2026-05-24T21:26:10.365493+00:00,1779657970.361969,dcs_bios_raw,CANOPY_POS,16298,15959,-339,,,,,,,,,,no,no,unmapped_raw_key
P02,without_tutor,T01,8552,2026-05-24T21:26:10.398525+00:00,1779657970.3960197,dcs_bios_raw,CANOPY_POS,15959,15507,-452,,,,,,,,,,no,no,unmapped_raw_key
P02,without_tutor,T01,8553,2026-05-24T21:26:10.432106+00:00,1779657970.4291062,dcs_bios_raw,CANOPY_POS,15507,15055,-452,,,,,,,,,,no,no,unmapped_raw_key
P02,without_tutor,T01,8554,2026-05-24T21:26:10.471196+00:00,1779657970.4681907,dcs_bios_raw,CANOPY_POS,15055,14716,-339,,,,,,,,,,no,no,unmapped_raw_key
P02,without_tutor,T01,8555,2026-05-24T21:26:10.503770+00:00,1779657970.5012672,dcs_bios_raw,RWR_LT_BRIGHT,53672,52706,-966,,,,,,,,,,no,no,unmapped_raw_key
P02,without_tutor,T01,8555,2026-05-24T21:26:10.503770+00:00,1779657970.5012672,dcs_bios_raw,CANOPY_POS,14716,14264,-452,,,,,,,,,,no,no,unmapped_raw_key
P02,without_tutor,T01,8556,2026-05-24T21:26:10.540339+00:00,1779657970.5353467,dcs_bios_raw,CANOPY_POS,14264,13925,-339,,,,,,,,,,no,no,unmapped_raw_key
P02,without_tutor,T01,8557,2026-05-24T21:26:10.571909+00:00,1779657970.568917,dcs_bios_raw,CANOPY_POS,13925,13473,-452,,,,,,,,,,no,no,unmapped_raw_key
P02,without_tutor,T01,8558,2026-05-24T21:26:10.605478+00:00,1779657970.6019597,dcs_bios_raw,RWR_LT_BRIGHT,52706,53672,966,,,,,,,,,,no,no,unmapped_raw_key
P02,without_tutor,T01,8558,2026-05-24T21:26:10.605478+00:00,1779657970.6019597,dcs_bios_raw,CANOPY_POS,13473,13135,-338,,,,,,,,,,no,no,unmapped_raw_key
P02,without_tutor,T01,8559,2026-05-24T21:26:10.638034+00:00,1779657970.6360273,dcs_bios_raw,CANOPY_POS,13135,12796,-339,,,,,,,,,,no,no,unmapped_raw_key
P02,without_tutor,T01,8560,2026-05-24T21:26:10.671573+00:00,1779657970.6685731,dcs_bios_raw,CANOPY_POS,12796,12344,-452,,,,,,,,,,no,no,unmapped_raw_key
P02,without_tutor,T01,8561,2026-05-24T21:26:10.711161+00:00,1779657970.707167,dcs_bios_raw,CANOPY_POS,12344,12005,-339,,,,,,,,,,no,no,unmapped_raw_key
P02,without_tutor,T01,8562,2026-05-24T21:26:10.744227+00:00,1779657970.7417114,dcs_bios_raw,RWR_LT_BRIGHT,53672,52706,-966,,,,,,,,,,no,no,unmapped_raw_key
P02,without_tutor,T01,8562,2026-05-24T21:26:10.744227+00:00,1779657970.7417114,dcs_bios_raw,CANOPY_POS,12005,11553,-452,,,,,,,,,,no,no,unmapped_raw_key
P02,without_tutor,T01,8563,2026-05-24T21:26:10.777809+00:00,1779657970.774798,dcs_bios_raw,CANOPY_POS,11553,11214,-339,,,,,,,,,,no,no,unmapped_raw_key
P02,without_tutor,T01,8564,2026-05-24T21:26:10.816397+00:00,1779657970.813381,dcs_bios_raw,CANOPY_POS,11214,10762,-452,,,,,,,,,,no,no,unmapped_raw_key
P02,without_tutor,T01,8565,2026-05-24T21:26:10.850943+00:00,1779657970.8469434,dcs_bios_raw,RWR_LT_BRIGHT,52706,53672,966,,,,,,,,,,no,no,unmapped_raw_key
P02,without_tutor,T01,8565,2026-05-24T21:26:10.850943+00:00,1779657970.8469434,dcs_bios_raw,CANOPY_POS,10762,10423,-339,,,,,,,,,,no,no,unmapped_raw_key
P02,without_tutor,T01,8566,2026-05-24T21:26:10.888006+00:00,1779657970.8850136,dcs_bios_raw,CANOPY_POS,10423,9971,-452,,,,,,,,,,no,no,unmapped_raw_key
P02,without_tutor,T01,8567,2026-05-24T21:26:10.921092+00:00,1779657970.9190936,dcs_bios_raw,CANOPY_POS,9971,9519,-452,,,,,,,,,,no,no,unmapped_raw_key
P02,without_tutor,T01,8568,2026-05-24T21:26:10.960191+00:00,1779657970.958191,dcs_bios_raw,RWR_LT_BRIGHT,53672,52706,-966,,,,,,,,,,no,no,unmapped_raw_key
P02,without_tutor,T01,8568,2026-05-24T21:26:10.960191+00:00,1779657970.958191,dcs_bios_raw,CANOPY_POS,9519,9180,-339,,,,,,,,,,no,no,unmapped_raw_key
P02,without_tutor,T01,8569,2026-05-24T21:26:10.994250+00:00,1779657970.9917457,dcs_bios_raw,CANOPY_POS,9180,8728,-452,,,,,,,,,,no,no,unmapped_raw_key
P02,without_tutor,T01,8570,2026-05-24T21:26:11.027299+00:00,1779657971.0242941,dcs_bios_raw,CANOPY_POS,8728,8389,-339,,,,,,,,,,no,no,unmapped_raw_key
P02,without_tutor,T01,8571,2026-05-24T21:26:11.066387+00:00,1779657971.0633762,dcs_bios_raw,CANOPY_POS,8389,7937,-452,,,,,,,,,,no,no,unmapped_raw_key
P02,without_tutor,T01,8572,2026-05-24T21:26:11.104961+00:00,1779657971.1014497,dcs_bios_raw,RWR_LT_BRIGHT,52706,53672,966,,,,,,,,,,no,no,unmapped_raw_key
P02,without_tutor,T01,8572,2026-05-24T21:26:11.104961+00:00,1779657971.1014497,dcs_bios_raw,CANOPY_POS,7937,7598,-339,,,,,,,,,,no,no,unmapped_raw_key
P02,without_tutor,T01,8573,2026-05-24T21:26:11.146054+00:00,1779657971.141535,dcs_bios_raw,CANOPY_POS,7598,7146,-452,,,,,,,,,,no,no,unmapped_raw_key
P02,without_tutor,T01,8574,2026-05-24T21:26:11.177611+00:00,1779657971.1746056,dcs_bios_raw,CANOPY_POS,7146,6694,-452,,,,,,,,,,no,no,unmapped_raw_key
P02,without_tutor,T01,8575,2026-05-24T21:26:11.211669+00:00,1779657971.2086697,dcs_bios_raw,RWR_LT_BRIGHT,53672,52706,-966,,,,,,,,,,no,no,unmapped_raw_key
P02,without_tutor,T01,8575,2026-05-24T21:26:11.211669+00:00,1779657971.2086697,dcs_bios_raw,CANOPY_POS,6694,6242,-452,,,,,,,,,,no,no,unmapped_raw_key
P02,without_tutor,T01,8576,2026-05-24T21:26:11.245715+00:00,1779657971.2412086,dcs_bios_raw,CANOPY_POS,6242,5903,-339,,,,,,,,,,no,no,unmapped_raw_key
P02,without_tutor,T01,8577,2026-05-24T21:26:11.281264+00:00,1779657971.2792718,dcs_bios_raw,CANOPY_POS,5903,5564,-339,,,,,,,,,,no,no,unmapped_raw_key
P02,without_tutor,T01,8578,2026-05-24T21:26:11.315829+00:00,1779657971.312807,dcs_bios_raw,RWR_LT_BRIGHT,52706,53672,966,,,,,,,,,,no,no,unmapped_raw_key
P02,without_tutor,T01,8578,2026-05-24T21:26:11.315829+00:00,1779657971.312807,dcs_bios_raw,CANOPY_POS,5564,5112,-452,,,,,,,,,,no,no,unmapped_raw_key
P02,without_tutor,T01,8579,2026-05-24T21:26:11.354886+00:00,1779657971.3513744,dcs_bios_raw,CANOPY_POS,5112,4773,-339,,,,,,,,,,no,no,unmapped_raw_key
P02,without_tutor,T01,8580,2026-05-24T21:26:11.393930+00:00,1779657971.3914242,dcs_bios_raw,CANOPY_POS,4773,4321,-452,,,,,,,,,,no,no,unmapped_raw_key
P02,without_tutor,T01,8581,2026-05-24T21:26:11.426015+00:00,1779657971.4240143,dcs_bios_raw,CANOPY_POS,4321,3869,-452,,,,,,,,,,no,no,unmapped_raw_key
P02,without_tutor,T01,8582,2026-05-24T21:26:11.460595+00:00,1779657971.4575953,dcs_bios_raw,RWR_LT_BRIGHT,53672,52706,-966,,,,,,,,,,no,no,unmapped_raw_key
P02,without_tutor,T01,8582,2026-05-24T21:26:11.460595+00:00,1779657971.4575953,dcs_bios_raw,CANOPY_POS,3869,3417,-452,,,,,,,,,,no,no,unmapped_raw_key
P02,without_tutor,T01,8583,2026-05-24T21:26:11.493663+00:00,1779657971.4911523,dcs_bios_raw,CANOPY_POS,3417,3078,-339,,,,,,,,,,no,no,unmapped_raw_key
P02,without_tutor,T01,8584,2026-05-24T21:26:11.527753+00:00,1779657971.5247502,dcs_bios_raw,CANOPY_POS,3078,2739,-339,,,,,,,,,,no,no,unmapped_raw_key
P02,without_tutor,T01,8585,2026-05-24T21:26:11.565841+00:00,1779657971.5638387,dcs_bios_raw,RWR_LT_BRIGHT,52706,53672,966,,,,,,,,,,no,no,unmapped_raw_key
P02,without_tutor,T01,8585,2026-05-24T21:26:11.565841+00:00,1779657971.5638387,dcs_bios_raw,CANOPY_POS,2739,2287,-452,,,,,,,,,,no,no,unmapped_raw_key
P02,without_tutor,T01,8586,2026-05-24T21:26:11.599901+00:00,1779657971.597396,dcs_bios_raw,CANOPY_POS,2287,1948,-339,,,,,,,,,,no,no,unmapped_raw_key
P02,without_tutor,T01,8587,2026-05-24T21:26:11.639986+00:00,1779657971.63598,dcs_bios_raw,CANOPY_POS,1948,1496,-452,,,,,,,,,,no,no,unmapped_raw_key
P02,without_tutor,T01,8588,2026-05-24T21:26:11.678062+00:00,1779657971.6750507,dcs_bios_raw,CANOPY_POS,1496,1044,-452,,,,,,,,,,no,no,unmapped_raw_key
P02,without_tutor,T01,8589,2026-05-24T21:26:11.711120+00:00,1779657971.7081192,dcs_bios_raw,RWR_LT_BRIGHT,53672,52706,-966,,,,,,,,,,no,no,unmapped_raw_key
P02,without_tutor,T01,8589,2026-05-24T21:26:11.711120+00:00,1779657971.7081192,dcs_bios_raw,CANOPY_POS,1044,592,-452,,,,,,,,,,no,no,unmapped_raw_key
P02,without_tutor,T01,8590,2026-05-24T21:26:11.745220+00:00,1779657971.7417028,dcs_bios_raw,CANOPY_POS,592,253,-339,,,,,,,,,,no,no,unmapped_raw_key
P02,without_tutor,T01,8591,2026-05-24T21:26:11.781758+00:00,1779657971.7797518,dcs_bios_raw,CANOPY_POS,253,0,-253,,,,,,,,,,no,no,unmapped_raw_key
P02,without_tutor,T01,8592,2026-05-24T21:26:11.816342+00:00,1779657971.8133345,dcs_bios_raw,RWR_LT_BRIGHT,52706,53672,966,,,,,,,,,,no,no,unmapped_raw_key
P02,without_tutor,T01,8592,2026-05-24T21:26:11.816342+00:00,1779657971.8133345,dcs_bios_raw,CANOPY_SW,0,1,1,,,,,,,,,,no,no,unmapped_raw_key
P02,without_tutor,T01,8593,2026-05-24T21:26:11.922041+00:00,1779657971.9190419,dcs_bios_raw,RWR_LT_BRIGHT,53672,52706,-966,,,,,,,,,,no,no,unmapped_raw_key
P02,without_tutor,T01,8593,2026-05-24T21:26:11.922041+00:00,1779657971.9190419,dcs_bios_raw,PRESSURE_ALT,239,238,-1,,,,,,,,,,no,no,unmapped_raw_key
P02,without_tutor,T01,8594,2026-05-24T21:26:11.956118+00:00,1779657971.953103,dcs_bios_raw,PRESSURE_ALT,238,236,-2,,,,,,,,,,no,no,unmapped_raw_key
P02,without_tutor,T01,8595,2026-05-24T21:26:11.994206+00:00,1779657971.9916935,dcs_bios_raw,PRESSURE_ALT,236,235,-1,,,,,,,,,,no,no,unmapped_raw_key
P02,without_tutor,T01,8596,2026-05-24T21:26:12.032800+00:00,1779657972.0292904,dcs_bios_raw,PRESSURE_ALT,235,232,-3,,,,,,,,,,no,no,unmapped_raw_key
P02,without_tutor,T01,8597,2026-05-24T21:26:12.066393+00:00,1779657972.0633764,dcs_bios_raw,RWR_LT_BRIGHT,52706,53672,966,,,,,,,,,,no,no,unmapped_raw_key
P02,without_tutor,T01,8597,2026-05-24T21:26:12.066393+00:00,1779657972.0633764,dcs_bios_raw,PRESSURE_ALT,232,230,-2,,,,,,,,,,no,no,unmapped_raw_key
P02,without_tutor,T01,8598,2026-05-24T21:26:12.099484+00:00,1779657972.096967,dcs_bios_raw,PRESSURE_ALT,230,227,-3,,,,,,,,,,no,no,unmapped_raw_key
P02,without_tutor,T01,8599,2026-05-24T21:26:12.139598+00:00,1779657972.1356056,dcs_bios_raw,PRESSURE_ALT,227,224,-3,,,,,,,,,,no,no,unmapped_raw_key
P02,without_tutor,T01,8600,2026-05-24T21:26:12.177654+00:00,1779657972.1746514,dcs_bios_raw,RWR_LT_BRIGHT,53672,52706,-966,,,,,,,,,,no,no,unmapped_raw_key
P02,without_tutor,T01,8600,2026-05-24T21:26:12.177654+00:00,1779657972.1746514,dcs_bios_raw,PRESSURE_ALT,224,220,-4,,,,,,,,,,no,no,unmapped_raw_key
P02,without_tutor,T01,8601,2026-05-24T21:26:12.217199+00:00,1779657972.2141979,dcs_bios_raw,PRESSURE_ALT,220,217,-3,,,,,,,,,,no,no,unmapped_raw_key
P02,without_tutor,T01,8602,2026-05-24T21:26:12.249731+00:00,1779657972.2467306,dcs_bios_raw,PRESSURE_ALT,217,213,-4,,,,,,,,,,no,no,unmapped_raw_key
P02,without_tutor,T01,8603,2026-05-24T21:26:12.282274+00:00,1779657972.279274,dcs_bios_raw,RWR_LT_BRIGHT,52706,53672,966,,,,,,,,,,no,no,unmapped_raw_key
P02,without_tutor,T01,8603,2026-05-24T21:26:12.282274+00:00,1779657972.279274,dcs_bios_raw,PRESSURE_ALT,213,209,-4,,,,,,,,,,no,no,unmapped_raw_key
P02,without_tutor,T01,8604,2026-05-24T21:26:12.316857+00:00,1779657972.313835,dcs_bios_raw,PRESSURE_ALT,209,205,-4,,,,,,,,,,no,no,unmapped_raw_key
P02,without_tutor,T01,8605,2026-05-24T21:26:12.350411+00:00,1779657972.346412,dcs_bios_raw,PRESSURE_ALT,205,202,-3,,,,,,,,,,no,no,unmapped_raw_key
P02,without_tutor,T01,8606,2026-05-24T21:26:12.388510+00:00,1779657972.3855033,dcs_bios_raw,PRESSURE_ALT,202,198,-4,,,,,,,,,,no,no,unmapped_raw_key
P02,without_tutor,T01,8607,2026-05-24T21:26:12.421570+00:00,1779657972.419577,dcs_bios_raw,RWR_LT_BRIGHT,53672,52706,-966,,,,,,,,,,no,no,unmapped_raw_key
P02,without_tutor,T01,8607,2026-05-24T21:26:12.421570+00:00,1779657972.419577,dcs_bios_raw,PRESSURE_ALT,198,193,-5,,,,,,,,,,no,no,unmapped_raw_key
P02,without_tutor,T01,8608,2026-05-24T21:26:12.461618+00:00,1779657972.4576187,dcs_bios_raw,PRESSURE_ALT,193,190,-3,,,,,,,,,,no,no,unmapped_raw_key
P02,without_tutor,T01,8609,2026-05-24T21:26:12.495706+00:00,1779657972.4911878,dcs_bios_raw,PRESSURE_ALT,190,185,-5,,,,,,,,,,no,no,unmapped_raw_key
P02,without_tutor,T01,8610,2026-05-24T21:26:12.531783+00:00,1779657972.5297906,dcs_bios_raw,RWR_LT_BRIGHT,52706,53672,966,,,,,,,,,,no,no,unmapped_raw_key
P02,without_tutor,T01,8610,2026-05-24T21:26:12.531783+00:00,1779657972.5297906,dcs_bios_raw,PRESSURE_ALT,185,181,-4,,,,,,,,,,no,no,unmapped_raw_key
P02,without_tutor,T01,8611,2026-05-24T21:26:12.565838+00:00,1779657972.5633328,dcs_bios_raw,PRESSURE_ALT,181,176,-5,,,,,,,,,,no,no,unmapped_raw_key
P02,without_tutor,T01,8612,2026-05-24T21:26:12.604401+00:00,1779657972.6018975,dcs_bios_raw,PRESSURE_ALT,176,172,-4,,,,,,,,,,no,no,unmapped_raw_key
P02,without_tutor,T01,8613,2026-05-24T21:26:12.638927+00:00,1779657972.6359258,dcs_bios_raw,RWR_LT_BRIGHT,53672,52706,-966,,,,,,,,,,no,no,unmapped_raw_key
P02,without_tutor,T01,8613,2026-05-24T21:26:12.638927+00:00,1779657972.6359258,dcs_bios_raw,PRESSURE_ALT,172,168,-4,,,,,,,,,,no,no,unmapped_raw_key
P02,without_tutor,T01,8614,2026-05-24T21:26:12.676967+00:00,1779657972.673963,dcs_bios_raw,PRESSURE_ALT,168,164,-4,,,,,,,,,,no,no,unmapped_raw_key
P02,without_tutor,T01,8615,2026-05-24T21:26:12.711045+00:00,1779657972.7080448,dcs_bios_raw,PRESSURE_ALT,164,159,-5,,,,,,,,,,no,no,unmapped_raw_key
P02,without_tutor,T01,8616,2026-05-24T21:26:12.744143+00:00,1779657972.7416215,dcs_bios_raw,PRESSURE_ALT,159,155,-4,,,,,,,,,,no,no,unmapped_raw_key
P02,without_tutor,T01,8617,2026-05-24T21:26:12.783160+00:00,1779657972.779659,dcs_bios_raw,RWR_LT_BRIGHT,52706,53672,966,,,,,,,,,,no,no,unmapped_raw_key
P02,without_tutor,T01,8617,2026-05-24T21:26:12.783160+00:00,1779657972.779659,dcs_bios_raw,PRESSURE_ALT,155,151,-4,,,,,,,,,,no,no,unmapped_raw_key
P02,without_tutor,T01,8618,2026-05-24T21:26:12.816233+00:00,1779657972.8132126,dcs_bios_raw,PRESSURE_ALT,151,146,-5,,,,,,,,,,no,no,unmapped_raw_key
P02,without_tutor,T01,8619,2026-05-24T21:26:12.855291+00:00,1779657972.8517737,dcs_bios_raw,PRESSURE_ALT,146,142,-4,,,,,,,,,,no,no,unmapped_raw_key
P02,without_tutor,T01,8620,2026-05-24T21:26:12.893336+00:00,1779657972.8908415,dcs_bios_raw,RWR_LT_BRIGHT,53672,52706,-966,,,,,,,,,,no,no,unmapped_raw_key
P02,without_tutor,T01,8620,2026-05-24T21:26:12.893336+00:00,1779657972.8908415,dcs_bios_raw,PRESSURE_ALT,142,137,-5,,,,,,,,,,no,no,unmapped_raw_key
P02,without_tutor,T01,8621,2026-05-24T21:26:12.927405+00:00,1779657972.9243963,dcs_bios_raw,PRESSURE_ALT,137,132,-5,,,,,,,,,,no,no,unmapped_raw_key
P02,without_tutor,T01,8622,2026-05-24T21:26:12.960946+00:00,1779657972.957939,dcs_bios_raw,PRESSURE_ALT,132,128,-4,,,,,,,,,,no,no,unmapped_raw_key
P02,without_tutor,T01,8623,2026-05-24T21:26:12.994009+00:00,1779657972.991494,dcs_bios_raw,RWR_LT_BRIGHT,52706,53675,969,,,,,,,,,,no,no,unmapped_raw_key
P02,without_tutor,T01,8623,2026-05-24T21:26:12.994009+00:00,1779657972.991494,dcs_bios_raw,PRESSURE_ALT,128,124,-4,,,,,,,,,,no,no,unmapped_raw_key
P02,without_tutor,T01,8624,2026-05-24T21:26:13.028061+00:00,1779657973.0250585,dcs_bios_raw,PRESSURE_ALT,124,120,-4,,,,,,,,,,no,no,unmapped_raw_key
P02,without_tutor,T01,8625,2026-05-24T21:26:13.067111+00:00,1779657973.063094,dcs_bios_raw,PRESSURE_ALT,120,116,-4,,,,,,,,,,no,no,unmapped_raw_key
P02,without_tutor,T01,8626,2026-05-24T21:26:13.099694+00:00,1779657973.0967011,dcs_bios_raw,PRESSURE_ALT,116,111,-5,,,,,,,,,,no,no,unmapped_raw_key
P02,without_tutor,T01,8627,2026-05-24T21:26:13.140279+00:00,1779657973.1352866,dcs_bios_raw,RWR_LT_BRIGHT,53675,52706,-969,,,,,,,,,,no,no,unmapped_raw_key
P02,without_tutor,T01,8627,2026-05-24T21:26:13.140279+00:00,1779657973.1352866,dcs_bios_raw,PRESSURE_ALT,111,107,-4,,,,,,,,,,no,no,unmapped_raw_key
P02,without_tutor,T01,8628,2026-05-24T21:26:13.178352+00:00,1779657973.17435,dcs_bios_raw,PRESSURE_ALT,107,102,-5,,,,,,,,,,no,no,unmapped_raw_key
P02,without_tutor,T01,8629,2026-05-24T21:26:13.211446+00:00,1779657973.2084394,dcs_bios_raw,PRESSURE_ALT,102,97,-5,,,,,,,,,,no,no,unmapped_raw_key
P02,without_tutor,T01,8630,2026-05-24T21:26:13.245502+00:00,1779657973.241002,dcs_bios_raw,RWR_LT_BRIGHT,52706,53676,970,,,,,,,,,,no,no,unmapped_raw_key
P02,without_tutor,T01,8630,2026-05-24T21:26:13.245502+00:00,1779657973.241002,dcs_bios_raw,PRESSURE_ALT,97,93,-4,,,,,,,,,,no,no,unmapped_raw_key
P02,without_tutor,T01,8631,2026-05-24T21:26:13.283036+00:00,1779657973.2800338,dcs_bios_raw,PRESSURE_ALT,93,89,-4,,,,,,,,,,no,no,unmapped_raw_key
P02,without_tutor,T01,8632,2026-05-24T21:26:13.316669+00:00,1779657973.3136485,dcs_bios_raw,PRESSURE_ALT,89,84,-5,,,,,,,,,,no,no,unmapped_raw_key
P02,without_tutor,T01,8633,2026-05-24T21:26:13.351244+00:00,1779657973.3472385,dcs_bios_raw,PRESSURE_ALT,84,80,-4,,,,,,,,,,no,no,unmapped_raw_key
P02,without_tutor,T01,8634,2026-05-24T21:26:13.389317+00:00,1779657973.3853247,dcs_bios_raw,RWR_LT_BRIGHT,53676,52706,-970,,,,,,,,,,no,no,unmapped_raw_key
P02,without_tutor,T01,8634,2026-05-24T21:26:13.389317+00:00,1779657973.3853247,dcs_bios_raw,PRESSURE_ALT,80,76,-4,,,,,,,,,,no,no,unmapped_raw_key
P02,without_tutor,T01,8635,2026-05-24T21:26:13.421880+00:00,1779657973.4188805,dcs_bios_raw,PRESSURE_ALT,76,71,-5,,,,,,,,,,no,no,unmapped_raw_key
P02,without_tutor,T01,8636,2026-05-24T21:26:13.459919+00:00,1779657973.456926,dcs_bios_raw,PRESSURE_ALT,71,67,-4,,,,,,,,,,no,no,unmapped_raw_key
P02,without_tutor,T01,8637,2026-05-24T21:26:13.493954+00:00,1779657973.4914522,dcs_bios_raw,RWR_LT_BRIGHT,52706,53676,970,,,,,,,,,,no,no,unmapped_raw_key
P02,without_tutor,T01,8637,2026-05-24T21:26:13.493954+00:00,1779657973.4914522,dcs_bios_raw,PRESSURE_ALT,67,62,-5,,,,,,,,,,no,no,unmapped_raw_key
P02,without_tutor,T01,8638,2026-05-24T21:26:13.533043+00:00,1779657973.530539,dcs_bios_raw,PRESSURE_ALT,62,58,-4,,,,,,,,,,no,no,unmapped_raw_key
P02,without_tutor,T01,8639,2026-05-24T21:26:13.566640+00:00,1779657973.56362,dcs_bios_raw,PRESSURE_ALT,58,53,-5,,,,,,,,,,no,no,unmapped_raw_key
P02,without_tutor,T01,8640,2026-05-24T21:26:13.599197+00:00,1779657973.5972044,dcs_bios_raw,RWR_LT_BRIGHT,53676,52706,-970,,,,,,,,,,no,no,unmapped_raw_key
P02,without_tutor,T01,8640,2026-05-24T21:26:13.599197+00:00,1779657973.5972044,dcs_bios_raw,PRESSURE_ALT,53,49,-4,,,,,,,,,,no,no,unmapped_raw_key
P02,without_tutor,T01,8641,2026-05-24T21:26:13.638804+00:00,1779657973.635797,dcs_bios_raw,PRESSURE_ALT,49,45,-4,,,,,,,,,,no,no,unmapped_raw_key
P02,without_tutor,T01,8642,2026-05-24T21:26:13.672370+00:00,1779657973.6693645,dcs_bios_raw,PRESSURE_ALT,45,40,-5,,,,,,,,,,no,no,unmapped_raw_key
P02,without_tutor,T01,8643,2026-05-24T21:26:13.710969+00:00,1779657973.7079625,dcs_bios_raw,PRESSURE_ALT,40,36,-4,,,,,,,,,,no,no,unmapped_raw_key
P02,without_tutor,T01,8644,2026-05-24T21:26:13.743029+00:00,1779657973.7405248,dcs_bios_raw,RWR_LT_BRIGHT,52706,53676,970,,,,,,,,,,no,no,unmapped_raw_key
P02,without_tutor,T01,8644,2026-05-24T21:26:13.743029+00:00,1779657973.7405248,dcs_bios_raw,PRESSURE_ALT,36,31,-5,,,,,,,,,,no,no,unmapped_raw_key
P02,without_tutor,T01,8645,2026-05-24T21:26:13.781581+00:00,1779657973.7795815,dcs_bios_raw,PRESSURE_ALT,31,27,-4,,,,,,,,,,no,no,unmapped_raw_key
P02,without_tutor,T01,8646,2026-05-24T21:26:13.816671+00:00,1779657973.81365,dcs_bios_raw,PRESSURE_ALT,27,22,-5,,,,,,,,,,no,no,unmapped_raw_key
P02,without_tutor,T01,8647,2026-05-24T21:26:13.849235+00:00,1779657973.846235,dcs_bios_raw,RWR_LT_BRIGHT,53676,52706,-970,,,,,,,,,,no,no,unmapped_raw_key
P02,without_tutor,T01,8647,2026-05-24T21:26:13.849235+00:00,1779657973.846235,dcs_bios_raw,PRESSURE_ALT,22,19,-3,,,,,,,,,,no,no,unmapped_raw_key
P02,without_tutor,T01,8648,2026-05-24T21:26:13.888323+00:00,1779657973.8863235,dcs_bios_raw,PRESSURE_ALT,19,16,-3,,,,,,,,,,no,no,unmapped_raw_key
P02,without_tutor,T01,8649,2026-05-24T21:26:13.926375+00:00,1779657973.924373,dcs_bios_raw,PRESSURE_ALT,16,13,-3,,,,,,,,,,no,no,unmapped_raw_key
P02,without_tutor,T01,8650,2026-05-24T21:26:13.960933+00:00,1779657973.9579406,dcs_bios_raw,RWR_LT_BRIGHT,52706,53676,970,,,,,,,,,,no,no,unmapped_raw_key
P02,without_tutor,T01,8650,2026-05-24T21:26:13.960933+00:00,1779657973.9579406,dcs_bios_raw,PRESSURE_ALT,13,11,-2,,,,,,,,,,no,no,unmapped_raw_key
P02,without_tutor,T01,8651,2026-05-24T21:26:13.994023+00:00,1779657973.9915123,dcs_bios_raw,PRESSURE_ALT,11,9,-2,,,,,,,,,,no,no,unmapped_raw_key
P02,without_tutor,T01,8652,2026-05-24T21:26:14.033075+00:00,1779657974.0305653,dcs_bios_raw,PRESSURE_ALT,9,8,-1,,,,,,,,,,no,no,unmapped_raw_key
P02,without_tutor,T01,8653,2026-05-24T21:26:14.065628+00:00,1779657974.0636241,dcs_bios_raw,PRESSURE_ALT,8,7,-1,,,,,,,,,,no,no,unmapped_raw_key
P02,without_tutor,T01,8654,2026-05-24T21:26:14.104714+00:00,1779657974.1022022,dcs_bios_raw,RWR_LT_BRIGHT,53676,52706,-970,,,,,,,,,,no,no,unmapped_raw_key
P02,without_tutor,T01,8654,2026-05-24T21:26:14.104714+00:00,1779657974.1022022,dcs_bios_raw,PRESSURE_ALT,7,6,-1,,,,,,,,,,no,no,unmapped_raw_key
P02,without_tutor,T01,8655,2026-05-24T21:26:14.143784+00:00,1779657974.1412814,dcs_bios_raw,PRESSURE_ALT,6,4,-2,,,,,,,,,,no,no,unmapped_raw_key
P02,without_tutor,T01,8656,2026-05-24T21:26:14.177362+00:00,1779657974.1743503,dcs_bios_raw,PRESSURE_ALT,4,0,-4,,,,,,,,,,no,no,unmapped_raw_key
P02,without_tutor,T01,8657,2026-05-24T21:26:14.210929+00:00,1779657974.2079206,dcs_bios_raw,RWR_LT_BRIGHT,52706,53676,970,,,,,,,,,,no,no,unmapped_raw_key
P02,without_tutor,T01,8658,2026-05-24T21:26:14.316124+00:00,1779657974.313104,dcs_bios_raw,RWR_LT_BRIGHT,53676,52706,-970,,,,,,,,,,no,no,unmapped_raw_key
P02,without_tutor,T01,8659,2026-05-24T21:26:14.460381+00:00,1779657974.4573884,dcs_bios_raw,RWR_LT_BRIGHT,52706,53676,970,,,,,,,,,,no,no,unmapped_raw_key
P02,without_tutor,T01,8660,2026-05-24T21:26:14.566059+00:00,1779657974.5630548,dcs_bios_raw,RWR_LT_BRIGHT,53676,52706,-970,,,,,,,,,,no,no,unmapped_raw_key
P02,without_tutor,T01,8661,2026-05-24T21:26:14.604624+00:00,1779657974.6016169,dcs_bios_raw,SELECT_HUD_LDDI_RDDI,,2,2,,,,,,,,,,no,no,unmapped_raw_key
P02,without_tutor,T01,8662,2026-05-24T21:26:14.677248+00:00,1779657974.6742387,dcs_bios_raw,RWR_LT_BRIGHT,52706,53676,970,,,,,,,,,,no,no,unmapped_raw_key
P02,without_tutor,T01,8663,2026-05-24T21:26:14.818066+00:00,1779657974.814046,dcs_bios_raw,RWR_LT_BRIGHT,53676,52706,-970,,,,,,,,,,no,no,unmapped_raw_key
P02,without_tutor,T01,8664,2026-05-24T21:26:14.926742+00:00,1779657974.9237375,dcs_bios_raw,RWR_LT_BRIGHT,52706,53676,970,,,,,,,,,,no,no,unmapped_raw_key
P02,without_tutor,T01,8666,2026-05-24T21:26:15.068035+00:00,1779657975.063022,dcs_bios_raw,RWR_LT_BRIGHT,53676,52706,-970,,,,,,,,,,no,no,unmapped_raw_key
P02,without_tutor,T01,8667,2026-05-24T21:26:15.171730+00:00,1779657975.1687384,dcs_bios_raw,RWR_LT_BRIGHT,52706,53676,970,,,,,,,,,,no,no,unmapped_raw_key
P02,without_tutor,T01,8668,2026-05-24T21:26:15.281871+00:00,1779657975.2798786,dcs_bios_raw,RWR_LT_BRIGHT,53676,52706,-970,,,,,,,,,,no,no,unmapped_raw_key
P02,without_tutor,T01,8669,2026-05-24T21:26:15.421143+00:00,1779657975.4181504,dcs_bios_raw,RWR_LT_BRIGHT,52706,53676,970,,,,,,,,,,no,no,unmapped_raw_key
P02,without_tutor,T01,8670,2026-05-24T21:26:15.521853+00:00,1779657975.5198534,dcs_bios_raw,RWR_LT_BRIGHT,53676,52706,-970,,,,,,,,,,no,no,unmapped_raw_key
P02,without_tutor,T01,8671,2026-05-24T21:26:15.654616+00:00,1779657975.6521187,dcs_bios_raw,RWR_LT_BRIGHT,52706,53676,970,,,,,,,,,,no,no,unmapped_raw_key
P02,without_tutor,T01,8672,2026-05-24T21:26:15.765816+00:00,1779657975.7633083,dcs_bios_raw,RWR_LT_BRIGHT,53676,52706,-970,,,,,,,,,,no,no,unmapped_raw_key
P02,without_tutor,T01,8673,2026-05-24T21:26:15.807380+00:00,1779657975.8023524,dcs_bios_raw,SELECT_HUD_LDDI_RDDI,2,1,-1,,,,,,,,,,no,no,unmapped_raw_key
P02,without_tutor,T01,8674,2026-05-24T21:26:15.905523+00:00,1779657975.9020169,dcs_bios_raw,RWR_LT_BRIGHT,52706,53676,970,,,,,,,,,,no,no,unmapped_raw_key
P02,without_tutor,T01,8676,2026-05-24T21:26:16.011721+00:00,1779657976.0087285,dcs_bios_raw,RWR_LT_BRIGHT,53676,52706,-970,,,,,,,,,,no,no,unmapped_raw_key
P02,without_tutor,T01,8677,2026-05-24T21:26:16.121945+00:00,1779657976.1189451,dcs_bios_raw,RWR_LT_BRIGHT,52706,53676,970,,,,,,,,,,no,no,unmapped_raw_key
P02,without_tutor,T01,8678,2026-05-24T21:26:16.261676+00:00,1779657976.257676,dcs_bios_raw,RWR_LT_BRIGHT,53676,52706,-970,,,,,,,,,,no,no,unmapped_raw_key
P02,without_tutor,T01,8679,2026-05-24T21:26:16.371893+00:00,1779657976.368894,dcs_bios_raw,RWR_LT_BRIGHT,52706,53676,970,,,,,,,,,,no,no,unmapped_raw_key
P02,without_tutor,T01,8680,2026-05-24T21:26:16.515733+00:00,1779657976.5137188,dcs_bios_raw,RWR_LT_BRIGHT,53676,52706,-970,,,,,,,,,,no,no,unmapped_raw_key
P02,without_tutor,T01,8681,2026-05-24T21:26:16.621475+00:00,1779657976.619476,dcs_bios_raw,RWR_LT_BRIGHT,52706,53676,970,,,,,,,,,,no,no,unmapped_raw_key
P02,without_tutor,T01,8682,2026-05-24T21:26:16.726714+00:00,1779657976.724702,dcs_bios_raw,RWR_LT_BRIGHT,53676,52706,-970,,,,,,,,,,no,no,unmapped_raw_key
P02,without_tutor,T01,8683,2026-05-24T21:26:16.871494+00:00,1779657976.8684928,dcs_bios_raw,RWR_LT_BRIGHT,52706,53676,970,,,,,,,,,,no,no,unmapped_raw_key
P02,without_tutor,T01,8684,2026-05-24T21:26:16.983195+00:00,1779657976.979691,dcs_bios_raw,RWR_LT_BRIGHT,53676,52706,-970,,,,,,,,,,no,no,unmapped_raw_key
P02,without_tutor,T01,8685,2026-05-24T21:26:17.082915+00:00,1779657977.080406,dcs_bios_raw,RWR_LT_BRIGHT,52706,53676,970,,,,,,,,,,no,no,unmapped_raw_key
P02,without_tutor,T01,8686,2026-05-24T21:26:17.224266+00:00,1779657977.220749,dcs_bios_raw,RWR_LT_BRIGHT,53676,52706,-970,,,,,,,,,,no,no,unmapped_raw_key
P02,without_tutor,T01,8687,2026-05-24T21:26:17.327951+00:00,1779657977.3259513,dcs_bios_raw,RWR_LT_BRIGHT,52706,53676,970,,,,,,,,,,no,no,unmapped_raw_key
P02,without_tutor,T01,8688,2026-05-24T21:26:17.434172+00:00,1779657977.4306483,dcs_bios_raw,RWR_LT_BRIGHT,53676,52706,-970,,,,,,,,,,no,no,unmapped_raw_key
P02,without_tutor,T01,8689,2026-05-24T21:26:17.583482+00:00,1779657977.5809798,dcs_bios_raw,RWR_LT_BRIGHT,52706,53676,970,,,,,,,,,,no,no,unmapped_raw_key
P02,without_tutor,T01,8690,2026-05-24T21:26:17.689217+00:00,1779657977.686209,dcs_bios_raw,RWR_LT_BRIGHT,53676,52706,-970,,,,,,,,,,no,no,unmapped_raw_key
P02,without_tutor,T01,8691,2026-05-24T21:26:17.833003+00:00,1779657977.8305018,dcs_bios_raw,RWR_LT_BRIGHT,52706,53676,970,,,,,,,,,,no,no,unmapped_raw_key
P02,without_tutor,T01,8692,2026-05-24T21:26:17.933712+00:00,1779657977.9312077,dcs_bios_raw,RWR_LT_BRIGHT,53676,52706,-970,,,,,,,,,,no,no,unmapped_raw_key
P02,without_tutor,T01,8694,2026-05-24T21:26:18.039373+00:00,1779657978.0363722,dcs_bios_raw,RWR_LT_BRIGHT,52706,53676,970,,,,,,,,,,no,no,unmapped_raw_key
P02,without_tutor,T01,8695,2026-05-24T21:26:18.188594+00:00,1779657978.1865945,dcs_bios_raw,RWR_LT_BRIGHT,53676,52706,-970,,,,,,,,,,no,no,unmapped_raw_key
P02,without_tutor,T01,8696,2026-05-24T21:26:18.294706+00:00,1779657978.2921925,dcs_bios_raw,RWR_LT_BRIGHT,52706,53676,970,,,,,,,,,,no,no,unmapped_raw_key
P02,without_tutor,T01,8697,2026-05-24T21:26:18.405805+00:00,1779657978.403297,dcs_bios_raw,RWR_LT_BRIGHT,53676,52706,-970,,,,,,,,,,no,no,unmapped_raw_key
P02,without_tutor,T01,8698,2026-05-24T21:26:18.544610+00:00,1779657978.5421052,dcs_bios_raw,RWR_LT_BRIGHT,52706,53676,970,,,,,,,,,,no,no,unmapped_raw_key
P02,without_tutor,T01,8699,2026-05-24T21:26:18.649794+00:00,1779657978.6477873,dcs_bios_raw,RWR_LT_BRIGHT,53676,52706,-970,,,,,,,,,,no,no,unmapped_raw_key
P02,without_tutor,T01,8700,2026-05-24T21:26:18.756492+00:00,1779657978.7534845,dcs_bios_raw,RWR_LT_BRIGHT,52706,53676,970,,,,,,,,,,no,no,unmapped_raw_key
P02,without_tutor,T01,8701,2026-05-24T21:26:18.905776+00:00,1779657978.9032586,dcs_bios_raw,RWR_LT_BRIGHT,53676,52706,-970,,,,,,,,,,no,no,unmapped_raw_key
P02,without_tutor,T01,8703,2026-05-24T21:26:19.012487+00:00,1779657979.0084884,dcs_bios_raw,RWR_LT_BRIGHT,52706,53676,970,,,,,,,,,,no,no,unmapped_raw_key
P02,without_tutor,T01,8704,2026-05-24T21:26:19.119238+00:00,1779657979.1142287,dcs_bios_raw,RWR_LT_BRIGHT,53676,52706,-970,,,,,,,,,,no,no,unmapped_raw_key
P02,without_tutor,T01,8705,2026-05-24T21:26:19.257482+00:00,1779657979.2534668,dcs_bios_raw,RWR_LT_BRIGHT,52706,53676,970,,,,,,,,,,no,no,unmapped_raw_key
P02,without_tutor,T01,8706,2026-05-24T21:26:19.329089+00:00,1779657979.3260877,dcs_bios_raw,IFEI,,47513,47513,,,,,,,,,,no,no,unmapped_raw_key
P02,without_tutor,T01,8707,2026-05-24T21:26:19.361625+00:00,1779657979.3586257,dcs_bios_raw,RWR_LT_BRIGHT,53676,52706,-970,,,,,,,,,,no,no,unmapped_raw_key
P02,without_tutor,T01,8707,2026-05-24T21:26:19.361625+00:00,1779657979.3586257,dcs_bios_raw,IFEI,47513,53337,5824,,,,,,,,,,no,no,unmapped_raw_key
P02,without_tutor,T01,8708,2026-05-24T21:26:19.400738+00:00,1779657979.3977458,dcs_bios_raw,IFEI,53337,56795,3458,,,,,,,,,,no,no,unmapped_raw_key
P02,without_tutor,T01,8709,2026-05-24T21:26:19.433786+00:00,1779657979.431285,dcs_bios_raw,IFEI,56795,59813,3018,,,,,,,,,,no,no,unmapped_raw_key
P02,without_tutor,T01,8710,2026-05-24T21:26:19.468345+00:00,1779657979.465336,dcs_bios_raw,IFEI,59813,63999,4186,,,,,,,,,,no,no,unmapped_raw_key
P02,without_tutor,T01,8711,2026-05-24T21:26:19.501920+00:00,1779657979.4989245,dcs_bios_raw,RWR_LT_BRIGHT,52706,53676,970,,,,,,,,,,no,no,unmapped_raw_key
P02,without_tutor,T01,8711,2026-05-24T21:26:19.501920+00:00,1779657979.4989245,dcs_bios_raw,IFEI,63999,65535,1536,,,,,,,,,,no,no,unmapped_raw_key
P02,without_tutor,T01,8712,2026-05-24T21:26:19.606652+00:00,1779657979.6046398,dcs_bios_raw,RWR_LT_BRIGHT,53676,52706,-970,,,,,,,,,,no,no,unmapped_raw_key
P02,without_tutor,T01,8713,2026-05-24T21:26:19.641763+00:00,1779657979.6377635,dcs_bios_raw,IFEI,65535,65459,-76,,,,,,,,,,no,no,unmapped_raw_key
P02,without_tutor,T01,8714,2026-05-24T21:26:19.678847+00:00,1779657979.6758475,dcs_bios_raw,IFEI,65459,65535,76,,,,,,,,,,no,no,unmapped_raw_key
P02,without_tutor,T01,8715,2026-05-24T21:26:19.752443+00:00,1779657979.7484493,dcs_bios_raw,RWR_LT_BRIGHT,52706,53676,970,,,,,,,,,,no,no,unmapped_raw_key
P02,without_tutor,T01,8716,2026-05-24T21:26:19.859074+00:00,1779657979.855072,dcs_bios_raw,RWR_LT_BRIGHT,53676,52706,-970,,,,,,,,,,no,no,unmapped_raw_key
P02,without_tutor,T01,8717,2026-05-24T21:26:19.961815+00:00,1779657979.9598155,dcs_bios_raw,RWR_LT_BRIGHT,52706,53676,970,,,,,,,,,,no,no,unmapped_raw_key
P02,without_tutor,T01,8718,2026-05-24T21:26:20.107041+00:00,1779657980.1040366,dcs_bios_raw,RWR_LT_BRIGHT,53676,52706,-970,,,,,,,,,,no,no,unmapped_raw_key
P02,without_tutor,T01,8719,2026-05-24T21:26:20.211742+00:00,1779657980.2097425,dcs_bios_raw,RWR_LT_BRIGHT,52706,53676,970,,,,,,,,,,no,no,unmapped_raw_key
P02,without_tutor,T01,8720,2026-05-24T21:26:20.328415+00:00,1779657980.3264155,dcs_bios_raw,RWR_LT_BRIGHT,53676,52706,-970,,,,,,,,,,no,no,unmapped_raw_key
P02,without_tutor,T01,8721,2026-05-24T21:26:20.462221+00:00,1779657980.4602144,dcs_bios_raw,RWR_LT_BRIGHT,52706,53676,970,,,,,,,,,,no,no,unmapped_raw_key
P02,without_tutor,T01,8723,2026-05-24T21:26:20.568411+00:00,1779657980.565419,dcs_bios_raw,RWR_LT_BRIGHT,53676,52706,-970,,,,,,,,,,no,no,unmapped_raw_key
P02,without_tutor,T01,8724,2026-05-24T21:26:20.679631+00:00,1779657980.6766312,dcs_bios_raw,RWR_LT_BRIGHT,52706,53676,970,,,,,,,,,,no,no,unmapped_raw_key
P02,without_tutor,T01,8725,2026-05-24T21:26:20.819916+00:00,1779657980.815903,dcs_bios_raw,RWR_LT_BRIGHT,53676,52706,-970,,,,,,,,,,no,no,unmapped_raw_key
P02,without_tutor,T01,8726,2026-05-24T21:26:20.929142+00:00,1779657980.9271429,dcs_bios_raw,RWR_LT_BRIGHT,52706,53676,970,,,,,,,,,,no,no,unmapped_raw_key
P02,without_tutor,T01,8728,2026-05-24T21:26:21.035340+00:00,1779657981.03183,dcs_bios_raw,RWR_LT_BRIGHT,53676,52706,-970,,,,,,,,,,no,no,unmapped_raw_key
P02,without_tutor,T01,8729,2026-05-24T21:26:21.179116+00:00,1779657981.177116,dcs_bios_raw,RWR_LT_BRIGHT,52706,53676,970,,,,,,,,,,no,no,unmapped_raw_key
P02,without_tutor,T01,8730,2026-05-24T21:26:21.284331+00:00,1779657981.2818258,dcs_bios_raw,RWR_LT_BRIGHT,53676,52706,-970,,,,,,,,,,no,no,unmapped_raw_key
P02,without_tutor,T01,8731,2026-05-24T21:26:21.429609+00:00,1779657981.4266105,dcs_bios_raw,RWR_LT_BRIGHT,52706,53676,970,,,,,,,,,,no,no,unmapped_raw_key
P02,without_tutor,T01,8732,2026-05-24T21:26:21.468658+00:00,1779657981.4646552,dcs_bios_raw,HIDE_STICK_TOGGLE,1,0,-1,,,,,,,,,,no,no,unmapped_raw_key
P02,without_tutor,T01,8733,2026-05-24T21:26:21.539776+00:00,1779657981.5377686,dcs_bios_raw,RWR_LT_BRIGHT,53676,52706,-970,,,,,,,,,,no,no,unmapped_raw_key
P02,without_tutor,T01,8734,2026-05-24T21:26:21.646032+00:00,1779657981.6440184,dcs_bios_raw,RWR_LT_BRIGHT,52706,53676,970,,,,,,,,,,no,no,unmapped_raw_key
P02,without_tutor,T01,8735,2026-05-24T21:26:21.781258+00:00,1779657981.7782664,dcs_bios_raw,RWR_LT_BRIGHT,53676,52706,-970,,,,,,,,,,no,no,unmapped_raw_key
P02,without_tutor,T01,8736,2026-05-24T21:26:21.886467+00:00,1779657981.8834493,dcs_bios_raw,RWR_LT_BRIGHT,52706,53676,970,,,,,,,,,,no,no,unmapped_raw_key
P02,without_tutor,T01,8738,2026-05-24T21:26:22.030786+00:00,1779657982.027786,dcs_bios_raw,RWR_LT_BRIGHT,53676,52706,-970,,,,,,,,,,no,no,unmapped_raw_key
P02,without_tutor,T01,8739,2026-05-24T21:26:22.136029+00:00,1779657982.1335208,dcs_bios_raw,RWR_LT_BRIGHT,52706,53676,970,,,,,,,,,,no,no,unmapped_raw_key
P02,without_tutor,T01,8740,2026-05-24T21:26:22.241752+00:00,1779657982.2387595,dcs_bios_raw,RWR_LT_BRIGHT,53676,52706,-970,,,,,,,,,,no,no,unmapped_raw_key
P02,without_tutor,T01,8741,2026-05-24T21:26:22.385999+00:00,1779657982.3834848,dcs_bios_raw,RWR_LT_BRIGHT,52706,53676,970,,,,,,,,,,no,no,unmapped_raw_key
P02,without_tutor,T01,8742,2026-05-24T21:26:22.458169+00:00,1779657982.4551582,dcs_bios_raw,HIDE_STICK_TOGGLE,0,1,1,,,,,,,,,,no,no,unmapped_raw_key
P02,without_tutor,T01,8743,2026-05-24T21:26:22.496207+00:00,1779657982.494198,dcs_bios_raw,RWR_LT_BRIGHT,53676,52706,-970,,,,,,,,,,no,no,unmapped_raw_key
P02,without_tutor,T01,8744,2026-05-24T21:26:22.597914+00:00,1779657982.594904,dcs_bios_raw,RWR_LT_BRIGHT,52706,53676,970,,,,,,,,,,no,no,unmapped_raw_key
P02,without_tutor,T01,8745,2026-05-24T21:26:22.746653+00:00,1779657982.744651,dcs_bios_raw,RWR_LT_BRIGHT,53676,52706,-970,,,,,,,,,,no,no,unmapped_raw_key
P02,without_tutor,T01,8746,2026-05-24T21:26:22.847354+00:00,1779657982.84435,dcs_bios_raw,RWR_LT_BRIGHT,52706,53676,970,,,,,,,,,,no,no,unmapped_raw_key
P02,without_tutor,T01,8747,2026-05-24T21:26:22.996667+00:00,1779657982.993662,dcs_bios_raw,RWR_LT_BRIGHT,53676,52706,-970,,,,,,,,,,no,no,unmapped_raw_key
P02,without_tutor,T01,8748,2026-05-24T21:26:23.102356+00:00,1779657983.099349,dcs_bios_raw,RWR_LT_BRIGHT,52706,53676,970,,,,,,,,,,no,no,unmapped_raw_key
P02,without_tutor,T01,8749,2026-05-24T21:26:23.207607+00:00,1779657983.2046027,dcs_bios_raw,RWR_LT_BRIGHT,53676,52706,-970,,,,,,,,,,no,no,unmapped_raw_key
P02,without_tutor,T01,8750,2026-05-24T21:26:23.351835+00:00,1779657983.3488436,dcs_bios_raw,RWR_LT_BRIGHT,52706,53676,970,,,,,,,,,,no,no,unmapped_raw_key
P02,without_tutor,T01,8751,2026-05-24T21:26:23.458075+00:00,1779657983.4550638,dcs_bios_raw,RWR_LT_BRIGHT,53676,52706,-970,,,,,,,,,,no,no,unmapped_raw_key
P02,without_tutor,T01,8752,2026-05-24T21:26:23.568301+00:00,1779657983.5652988,dcs_bios_raw,RWR_LT_BRIGHT,52706,53676,970,,,,,,,,,,no,no,unmapped_raw_key
P02,without_tutor,T01,8753,2026-05-24T21:26:23.674551+00:00,1779657983.6720386,dcs_bios_raw,RWR_LT_BRIGHT,53676,52706,-970,,,,,,,,,,no,no,unmapped_raw_key
P02,without_tutor,T01,8754,2026-05-24T21:26:23.818878+00:00,1779657983.8158789,dcs_bios_raw,RWR_LT_BRIGHT,52706,53676,970,,,,,,,,,,no,no,unmapped_raw_key
P02,without_tutor,T01,8755,2026-05-24T21:26:23.930088+00:00,1779657983.9270954,dcs_bios_raw,RWR_LT_BRIGHT,53676,52706,-970,,,,,,,,,,no,no,unmapped_raw_key
P02,without_tutor,T01,8757,2026-05-24T21:26:24.068852+00:00,1779657984.0658534,dcs_bios_raw,RWR_LT_BRIGHT,52706,53676,970,,,,,,,,,,no,no,unmapped_raw_key
P02,without_tutor,T01,8758,2026-05-24T21:26:24.181118+00:00,1779657984.17712,dcs_bios_raw,RWR_LT_BRIGHT,53676,52706,-970,,,,,,,,,,no,no,unmapped_raw_key
P02,without_tutor,T01,8759,2026-05-24T21:26:24.279809+00:00,1779657984.2768168,dcs_bios_raw,RWR_LT_BRIGHT,52706,53676,970,,,,,,,,,,no,no,unmapped_raw_key
P02,without_tutor,T01,8760,2026-05-24T21:26:24.430592+00:00,1779657984.4275923,dcs_bios_raw,RWR_LT_BRIGHT,53676,52706,-970,,,,,,,,,,no,no,unmapped_raw_key
P02,without_tutor,T01,8761,2026-05-24T21:26:24.531747+00:00,1779657984.5277476,dcs_bios_raw,RWR_LT_BRIGHT,52706,53676,970,,,,,,,,,,no,no,unmapped_raw_key
P02,without_tutor,T01,8762,2026-05-24T21:26:24.669110+00:00,1779657984.6671033,dcs_bios_raw,RWR_LT_BRIGHT,53676,52706,-970,,,,,,,,,,no,no,unmapped_raw_key
P02,without_tutor,T01,8763,2026-05-24T21:26:24.780351+00:00,1779657984.7773438,dcs_bios_raw,RWR_LT_BRIGHT,52706,53676,970,,,,,,,,,,no,no,unmapped_raw_key
P02,without_tutor,T01,8764,2026-05-24T21:26:24.886090+00:00,1779657984.8835735,dcs_bios_raw,RWR_LT_BRIGHT,53676,52706,-970,,,,,,,,,,no,no,unmapped_raw_key
P02,without_tutor,T01,8766,2026-05-24T21:26:25.030304+00:00,1779657985.0283048,dcs_bios_raw,RWR_LT_BRIGHT,52706,53676,970,,,,,,,,,,no,no,unmapped_raw_key
P02,without_tutor,T01,8767,2026-05-24T21:26:25.136550+00:00,1779657985.1335297,dcs_bios_raw,RWR_LT_BRIGHT,53676,52706,-970,,,,,,,,,,no,no,unmapped_raw_key
P02,without_tutor,T01,8768,2026-05-24T21:26:25.247808+00:00,1779657985.2447994,dcs_bios_raw,RWR_LT_BRIGHT,52706,53676,970,,,,,,,,,,no,no,unmapped_raw_key
P02,without_tutor,T01,8769,2026-05-24T21:26:25.387043+00:00,1779657985.3840406,dcs_bios_raw,RWR_LT_BRIGHT,53676,52706,-970,,,,,,,,,,no,no,unmapped_raw_key
P02,without_tutor,T01,8770,2026-05-24T21:26:25.499255+00:00,1779657985.4952564,dcs_bios_raw,RWR_LT_BRIGHT,52706,53676,970,,,,,,,,,,no,no,unmapped_raw_key
P02,without_tutor,T01,8771,2026-05-24T21:26:25.603439+00:00,1779657985.6009285,dcs_bios_raw,RWR_LT_BRIGHT,53676,52706,-970,,,,,,,,,,no,no,unmapped_raw_key
P02,without_tutor,T01,8772,2026-05-24T21:26:25.746677+00:00,1779657985.744673,dcs_bios_raw,RWR_LT_BRIGHT,52706,53676,970,,,,,,,,,,no,no,unmapped_raw_key
P02,without_tutor,T01,8773,2026-05-24T21:26:25.853406+00:00,1779657985.8504055,dcs_bios_raw,RWR_LT_BRIGHT,53676,52706,-970,,,,,,,,,,no,no,unmapped_raw_key
P02,without_tutor,T01,8774,2026-05-24T21:26:25.997654+00:00,1779657985.9956512,dcs_bios_raw,RWR_LT_BRIGHT,52706,53676,970,,,,,,,,,,no,no,unmapped_raw_key
P02,without_tutor,T01,8775,2026-05-24T21:26:26.103359+00:00,1779657986.1003523,dcs_bios_raw,RWR_LT_BRIGHT,53676,52706,-970,,,,,,,,,,no,no,unmapped_raw_key
P02,without_tutor,T01,8776,2026-05-24T21:26:26.208652+00:00,1779657986.2066488,dcs_bios_raw,RWR_LT_BRIGHT,52706,53676,970,,,,,,,,,,no,no,unmapped_raw_key
P02,without_tutor,T01,8777,2026-05-24T21:26:26.359453+00:00,1779657986.3564606,dcs_bios_raw,RWR_LT_BRIGHT,53676,52706,-970,,,,,,,,,,no,no,unmapped_raw_key
P02,without_tutor,T01,8778,2026-05-24T21:26:26.459180+00:00,1779657986.4561799,dcs_bios_raw,RWR_LT_BRIGHT,52706,53676,970,,,,,,,,,,no,no,unmapped_raw_key
P02,without_tutor,T01,8779,2026-05-24T21:26:26.564405+00:00,1779657986.5618823,dcs_bios_raw,RWR_LT_BRIGHT,53676,52706,-970,,,,,,,,,,no,no,unmapped_raw_key
P02,without_tutor,T01,8780,2026-05-24T21:26:26.703129+00:00,1779657986.7006269,dcs_bios_raw,RWR_LT_BRIGHT,52706,53676,970,,,,,,,,,,no,no,unmapped_raw_key
P02,without_tutor,T01,8781,2026-05-24T21:26:26.804817+00:00,1779657986.8003142,dcs_bios_raw,RWR_LT_BRIGHT,53676,52706,-970,,,,,,,,,,no,no,unmapped_raw_key
P02,without_tutor,T01,8782,2026-05-24T21:26:26.942487+00:00,1779657986.9394872,dcs_bios_raw,RWR_LT_BRIGHT,52706,53676,970,,,,,,,,,,no,no,unmapped_raw_key
P02,without_tutor,T01,8784,2026-05-24T21:26:27.048736+00:00,1779657987.044732,dcs_bios_raw,RWR_LT_BRIGHT,53676,52706,-970,,,,,,,,,,no,no,unmapped_raw_key
P02,without_tutor,T01,8785,2026-05-24T21:26:27.193525+00:00,1779657987.1895187,dcs_bios_raw,RWR_LT_BRIGHT,52706,53676,970,,,,,,,,,,no,no,unmapped_raw_key
P02,without_tutor,T01,8786,2026-05-24T21:26:27.297721+00:00,1779657987.2947187,dcs_bios_raw,RWR_LT_BRIGHT,53676,52706,-970,,,,,,,,,,no,no,unmapped_raw_key
P02,without_tutor,T01,8787,2026-05-24T21:26:27.402424+00:00,1779657987.4004245,dcs_bios_raw,RWR_LT_BRIGHT,52706,53676,970,,,,,,,,,,no,no,unmapped_raw_key
P02,without_tutor,T01,8788,2026-05-24T21:26:27.546207+00:00,1779657987.5442047,dcs_bios_raw,RWR_LT_BRIGHT,53676,52706,-970,,,,,,,,,,no,no,unmapped_raw_key
P02,without_tutor,T01,8789,2026-05-24T21:26:27.651943+00:00,1779657987.6499436,dcs_bios_raw,RWR_LT_BRIGHT,52706,53676,970,,,,,,,,,,no,no,unmapped_raw_key
P02,without_tutor,T01,8790,2026-05-24T21:26:27.763677+00:00,1779657987.7611756,dcs_bios_raw,RWR_LT_BRIGHT,53676,52706,-970,,,,,,,,,,no,no,unmapped_raw_key
P02,without_tutor,T01,8791,2026-05-24T21:26:27.901942+00:00,1779657987.899936,dcs_bios_raw,RWR_LT_BRIGHT,52706,53676,970,,,,,,,,,,no,no,unmapped_raw_key
P02,without_tutor,T01,8793,2026-05-24T21:26:28.015704+00:00,1779657988.0111823,dcs_bios_raw,RWR_LT_BRIGHT,53676,52706,-970,,,,,,,,,,no,no,unmapped_raw_key
P02,without_tutor,T01,8794,2026-05-24T21:26:28.118439+00:00,1779657988.1164432,dcs_bios_raw,RWR_LT_BRIGHT,52706,53676,970,,,,,,,,,,no,no,unmapped_raw_key
P02,without_tutor,T01,8795,2026-05-24T21:26:28.263251+00:00,1779657988.2607415,dcs_bios_raw,RWR_LT_BRIGHT,53676,52706,-970,,,,,,,,,,no,no,unmapped_raw_key
P02,without_tutor,T01,8796,2026-05-24T21:26:28.370905+00:00,1779657988.365905,dcs_bios_raw,RWR_LT_BRIGHT,52706,53676,970,,,,,,,,,,no,no,unmapped_raw_key
P02,without_tutor,T01,8797,2026-05-24T21:26:28.476105+00:00,1779657988.4725907,dcs_bios_raw,RWR_LT_BRIGHT,53676,52706,-970,,,,,,,,,,no,no,unmapped_raw_key
P02,without_tutor,T01,8798,2026-05-24T21:26:28.619903+00:00,1779657988.6169112,dcs_bios_raw,RWR_LT_BRIGHT,52706,53676,970,,,,,,,,,,no,no,unmapped_raw_key
P02,without_tutor,T01,8799,2026-05-24T21:26:28.726151+00:00,1779657988.721626,dcs_bios_raw,RWR_LT_BRIGHT,53676,52706,-970,,,,,,,,,,no,no,unmapped_raw_key
P02,without_tutor,T01,8800,2026-05-24T21:26:28.869020+00:00,1779657988.866021,dcs_bios_raw,RWR_LT_BRIGHT,52706,53676,970,,,,,,,,,,no,no,unmapped_raw_key
P02,without_tutor,T01,8801,2026-05-24T21:26:28.975256+00:00,1779657988.9717333,dcs_bios_raw,RWR_LT_BRIGHT,53676,52706,-970,,,,,,,,,,no,no,unmapped_raw_key
P02,without_tutor,T01,8802,2026-05-24T21:26:29.085456+00:00,1779657989.0834403,dcs_bios_raw,RWR_LT_BRIGHT,52706,53676,970,,,,,,,,,,no,no,unmapped_raw_key
P02,without_tutor,T01,8803,2026-05-24T21:26:29.225242+00:00,1779657989.2217195,dcs_bios_raw,RWR_LT_BRIGHT,53676,52706,-970,,,,,,,,,,no,no,unmapped_raw_key
P02,without_tutor,T01,8804,2026-05-24T21:26:29.336459+00:00,1779657989.3334386,dcs_bios_raw,RWR_LT_BRIGHT,52706,53676,970,,,,,,,,,,no,no,unmapped_raw_key
P02,without_tutor,T01,8805,2026-05-24T21:26:29.440635+00:00,1779657989.4386353,dcs_bios_raw,RWR_LT_BRIGHT,53676,52706,-970,,,,,,,,,,no,no,unmapped_raw_key
P02,without_tutor,T01,8806,2026-05-24T21:26:29.580915+00:00,1779657989.5779188,dcs_bios_raw,RWR_LT_BRIGHT,52706,53676,970,,,,,,,,,,no,no,unmapped_raw_key
P02,without_tutor,T01,8807,2026-05-24T21:26:29.691676+00:00,1779657989.688669,dcs_bios_raw,RWR_LT_BRIGHT,53676,52706,-970,,,,,,,,,,no,no,unmapped_raw_key
P02,without_tutor,T01,8808,2026-05-24T21:26:29.796912+00:00,1779657989.7939076,dcs_bios_raw,RWR_LT_BRIGHT,52706,53676,970,,,,,,,,,,no,no,unmapped_raw_key
P02,without_tutor,T01,8809,2026-05-24T21:26:29.940647+00:00,1779657989.938647,dcs_bios_raw,RWR_LT_BRIGHT,53676,52706,-970,,,,,,,,,,no,no,unmapped_raw_key
P02,without_tutor,T01,8811,2026-05-24T21:26:30.051845+00:00,1779657990.0498455,dcs_bios_raw,RWR_LT_BRIGHT,52706,53676,970,,,,,,,,,,no,no,unmapped_raw_key
P02,without_tutor,T01,8812,2026-05-24T21:26:30.190610+00:00,1779657990.1886172,dcs_bios_raw,RWR_LT_BRIGHT,53676,52706,-970,,,,,,,,,,no,no,unmapped_raw_key
P02,without_tutor,T01,8813,2026-05-24T21:26:30.297802+00:00,1779657990.2937968,dcs_bios_raw,RWR_LT_BRIGHT,52706,53676,970,,,,,,,,,,no,no,unmapped_raw_key
P02,without_tutor,T01,8814,2026-05-24T21:26:30.401947+00:00,1779657990.399948,dcs_bios_raw,RWR_LT_BRIGHT,53676,52706,-970,,,,,,,,,,no,no,unmapped_raw_key
P02,without_tutor,T01,8815,2026-05-24T21:26:30.547275+00:00,1779657990.5442798,dcs_bios_raw,RWR_LT_BRIGHT,52706,53676,970,,,,,,,,,,no,no,unmapped_raw_key
P02,without_tutor,T01,8816,2026-05-24T21:26:30.651984+00:00,1779657990.6499846,dcs_bios_raw,RWR_LT_BRIGHT,53676,52706,-970,,,,,,,,,,no,no,unmapped_raw_key
P02,without_tutor,T01,8817,2026-05-24T21:26:30.763681+00:00,1779657990.7611787,dcs_bios_raw,RWR_LT_BRIGHT,52706,53676,970,,,,,,,,,,no,no,unmapped_raw_key
P02,without_tutor,T01,8818,2026-05-24T21:26:30.901901+00:00,1779657990.899909,dcs_bios_raw,RWR_LT_BRIGHT,53676,52706,-970,,,,,,,,,,no,no,unmapped_raw_key
P02,without_tutor,T01,8820,2026-05-24T21:26:31.020589+00:00,1779657991.0165951,dcs_bios_raw,RWR_LT_BRIGHT,52706,53676,970,,,,,,,,,,no,no,unmapped_raw_key
P02,without_tutor,T01,8821,2026-05-24T21:26:31.120287+00:00,1779657991.116287,dcs_bios_raw,RWR_LT_BRIGHT,53676,52706,-970,,,,,,,,,,no,no,unmapped_raw_key
P02,without_tutor,T01,8822,2026-05-24T21:26:31.264073+00:00,1779657991.2605712,dcs_bios_raw,RWR_LT_BRIGHT,52706,53676,970,,,,,,,,,,no,no,unmapped_raw_key
P02,without_tutor,T01,8823,2026-05-24T21:26:31.368737+00:00,1779657991.3667378,dcs_bios_raw,RWR_LT_BRIGHT,53676,52706,-970,,,,,,,,,,no,no,unmapped_raw_key
P02,without_tutor,T01,8824,2026-05-24T21:26:31.474964+00:00,1779657991.47246,dcs_bios_raw,RWR_LT_BRIGHT,52706,53676,970,,,,,,,,,,no,no,unmapped_raw_key
P02,without_tutor,T01,8825,2026-05-24T21:26:31.620776+00:00,1779657991.6167758,dcs_bios_raw,RWR_LT_BRIGHT,53676,52706,-970,,,,,,,,,,no,no,unmapped_raw_key
P02,without_tutor,T01,8826,2026-05-24T21:26:31.725058+00:00,1779657991.7225459,dcs_bios_raw,RWR_LT_BRIGHT,52706,53676,970,,,,,,,,,,no,no,unmapped_raw_key
P02,without_tutor,T01,8827,2026-05-24T21:26:31.869305+00:00,1779657991.8663054,dcs_bios_raw,RWR_LT_BRIGHT,53676,52706,-970,,,,,,,,,,no,no,unmapped_raw_key
P02,without_tutor,T01,8828,2026-05-24T21:26:31.974517+00:00,1779657991.9720042,dcs_bios_raw,RWR_LT_BRIGHT,52706,53676,970,,,,,,,,,,no,no,unmapped_raw_key
P02,without_tutor,T01,8829,2026-05-24T21:26:32.084756+00:00,1779657992.0822594,dcs_bios_raw,RWR_LT_BRIGHT,53676,52706,-970,,,,,,,,,,no,no,unmapped_raw_key
P02,without_tutor,T01,8830,2026-05-24T21:26:32.226576+00:00,1779657992.2220519,dcs_bios_raw,RWR_LT_BRIGHT,52706,53676,970,,,,,,,,,,no,no,unmapped_raw_key
P02,without_tutor,T01,8831,2026-05-24T21:26:32.335720+00:00,1779657992.333206,dcs_bios_raw,RWR_LT_BRIGHT,53676,52706,-970,,,,,,,,,,no,no,unmapped_raw_key
P02,without_tutor,T01,8832,2026-05-24T21:26:32.440968+00:00,1779657992.4389553,dcs_bios_raw,RWR_LT_BRIGHT,52706,53676,970,,,,,,,,,,no,no,unmapped_raw_key
P02,without_tutor,T01,8833,2026-05-24T21:26:32.580764+00:00,1779657992.5777636,dcs_bios_raw,RWR_LT_BRIGHT,53676,52706,-970,,,,,,,,,,no,no,unmapped_raw_key
P02,without_tutor,T01,8834,2026-05-24T21:26:32.691003+00:00,1779657992.6890035,dcs_bios_raw,RWR_LT_BRIGHT,52706,53676,970,,,,,,,,,,no,no,unmapped_raw_key
P02,without_tutor,T01,8835,2026-05-24T21:26:32.835276+00:00,1779657992.8332734,dcs_bios_raw,RWR_LT_BRIGHT,53676,52706,-970,,,,,,,,,,no,no,unmapped_raw_key
P02,without_tutor,T01,8836,2026-05-24T21:26:32.940497+00:00,1779657992.9379861,dcs_bios_raw,RWR_LT_BRIGHT,52706,53676,970,,,,,,,,,,no,no,unmapped_raw_key
P02,without_tutor,T01,8838,2026-05-24T21:26:33.048716+00:00,1779657993.0436954,dcs_bios_raw,RWR_LT_BRIGHT,53676,52706,-970,,,,,,,,,,no,no,unmapped_raw_key
P02,without_tutor,T01,8839,2026-05-24T21:26:33.190515+00:00,1779657993.1885226,dcs_bios_raw,RWR_LT_BRIGHT,52706,53676,970,,,,,,,,,,no,no,unmapped_raw_key
P02,without_tutor,T01,8840,2026-05-24T21:26:33.296664+00:00,1779657993.2946627,dcs_bios_raw,RWR_LT_BRIGHT,53676,52706,-970,,,,,,,,,,no,no,unmapped_raw_key
P02,without_tutor,T01,8841,2026-05-24T21:26:33.402315+00:00,1779657993.3993156,dcs_bios_raw,RWR_LT_BRIGHT,52706,53676,970,,,,,,,,,,no,no,unmapped_raw_key
P02,without_tutor,T01,8842,2026-05-24T21:26:33.547193+00:00,1779657993.5441816,dcs_bios_raw,RWR_LT_BRIGHT,53676,52706,-970,,,,,,,,,,no,no,unmapped_raw_key
P02,without_tutor,T01,8843,2026-05-24T21:26:33.651929+00:00,1779657993.64993,dcs_bios_raw,RWR_LT_BRIGHT,52706,53676,970,,,,,,,,,,no,no,unmapped_raw_key
P02,without_tutor,T01,8844,2026-05-24T21:26:33.763679+00:00,1779657993.7611766,dcs_bios_raw,RWR_LT_BRIGHT,53676,52706,-970,,,,,,,,,,no,no,unmapped_raw_key
P02,without_tutor,T01,8845,2026-05-24T21:26:33.901980+00:00,1779657993.8999805,dcs_bios_raw,RWR_LT_BRIGHT,52706,53676,970,,,,,,,,,,no,no,unmapped_raw_key
P02,without_tutor,T01,8847,2026-05-24T21:26:34.014199+00:00,1779657994.0106905,dcs_bios_raw,RWR_LT_BRIGHT,53676,52706,-970,,,,,,,,,,no,no,unmapped_raw_key
P02,without_tutor,T01,8848,2026-05-24T21:26:34.118862+00:00,1779657994.1168697,dcs_bios_raw,RWR_LT_BRIGHT,52706,53676,970,,,,,,,,,,no,no,unmapped_raw_key
P02,without_tutor,T01,8849,2026-05-24T21:26:34.259208+00:00,1779657994.2551973,dcs_bios_raw,RWR_LT_BRIGHT,53676,52706,-970,,,,,,,,,,no,no,unmapped_raw_key
P02,without_tutor,T01,8850,2026-05-24T21:26:34.369367+00:00,1779657994.3663678,dcs_bios_raw,RWR_LT_BRIGHT,52706,53676,970,,,,,,,,,,no,no,unmapped_raw_key
P02,without_tutor,T01,8851,2026-05-24T21:26:34.474080+00:00,1779657994.4715703,dcs_bios_raw,RWR_LT_BRIGHT,53676,52706,-970,,,,,,,,,,no,no,unmapped_raw_key
P02,without_tutor,T01,8852,2026-05-24T21:26:34.613368+00:00,1779657994.6108675,dcs_bios_raw,RWR_LT_BRIGHT,52706,53676,970,,,,,,,,,,no,no,unmapped_raw_key
P02,without_tutor,T01,8853,2026-05-24T21:26:34.713551+00:00,1779657994.7110565,dcs_bios_raw,RWR_LT_BRIGHT,53676,52706,-970,,,,,,,,,,no,no,unmapped_raw_key
P02,without_tutor,T01,8854,2026-05-24T21:26:34.851847+00:00,1779657994.849848,dcs_bios_raw,RWR_LT_BRIGHT,52706,53676,970,,,,,,,,,,no,no,unmapped_raw_key
P02,without_tutor,T01,8855,2026-05-24T21:26:34.991128+00:00,1779657994.9891286,dcs_bios_raw,RWR_LT_BRIGHT,53676,52706,-970,,,,,,,,,,no,no,unmapped_raw_key
P02,without_tutor,T01,8856,2026-05-24T21:26:35.101823+00:00,1779657995.0998235,dcs_bios_raw,RWR_LT_BRIGHT,52706,53676,970,,,,,,,,,,no,no,unmapped_raw_key
P02,without_tutor,T01,8857,2026-05-24T21:26:35.208003+00:00,1779657995.205,dcs_bios_raw,RWR_LT_BRIGHT,53676,52706,-970,,,,,,,,,,no,no,unmapped_raw_key
P02,without_tutor,T01,8858,2026-05-24T21:26:35.353243+00:00,1779657995.3492494,dcs_bios_raw,RWR_LT_BRIGHT,52706,53676,970,,,,,,,,,,no,no,unmapped_raw_key
P02,without_tutor,T01,8859,2026-05-24T21:26:35.458480+00:00,1779657995.4554763,dcs_bios_raw,RWR_LT_BRIGHT,53676,52706,-970,,,,,,,,,,no,no,unmapped_raw_key
P02,without_tutor,T01,8860,2026-05-24T21:26:35.564221+00:00,1779657995.560727,dcs_bios_raw,RWR_LT_BRIGHT,52706,53676,970,,,,,,,,,,no,no,unmapped_raw_key
P02,without_tutor,T01,8861,2026-05-24T21:26:35.716521+00:00,1779657995.7145193,dcs_bios_raw,RWR_LT_BRIGHT,53676,52706,-970,,,,,,,,,,no,no,unmapped_raw_key
P02,without_tutor,T01,8862,2026-05-24T21:26:35.828749+00:00,1779657995.8247454,dcs_bios_raw,RWR_LT_BRIGHT,52706,53676,970,,,,,,,,,,no,no,unmapped_raw_key
P02,without_tutor,T01,8863,2026-05-24T21:26:35.928458+00:00,1779657995.924464,dcs_bios_raw,RWR_LT_BRIGHT,53676,52706,-970,,,,,,,,,,no,no,unmapped_raw_key
P02,without_tutor,T01,8865,2026-05-24T21:26:36.066699+00:00,1779657996.0636785,dcs_bios_raw,RWR_LT_BRIGHT,52706,53676,970,,,,,,,,,,no,no,unmapped_raw_key
P02,without_tutor,T01,8866,2026-05-24T21:26:36.171358+00:00,1779657996.1693587,dcs_bios_raw,RWR_LT_BRIGHT,53676,52706,-970,,,,,,,,,,no,no,unmapped_raw_key
P02,without_tutor,T01,8867,2026-05-24T21:26:36.282559+00:00,1779657996.2805593,dcs_bios_raw,RWR_LT_BRIGHT,52706,53676,970,,,,,,,,,,no,no,unmapped_raw_key
P02,without_tutor,T01,8868,2026-05-24T21:26:36.428824+00:00,1779657996.4248202,dcs_bios_raw,RWR_LT_BRIGHT,53676,52706,-970,,,,,,,,,,no,no,unmapped_raw_key
P02,without_tutor,T01,8869,2026-05-24T21:26:36.532555+00:00,1779657996.5305521,dcs_bios_raw,RWR_LT_BRIGHT,52706,53676,970,,,,,,,,,,no,no,unmapped_raw_key
P02,without_tutor,T01,8870,2026-05-24T21:26:36.637817+00:00,1779657996.6358173,dcs_bios_raw,RWR_LT_BRIGHT,53676,52706,-970,,,,,,,,,,no,no,unmapped_raw_key
P02,without_tutor,T01,8871,2026-05-24T21:26:36.782040+00:00,1779657996.7800407,dcs_bios_raw,RWR_LT_BRIGHT,52706,53676,970,,,,,,,,,,no,no,unmapped_raw_key
P02,without_tutor,T01,8872,2026-05-24T21:26:36.889258+00:00,1779657996.8862588,dcs_bios_raw,RWR_LT_BRIGHT,53676,52706,-970,,,,,,,,,,no,no,unmapped_raw_key
P02,without_tutor,T01,8874,2026-05-24T21:26:36.996455+00:00,1779657996.9909298,dcs_bios_raw,RWR_LT_BRIGHT,52706,53676,970,,,,,,,,,,no,no,unmapped_raw_key
P02,without_tutor,T01,8875,2026-05-24T21:26:37.138200+00:00,1779657997.1362004,dcs_bios_raw,RWR_LT_BRIGHT,53676,52706,-970,,,,,,,,,,no,no,unmapped_raw_key
P02,without_tutor,T01,8876,2026-05-24T21:26:37.243421+00:00,1779657997.2409189,dcs_bios_raw,RWR_LT_BRIGHT,52706,53676,970,,,,,,,,,,no,no,unmapped_raw_key
P02,without_tutor,T01,8877,2026-05-24T21:26:37.394162+00:00,1779657997.390667,dcs_bios_raw,RWR_LT_BRIGHT,53676,52706,-970,,,,,,,,,,no,no,unmapped_raw_key
P02,without_tutor,T01,8878,2026-05-24T21:26:37.494893+00:00,1779657997.4913814,dcs_bios_raw,RWR_LT_BRIGHT,52706,53676,970,,,,,,,,,,no,no,unmapped_raw_key
P02,without_tutor,T01,8879,2026-05-24T21:26:37.607180+00:00,1779657997.6051667,dcs_bios_raw,RWR_LT_BRIGHT,53676,52706,-970,,,,,,,,,,no,no,unmapped_raw_key
P02,without_tutor,T01,8880,2026-05-24T21:26:37.764563+00:00,1779657997.7550356,dcs_bios_raw,RWR_LT_BRIGHT,52706,53676,970,,,,,,,,,,no,no,unmapped_raw_key
P02,without_tutor,T01,8881,2026-05-24T21:26:37.861757+00:00,1779657997.8597653,dcs_bios_raw,RWR_LT_BRIGHT,53676,52706,-970,,,,,,,,,,no,no,unmapped_raw_key
P02,without_tutor,T01,8882,2026-05-24T21:26:37.967940+00:00,1779657997.964931,dcs_bios_raw,RWR_LT_BRIGHT,52706,53676,970,,,,,,,,,,no,no,unmapped_raw_key
P02,without_tutor,T01,8883,2026-05-24T21:26:38.107708+00:00,1779657998.1047063,dcs_bios_raw,RWR_LT_BRIGHT,53676,52706,-970,,,,,,,,,,no,no,unmapped_raw_key
P02,without_tutor,T01,8884,2026-05-24T21:26:38.212432+00:00,1779657998.209433,dcs_bios_raw,RWR_LT_BRIGHT,52706,53676,970,,,,,,,,,,no,no,unmapped_raw_key
P02,without_tutor,T01,8885,2026-05-24T21:26:38.329147+00:00,1779657998.3261545,dcs_bios_raw,RWR_LT_BRIGHT,53676,52706,-970,,,,,,,,,,no,no,unmapped_raw_key
P02,without_tutor,T01,8886,2026-05-24T21:26:38.467410+00:00,1779657998.4653988,dcs_bios_raw,RWR_LT_BRIGHT,52706,53676,970,,,,,,,,,,no,no,unmapped_raw_key
P02,without_tutor,T01,8887,2026-05-24T21:26:38.568162+00:00,1779657998.5661626,dcs_bios_raw,RWR_LT_BRIGHT,53676,52706,-970,,,,,,,,,,no,no,unmapped_raw_key
P02,without_tutor,T01,8888,2026-05-24T21:26:38.680345+00:00,1779657998.6763518,dcs_bios_raw,RWR_LT_BRIGHT,52706,53676,970,,,,,,,,,,no,no,unmapped_raw_key
P02,without_tutor,T01,8889,2026-05-24T21:26:38.823611+00:00,1779657998.82111,dcs_bios_raw,RWR_LT_BRIGHT,53676,52706,-970,,,,,,,,,,no,no,unmapped_raw_key
P02,without_tutor,T01,8890,2026-05-24T21:26:38.929333+00:00,1779657998.9263403,dcs_bios_raw,RWR_LT_BRIGHT,52706,53676,970,,,,,,,,,,no,no,unmapped_raw_key
P02,without_tutor,T01,8892,2026-05-24T21:26:39.034558+00:00,1779657999.032047,dcs_bios_raw,RWR_LT_BRIGHT,53676,52706,-970,,,,,,,,,,no,no,unmapped_raw_key
P02,without_tutor,T01,8893,2026-05-24T21:26:39.180908+00:00,1779657999.176909,dcs_bios_raw,RWR_LT_BRIGHT,52706,53676,970,,,,,,,,,,no,no,unmapped_raw_key
P02,without_tutor,T01,8894,2026-05-24T21:26:39.290089+00:00,1779657999.2870896,dcs_bios_raw,RWR_LT_BRIGHT,53676,52706,-970,,,,,,,,,,no,no,unmapped_raw_key
P02,without_tutor,T01,8895,2026-05-24T21:26:39.431816+00:00,1779657999.4268162,dcs_bios_raw,RWR_LT_BRIGHT,52706,53676,970,,,,,,,,,,no,no,unmapped_raw_key
P02,without_tutor,T01,8896,2026-05-24T21:26:39.540521+00:00,1779657999.537521,dcs_bios_raw,RWR_LT_BRIGHT,53676,52706,-970,,,,,,,,,,no,no,unmapped_raw_key
P02,without_tutor,T01,8897,2026-05-24T21:26:39.640705+00:00,1779657999.6376977,dcs_bios_raw,RWR_LT_BRIGHT,52706,53676,970,,,,,,,,,,no,no,unmapped_raw_key
P02,without_tutor,T01,8898,2026-05-24T21:26:39.786512+00:00,1779657999.7819984,dcs_bios_raw,RWR_LT_BRIGHT,53676,52706,-970,,,,,,,,,,no,no,unmapped_raw_key
P02,without_tutor,T01,8899,2026-05-24T21:26:39.890752+00:00,1779657999.8877451,dcs_bios_raw,RWR_LT_BRIGHT,52706,53676,970,,,,,,,,,,no,no,unmapped_raw_key
P02,without_tutor,T01,8901,2026-05-24T21:26:40.001016+00:00,1779657999.9990165,dcs_bios_raw,RWR_LT_BRIGHT,53676,52706,-970,,,,,,,,,,no,no,unmapped_raw_key
P02,without_tutor,T01,8902,2026-05-24T21:26:40.140317+00:00,1779658000.1383245,dcs_bios_raw,RWR_LT_BRIGHT,52706,53676,970,,,,,,,,,,no,no,unmapped_raw_key
P02,without_tutor,T01,8903,2026-05-24T21:26:40.267035+00:00,1779658000.264029,dcs_bios_raw,RWR_LT_BRIGHT,53676,52706,-970,,,,,,,,,,no,no,unmapped_raw_key
P02,without_tutor,T01,8904,2026-05-24T21:26:40.376249+00:00,1779658000.3742557,dcs_bios_raw,RWR_LT_BRIGHT,52706,53676,970,,,,,,,,,,no,no,unmapped_raw_key
P02,without_tutor,T01,8905,2026-05-24T21:26:40.476952+00:00,1779658000.4749408,dcs_bios_raw,RWR_LT_BRIGHT,53676,52706,-970,,,,,,,,,,no,no,unmapped_raw_key
P02,without_tutor,T01,8906,2026-05-24T21:26:40.621256+00:00,1779658000.6192567,dcs_bios_raw,RWR_LT_BRIGHT,52706,53676,970,,,,,,,,,,no,no,unmapped_raw_key
P02,without_tutor,T01,8907,2026-05-24T21:26:40.727491+00:00,1779658000.7244818,dcs_bios_raw,RWR_LT_BRIGHT,53676,52706,-970,,,,,,,,,,no,no,unmapped_raw_key
P02,without_tutor,T01,8908,2026-05-24T21:26:40.871786+00:00,1779658000.8687935,dcs_bios_raw,RWR_LT_BRIGHT,52706,53676,970,,,,,,,,,,no,no,unmapped_raw_key
P02,without_tutor,T01,8910,2026-05-24T21:26:40.976999+00:00,1779658000.9739935,dcs_bios_raw,RWR_LT_BRIGHT,53676,52706,-970,,,,,,,,,,no,no,unmapped_raw_key
P02,without_tutor,T01,8911,2026-05-24T21:26:41.082657+00:00,1779658001.0806572,dcs_bios_raw,RWR_LT_BRIGHT,52706,53676,970,,,,,,,,,,no,no,unmapped_raw_key
P02,without_tutor,T01,8912,2026-05-24T21:26:41.226945+00:00,1779658001.2249343,dcs_bios_raw,RWR_LT_BRIGHT,53676,52706,-970,,,,,,,,,,no,no,unmapped_raw_key
P02,without_tutor,T01,8913,2026-05-24T21:26:41.333655+00:00,1779658001.3306544,dcs_bios_raw,RWR_LT_BRIGHT,52706,53676,970,,,,,,,,,,no,no,unmapped_raw_key
P02,without_tutor,T01,8914,2026-05-24T21:26:41.439820+00:00,1779658001.4358282,dcs_bios_raw,RWR_LT_BRIGHT,53676,52706,-970,,,,,,,,,,no,no,unmapped_raw_key
P02,without_tutor,T01,8915,2026-05-24T21:26:41.582060+00:00,1779658001.5800672,dcs_bios_raw,RWR_LT_BRIGHT,52706,53676,970,,,,,,,,,,no,no,unmapped_raw_key
P02,without_tutor,T01,8916,2026-05-24T21:26:41.688268+00:00,1779658001.6862686,dcs_bios_raw,RWR_LT_BRIGHT,53676,52706,-970,,,,,,,,,,no,no,unmapped_raw_key
P02,without_tutor,T01,8917,2026-05-24T21:26:41.799471+00:00,1779658001.7974722,dcs_bios_raw,RWR_LT_BRIGHT,52706,53676,970,,,,,,,,,,no,no,unmapped_raw_key
P02,without_tutor,T01,8918,2026-05-24T21:26:41.943687+00:00,1779658001.9411695,dcs_bios_raw,RWR_LT_BRIGHT,53676,52706,-970,,,,,,,,,,no,no,unmapped_raw_key
P02,without_tutor,T01,8920,2026-05-24T21:26:42.081470+00:00,1779658002.07747,dcs_bios_raw,RWR_LT_BRIGHT,52706,53676,970,,,,,,,,,,no,no,unmapped_raw_key
P02,without_tutor,T01,8921,2026-05-24T21:26:42.193686+00:00,1779658002.1886797,dcs_bios_raw,RWR_LT_BRIGHT,53676,52706,-970,,,,,,,,,,no,no,unmapped_raw_key
P02,without_tutor,T01,8922,2026-05-24T21:26:42.296858+00:00,1779658002.293854,dcs_bios_raw,RWR_LT_BRIGHT,52706,53676,970,,,,,,,,,,no,no,unmapped_raw_key
P02,without_tutor,T01,8923,2026-05-24T21:26:42.407058+00:00,1779658002.405056,dcs_bios_raw,RWR_LT_BRIGHT,53676,52706,-970,,,,,,,,,,no,no,unmapped_raw_key
P02,without_tutor,T01,8925,2026-05-24T21:26:42.520273+00:00,1779658002.5182817,dcs_bios_raw,RWR_LT_BRIGHT,52706,53676,970,,,,,,,,,,no,no,unmapped_raw_key
P02,without_tutor,T01,8926,2026-05-24T21:26:42.665116+00:00,1779658002.6626034,dcs_bios_raw,RWR_LT_BRIGHT,53676,52706,-970,,,,,,,,,,no,no,unmapped_raw_key
P02,without_tutor,T01,8927,2026-05-24T21:26:42.770894+00:00,1779658002.7678876,dcs_bios_raw,RWR_LT_BRIGHT,52706,53676,970,,,,,,,,,,no,no,unmapped_raw_key
P02,without_tutor,T01,8928,2026-05-24T21:26:42.908619+00:00,1779658002.9066262,dcs_bios_raw,RWR_LT_BRIGHT,53676,52706,-970,,,,,,,,,,no,no,unmapped_raw_key
P02,without_tutor,T01,8930,2026-05-24T21:26:43.009313+00:00,1779658003.0063205,dcs_bios_raw,RWR_LT_BRIGHT,52706,53676,970,,,,,,,,,,no,no,unmapped_raw_key
P02,without_tutor,T01,8931,2026-05-24T21:26:43.142584+00:00,1779658003.1395857,dcs_bios_raw,RWR_LT_BRIGHT,53676,52706,-970,,,,,,,,,,no,no,unmapped_raw_key
P02,without_tutor,T01,8932,2026-05-24T21:26:43.253737+00:00,1779658003.2507296,dcs_bios_raw,RWR_LT_BRIGHT,52706,53676,970,,,,,,,,,,no,no,unmapped_raw_key
P02,without_tutor,T01,8933,2026-05-24T21:26:43.358954+00:00,1779658003.3569546,dcs_bios_raw,RWR_LT_BRIGHT,53676,52706,-970,,,,,,,,,,no,no,unmapped_raw_key
P02,without_tutor,T01,8934,2026-05-24T21:26:43.503739+00:00,1779658003.5012333,dcs_bios_raw,RWR_LT_BRIGHT,52706,53676,970,,,,,,,,,,no,no,unmapped_raw_key
P02,without_tutor,T01,8935,2026-05-24T21:26:43.594947+00:00,1779658003.592435,dcs_bios_raw,RWR_LT_BRIGHT,53676,52706,-970,,,,,,,,,,no,no,unmapped_raw_key
P02,without_tutor,T01,8936,2026-05-24T21:26:43.738741+00:00,1779658003.735734,dcs_bios_raw,RWR_LT_BRIGHT,52706,53676,970,,,,,,,,,,no,no,unmapped_raw_key
P02,without_tutor,T01,8937,2026-05-24T21:26:43.838423+00:00,1779658003.8364303,dcs_bios_raw,RWR_LT_BRIGHT,53676,52706,-970,,,,,,,,,,no,no,unmapped_raw_key
P02,without_tutor,T01,8938,2026-05-24T21:26:43.977761+00:00,1779658003.974759,dcs_bios_raw,RWR_LT_BRIGHT,52706,53676,970,,,,,,,,,,no,no,unmapped_raw_key
P02,without_tutor,T01,8939,2026-05-24T21:26:44.083447+00:00,1779658004.0809307,dcs_bios_raw,RWR_LT_BRIGHT,53676,52706,-970,,,,,,,,,,no,no,unmapped_raw_key
P02,without_tutor,T01,8940,2026-05-24T21:26:44.155098+00:00,1779658004.152586,dcs_bios_raw,RADALT_TEST_SW,0,1,1,,,,,,,,,,no,no,unmapped_raw_key
P02,without_tutor,T01,8942,2026-05-24T21:26:44.232700+00:00,1779658004.229701,dcs_bios_raw,RWR_LT_BRIGHT,52706,53676,970,,,,,,,,,,no,no,unmapped_raw_key
P02,without_tutor,T01,8945,2026-05-24T21:26:44.333390+00:00,1779658004.3308783,dcs_bios_raw,RWR_LT_BRIGHT,53676,52706,-970,,,,,,,,,,no,no,unmapped_raw_key
P02,without_tutor,T01,8948,2026-05-24T21:26:44.439570+00:00,1779658004.4355588,dcs_bios_raw,RWR_LT_BRIGHT,52706,53676,970,,,,,,,,,,no,no,unmapped_raw_key
P02,without_tutor,T01,8952,2026-05-24T21:26:44.581891+00:00,1779658004.579884,dcs_bios_raw,RWR_LT_BRIGHT,53676,52706,-970,,,,,,,,,,no,no,unmapped_raw_key
P02,without_tutor,T01,8955,2026-05-24T21:26:44.688588+00:00,1779658004.6865942,dcs_bios_raw,RWR_LT_BRIGHT,52706,53676,970,,,,,,,,,,no,no,unmapped_raw_key
P02,without_tutor,T01,8958,2026-05-24T21:26:44.800312+00:00,1779658004.7973123,dcs_bios_raw,RWR_LT_BRIGHT,53676,52706,-970,,,,,,,,,,no,no,unmapped_raw_key
P02,without_tutor,T01,8962,2026-05-24T21:26:44.938639+00:00,1779658004.936639,dcs_bios_raw,RWR_LT_BRIGHT,52706,53676,970,,,,,,,,,,no,no,unmapped_raw_key
P02,without_tutor,T01,8964,2026-05-24T21:26:45.012266+00:00,1779658005.0082736,dcs_bios_raw,RADALT_GREEN_LAMP,,1,1,,,,,,,,,,no,no,unmapped_raw_key
P02,without_tutor,T01,8964,2026-05-24T21:26:45.012266+00:00,1779658005.0082736,dcs_bios_raw,CLOCK_MINUTES,,64840,64840,,,,,,,,,,no,no,unmapped_raw_key
P02,without_tutor,T01,8965,2026-05-24T21:26:45.050319+00:00,1779658005.0473204,dcs_bios_raw,RWR_LT_BRIGHT,53676,52706,-970,,,,,,,,,,no,no,unmapped_raw_key
P02,without_tutor,T01,8968,2026-05-24T21:26:45.157005+00:00,1779658005.1534812,dcs_bios_raw,RWR_LT_BRIGHT,52706,53676,970,,,,,,,,,,no,no,unmapped_raw_key
P02,without_tutor,T01,8970,2026-05-24T21:26:45.299807+00:00,1779658005.2978146,dcs_bios_raw,RWR_LT_BRIGHT,53676,52706,-970,,,,,,,,,,no,no,unmapped_raw_key
P02,without_tutor,T01,8971,2026-05-24T21:26:45.405958+00:00,1779658005.402442,dcs_bios_raw,RWR_LT_BRIGHT,52706,53676,970,,,,,,,,,,no,no,unmapped_raw_key
P02,without_tutor,T01,8972,2026-05-24T21:26:45.544738+00:00,1779658005.542222,dcs_bios_raw,RWR_LT_BRIGHT,53676,52706,-970,,,,,,,,,,no,no,unmapped_raw_key
P02,without_tutor,T01,8973,2026-05-24T21:26:45.656990+00:00,1779658005.6524756,dcs_bios_raw,RWR_LT_BRIGHT,52706,53676,970,,,,,,,,,,no,no,unmapped_raw_key
P02,without_tutor,T01,8974,2026-05-24T21:26:45.760685+00:00,1779658005.758686,dcs_bios_raw,RWR_LT_BRIGHT,53676,52706,-970,,,,,,,,,,no,no,unmapped_raw_key
P02,without_tutor,T01,8975,2026-05-24T21:26:45.904973+00:00,1779658005.902469,dcs_bios_raw,RWR_LT_BRIGHT,52706,53676,970,,,,,,,,,,no,no,unmapped_raw_key
P02,without_tutor,T01,8977,2026-05-24T21:26:46.012695+00:00,1779658006.0086951,dcs_bios_raw,RWR_LT_BRIGHT,53676,52706,-970,,,,,,,,,,no,no,unmapped_raw_key
P02,without_tutor,T01,8978,2026-05-24T21:26:46.116865+00:00,1779658006.1138456,dcs_bios_raw,RWR_LT_BRIGHT,52706,53676,970,,,,,,,,,,no,no,unmapped_raw_key
P02,without_tutor,T01,8979,2026-05-24T21:26:46.260640+00:00,1779658006.2586327,dcs_bios_raw,RWR_LT_BRIGHT,53676,52706,-970,,,,,,,,,,no,no,unmapped_raw_key
P02,without_tutor,T01,8980,2026-05-24T21:26:46.371338+00:00,1779658006.369346,dcs_bios_raw,RWR_LT_BRIGHT,52706,53676,970,,,,,,,,,,no,no,unmapped_raw_key
P02,without_tutor,T01,8981,2026-05-24T21:26:46.511138+00:00,1779658006.5081384,dcs_bios_raw,RWR_LT_BRIGHT,53676,52706,-970,,,,,,,,,,no,no,unmapped_raw_key
P02,without_tutor,T01,8982,2026-05-24T21:26:46.616427+00:00,1779658006.6144164,dcs_bios_raw,RWR_LT_BRIGHT,52706,53676,970,,,,,,,,,,no,no,unmapped_raw_key
P02,without_tutor,T01,8983,2026-05-24T21:26:46.727651+00:00,1779658006.7256513,dcs_bios_raw,RWR_LT_BRIGHT,53676,52706,-970,,,,,,,,,,no,no,unmapped_raw_key
P02,without_tutor,T01,8984,2026-05-24T21:26:46.866463+00:00,1779658006.8634572,dcs_bios_raw,RWR_LT_BRIGHT,52706,53676,970,,,,,,,,,,no,no,unmapped_raw_key
P02,without_tutor,T01,8985,2026-05-24T21:26:46.977227+00:00,1779658006.9752164,dcs_bios_raw,RWR_LT_BRIGHT,53676,52706,-970,,,,,,,,,,no,no,unmapped_raw_key
P02,without_tutor,T01,8986,2026-05-24T21:26:47.084476+00:00,1779658007.0809717,dcs_bios_raw,RWR_LT_BRIGHT,52706,53676,970,,,,,,,,,,no,no,unmapped_raw_key
P02,without_tutor,T01,8987,2026-05-24T21:26:47.189138+00:00,1779658007.1861382,dcs_bios_raw,RADALT_GREEN_LAMP,1,0,-1,,,,,,,,,,no,no,unmapped_raw_key
P02,without_tutor,T01,8987,2026-05-24T21:26:47.189138+00:00,1779658007.1861382,dcs_bios_raw,CLOCK_MINUTES,64840,0,-64840,,,,,,,,,,no,no,unmapped_raw_key
P02,without_tutor,T01,8987,2026-05-24T21:26:47.189138+00:00,1779658007.1861382,dcs_bios_raw,RADALT_TEST_SW,1,0,-1,,,,,,,,,,no,no,unmapped_raw_key
P02,without_tutor,T01,8988,2026-05-24T21:26:47.228231+00:00,1779658007.225222,dcs_bios_raw,RWR_LT_BRIGHT,53676,52706,-970,,,,,,,,,,no,no,unmapped_raw_key
P02,without_tutor,T01,8989,2026-05-24T21:26:47.333430+00:00,1779658007.3309174,dcs_bios_raw,RWR_LT_BRIGHT,52706,53676,970,,,,,,,,,,no,no,unmapped_raw_key
P02,without_tutor,T01,8991,2026-05-24T21:26:47.438070+00:00,1779658007.436071,dcs_bios_raw,RWR_LT_BRIGHT,53676,52706,-970,,,,,,,,,,no,no,unmapped_raw_key
P02,without_tutor,T01,8995,2026-05-24T21:26:47.583895+00:00,1779658007.5803924,dcs_bios_raw,RWR_LT_BRIGHT,52706,53676,970,,,,,,,,,,no,no,unmapped_raw_key
P02,without_tutor,T01,8998,2026-05-24T21:26:47.689630+00:00,1779658007.6866305,dcs_bios_raw,RWR_LT_BRIGHT,53676,52706,-970,,,,,,,,,,no,no,unmapped_raw_key
P02,without_tutor,T01,9001,2026-05-24T21:26:47.793813+00:00,1779658007.7913036,dcs_bios_raw,RWR_LT_BRIGHT,52706,53676,970,,,,,,,,,,no,no,unmapped_raw_key
P02,without_tutor,T01,9005,2026-05-24T21:26:47.938643+00:00,1779658007.936644,dcs_bios_raw,RWR_LT_BRIGHT,53676,52706,-970,,,,,,,,,,no,no,unmapped_raw_key
P02,without_tutor,T01,9008,2026-05-24T21:26:48.051912+00:00,1779658008.0469122,dcs_bios_raw,RWR_LT_BRIGHT,52706,53676,970,,,,,,,,,,no,no,unmapped_raw_key
P02,without_tutor,T01,9009,2026-05-24T21:26:48.189177+00:00,1779658008.1861708,dcs_bios_raw,RWR_LT_BRIGHT,53676,52706,-970,,,,,,,,,,no,no,unmapped_raw_key
P02,without_tutor,T01,9010,2026-05-24T21:26:48.294353+00:00,1779658008.2918518,dcs_bios_raw,RWR_LT_BRIGHT,52706,53676,970,,,,,,,,,,no,no,unmapped_raw_key
P02,without_tutor,T01,9011,2026-05-24T21:26:48.394050+00:00,1779658008.3915558,dcs_bios_raw,RWR_LT_BRIGHT,53676,52706,-970,,,,,,,,,,no,no,unmapped_raw_key
P02,without_tutor,T01,9012,2026-05-24T21:26:48.528370+00:00,1779658008.5253618,dcs_bios_raw,RWR_LT_BRIGHT,52706,53676,970,,,,,,,,,,no,no,unmapped_raw_key
P02,without_tutor,T01,9013,2026-05-24T21:26:48.667215+00:00,1779658008.664203,dcs_bios_raw,RWR_LT_BRIGHT,53676,52706,-970,,,,,,,,,,no,no,unmapped_raw_key
P02,without_tutor,T01,9014,2026-05-24T21:26:48.772467+00:00,1779658008.7699428,dcs_bios_raw,RWR_LT_BRIGHT,52706,53676,970,,,,,,,,,,no,no,unmapped_raw_key
P02,without_tutor,T01,9015,2026-05-24T21:26:48.844643+00:00,1779658008.8421323,dcs_bios_raw,RADALT_TEST_SW,0,1,1,,,,,,,,,,no,no,unmapped_raw_key
P02,without_tutor,T01,9016,2026-05-24T21:26:48.883711+00:00,1779658008.8807118,dcs_bios_raw,RWR_LT_BRIGHT,53676,52706,-970,,,,,,,,,,no,no,unmapped_raw_key
P02,without_tutor,T01,9018,2026-05-24T21:26:49.022558+00:00,1779658009.0195515,dcs_bios_raw,RWR_LT_BRIGHT,52706,53676,970,,,,,,,,,,no,no,unmapped_raw_key
P02,without_tutor,T01,9021,2026-05-24T21:26:49.133738+00:00,1779658009.131235,dcs_bios_raw,RWR_LT_BRIGHT,53676,52706,-970,,,,,,,,,,no,no,unmapped_raw_key
P02,without_tutor,T01,9024,2026-05-24T21:26:49.241898+00:00,1779658009.2369058,dcs_bios_raw,RWR_LT_BRIGHT,52706,53676,970,,,,,,,,,,no,no,unmapped_raw_key
P02,without_tutor,T01,9028,2026-05-24T21:26:49.383703+00:00,1779658009.3811932,dcs_bios_raw,RWR_LT_BRIGHT,53676,52706,-970,,,,,,,,,,no,no,unmapped_raw_key
P02,without_tutor,T01,9031,2026-05-24T21:26:49.494925+00:00,1779658009.4924133,dcs_bios_raw,RWR_LT_BRIGHT,52706,53676,970,,,,,,,,,,no,no,unmapped_raw_key
P02,without_tutor,T01,9034,2026-05-24T21:26:49.594641+00:00,1779658009.5921185,dcs_bios_raw,RWR_LT_BRIGHT,53676,52706,-970,,,,,,,,,,no,no,unmapped_raw_key
P02,without_tutor,T01,9037,2026-05-24T21:26:49.744445+00:00,1779658009.7419293,dcs_bios_raw,RWR_LT_BRIGHT,52706,53676,970,,,,,,,,,,no,no,unmapped_raw_key
P02,without_tutor,T01,9039,2026-05-24T21:26:49.850659+00:00,1779658009.847667,dcs_bios_raw,RWR_LT_BRIGHT,53676,52706,-970,,,,,,,,,,no,no,unmapped_raw_key
P02,without_tutor,T01,9040,2026-05-24T21:26:49.994946+00:00,1779658009.992426,dcs_bios_raw,RWR_LT_BRIGHT,52706,53676,970,,,,,,,,,,no,no,unmapped_raw_key
P02,without_tutor,T01,9041,2026-05-24T21:26:50.095130+00:00,1779658010.0926178,dcs_bios_raw,RWR_LT_BRIGHT,53676,52706,-970,,,,,,,,,,no,no,unmapped_raw_key
P02,without_tutor,T01,9042,2026-05-24T21:26:50.205870+00:00,1779658010.2033534,dcs_bios_raw,RWR_LT_BRIGHT,52706,53676,970,,,,,,,,,,no,no,unmapped_raw_key
P02,without_tutor,T01,9046,2026-05-24T21:26:50.344669+00:00,1779658010.342153,dcs_bios_raw,RWR_LT_BRIGHT,53676,52706,-970,,,,,,,,,,no,no,unmapped_raw_key
P02,without_tutor,T01,9049,2026-05-24T21:26:50.450379+00:00,1779658010.44738,dcs_bios_raw,RWR_LT_BRIGHT,52706,53676,970,,,,,,,,,,no,no,unmapped_raw_key
P02,without_tutor,T01,9052,2026-05-24T21:26:50.562106+00:00,1779658010.5591056,dcs_bios_raw,RWR_LT_BRIGHT,53676,52706,-970,,,,,,,,,,no,no,unmapped_raw_key
P02,without_tutor,T01,9056,2026-05-24T21:26:50.700898+00:00,1779658010.697898,dcs_bios_raw,RWR_LT_BRIGHT,52706,53676,970,,,,,,,,,,no,no,unmapped_raw_key
P02,without_tutor,T01,9059,2026-05-24T21:26:50.811110+00:00,1779658010.8091109,dcs_bios_raw,RADALT_GREEN_LAMP,0,1,1,,,,,,,,,,no,no,unmapped_raw_key
P02,without_tutor,T01,9059,2026-05-24T21:26:50.811110+00:00,1779658010.8091109,dcs_bios_raw,RWR_LT_BRIGHT,53676,52706,-970,,,,,,,,,,no,no,unmapped_raw_key
P02,without_tutor,T01,9059,2026-05-24T21:26:50.811110+00:00,1779658010.8091109,dcs_bios_raw,CLOCK_MINUTES,0,64840,64840,,,,,,,,,,no,no,unmapped_raw_key
P02,without_tutor,T01,9063,2026-05-24T21:26:50.956445+00:00,1779658010.9534287,dcs_bios_raw,RWR_LT_BRIGHT,52706,53676,970,,,,,,,,,,no,no,unmapped_raw_key
P02,without_tutor,T01,9065,2026-05-24T21:26:51.061199+00:00,1779658011.0591996,dcs_bios_raw,RWR_LT_BRIGHT,53676,52706,-970,,,,,,,,,,no,no,unmapped_raw_key
P02,without_tutor,T01,9066,2026-05-24T21:26:51.166380+00:00,1779658011.164377,dcs_bios_raw,RWR_LT_BRIGHT,52706,53676,970,,,,,,,,,,no,no,unmapped_raw_key
P02,without_tutor,T01,9067,2026-05-24T21:26:51.278077+00:00,1779658011.2755718,dcs_bios_raw,RWR_LT_BRIGHT,53676,52706,-970,,,,,,,,,,no,no,unmapped_raw_key
P02,without_tutor,T01,9068,2026-05-24T21:26:51.416828+00:00,1779658011.4148173,dcs_bios_raw,RWR_LT_BRIGHT,52706,53676,970,,,,,,,,,,no,no,unmapped_raw_key
P02,without_tutor,T01,9069,2026-05-24T21:26:51.528038+00:00,1779658011.525028,dcs_bios_raw,RWR_LT_BRIGHT,53676,52706,-970,,,,,,,,,,no,no,unmapped_raw_key
P02,without_tutor,T01,9070,2026-05-24T21:26:51.634188+00:00,1779658011.6306725,dcs_bios_raw,RADALT_TEST_SW,1,0,-1,,,,,,,,,,no,no,unmapped_raw_key
P02,without_tutor,T01,9071,2026-05-24T21:26:51.667755+00:00,1779658011.6647444,dcs_bios_raw,RWR_LT_BRIGHT,52706,53676,970,,,,,,,,,,no,no,unmapped_raw_key
P02,without_tutor,T01,9072,2026-05-24T21:26:51.777501+00:00,1779658011.774998,dcs_bios_raw,RWR_LT_BRIGHT,53676,52706,-970,,,,,,,,,,no,no,unmapped_raw_key
P02,without_tutor,T01,9073,2026-05-24T21:26:51.812084+00:00,1779658011.8090847,dcs_bios_raw,RADALT_GREEN_LAMP,1,0,-1,,,,,,,,,,no,no,unmapped_raw_key
P02,without_tutor,T01,9073,2026-05-24T21:26:51.812084+00:00,1779658011.8090847,dcs_bios_raw,CLOCK_MINUTES,64840,0,-64840,,,,,,,,,,no,no,unmapped_raw_key
P02,without_tutor,T01,9075,2026-05-24T21:26:51.882220+00:00,1779658011.8782182,dcs_bios_raw,RWR_LT_BRIGHT,52706,53676,970,,,,,,,,,,no,no,unmapped_raw_key
P02,without_tutor,T01,9079,2026-05-24T21:26:52.020011+00:00,1779658012.0160117,dcs_bios_raw,RWR_LT_BRIGHT,53676,52706,-970,,,,,,,,,,no,no,unmapped_raw_key
P02,without_tutor,T01,9082,2026-05-24T21:26:52.126266+00:00,1779658012.1217315,dcs_bios_raw,RWR_LT_BRIGHT,52706,53676,970,,,,,,,,,,no,no,unmapped_raw_key
P02,without_tutor,T01,9086,2026-05-24T21:26:52.265033+00:00,1779658012.2605214,dcs_bios_raw,RWR_LT_BRIGHT,53676,52706,-970,,,,,,,,,,no,no,unmapped_raw_key
P02,without_tutor,T01,9089,2026-05-24T21:26:52.368750+00:00,1779658012.366743,dcs_bios_raw,RWR_LT_BRIGHT,52706,53676,970,,,,,,,,,,no,no,unmapped_raw_key
P02,without_tutor,T01,9091,2026-05-24T21:26:52.479428+00:00,1779658012.4769344,dcs_bios_raw,RWR_LT_BRIGHT,53676,52706,-970,,,,,,,,,,no,no,unmapped_raw_key
P02,without_tutor,T01,9092,2026-05-24T21:26:52.613268+00:00,1779658012.609758,dcs_bios_raw,RWR_LT_BRIGHT,52706,53676,970,,,,,,,,,,no,no,unmapped_raw_key
P02,without_tutor,T01,9093,2026-05-24T21:26:52.752568+00:00,1779658012.7495663,dcs_bios_raw,RWR_LT_BRIGHT,53676,52706,-970,,,,,,,,,,no,no,unmapped_raw_key
P02,without_tutor,T01,9094,2026-05-24T21:26:52.859811+00:00,1779658012.8548002,dcs_bios_raw,RWR_LT_BRIGHT,52706,53676,970,,,,,,,,,,no,no,unmapped_raw_key
P02,without_tutor,T01,9095,2026-05-24T21:26:52.962426+00:00,1779658012.960427,dcs_bios_raw,RWR_LT_BRIGHT,53676,52706,-970,,,,,,,,,,no,no,unmapped_raw_key
P02,without_tutor,T01,9096,2026-05-24T21:26:53.086178+00:00,1779658013.0841641,dcs_bios_raw,RWR_LT_BRIGHT,52706,53676,970,,,,,,,,,,no,no,unmapped_raw_key
P02,without_tutor,T01,9097,2026-05-24T21:26:53.226953+00:00,1779658013.2224302,dcs_bios_raw,RWR_LT_BRIGHT,53676,52706,-970,,,,,,,,,,no,no,unmapped_raw_key
P02,without_tutor,T01,9098,2026-05-24T21:26:53.330640+00:00,1779658013.3286407,dcs_bios_raw,RWR_LT_BRIGHT,52706,53676,970,,,,,,,,,,no,no,unmapped_raw_key
P02,without_tutor,T01,9100,2026-05-24T21:26:53.441794+00:00,1779658013.4388025,dcs_bios_raw,RWR_LT_BRIGHT,53676,52706,-970,,,,,,,,,,no,no,unmapped_raw_key
P02,without_tutor,T01,9101,2026-05-24T21:26:53.581159+00:00,1779658013.578647,dcs_bios_raw,RWR_LT_BRIGHT,52706,53676,970,,,,,,,,,,no,no,unmapped_raw_key
P02,without_tutor,T01,9102,2026-05-24T21:26:53.686409+00:00,1779658013.6833844,dcs_bios_raw,RWR_LT_BRIGHT,53676,52706,-970,,,,,,,,,,no,no,unmapped_raw_key
P02,without_tutor,T01,9103,2026-05-24T21:26:53.831169+00:00,1779658013.8281689,dcs_bios_raw,RWR_LT_BRIGHT,52706,53676,970,,,,,,,,,,no,no,unmapped_raw_key
P02,without_tutor,T01,9104,2026-05-24T21:26:53.936914+00:00,1779658013.9338937,dcs_bios_raw,RWR_LT_BRIGHT,53676,52706,-970,,,,,,,,,,no,no,unmapped_raw_key
P02,without_tutor,T01,9106,2026-05-24T21:26:54.042127+00:00,1779658014.0391269,dcs_bios_raw,RWR_LT_BRIGHT,52706,53676,970,,,,,,,,,,no,no,unmapped_raw_key
P02,without_tutor,T01,9107,2026-05-24T21:26:54.186966+00:00,1779658014.183945,dcs_bios_raw,RWR_LT_BRIGHT,53676,52706,-970,,,,,,,,,,no,no,unmapped_raw_key
P02,without_tutor,T01,9108,2026-05-24T21:26:54.291637+00:00,1779658014.2896442,dcs_bios_raw,RWR_LT_BRIGHT,52706,53676,970,,,,,,,,,,no,no,unmapped_raw_key
P02,without_tutor,T01,9109,2026-05-24T21:26:54.404358+00:00,1779658014.399845,dcs_bios_raw,RWR_LT_BRIGHT,53676,52706,-970,,,,,,,,,,no,no,unmapped_raw_key
P02,without_tutor,T01,9110,2026-05-24T21:26:54.543625+00:00,1779658014.5391233,dcs_bios_raw,RWR_LT_BRIGHT,52706,53676,970,,,,,,,,,,no,no,unmapped_raw_key
P02,without_tutor,T01,9111,2026-05-24T21:26:54.655342+00:00,1779658014.65082,dcs_bios_raw,RWR_LT_BRIGHT,53676,52706,-970,,,,,,,,,,no,no,unmapped_raw_key
P02,without_tutor,T01,9112,2026-05-24T21:26:54.758543+00:00,1779658014.7565436,dcs_bios_raw,RWR_LT_BRIGHT,52706,53676,970,,,,,,,,,,no,no,unmapped_raw_key
P02,without_tutor,T01,9113,2026-05-24T21:26:54.903340+00:00,1779658014.9003408,dcs_bios_raw,RWR_LT_BRIGHT,53676,52706,-970,,,,,,,,,,no,no,unmapped_raw_key
P02,without_tutor,T01,9115,2026-05-24T21:26:55.009016+00:00,1779658015.0060172,dcs_bios_raw,RWR_LT_BRIGHT,52706,53676,970,,,,,,,,,,no,no,unmapped_raw_key
P02,without_tutor,T01,9116,2026-05-24T21:26:55.120739+00:00,1779658015.1177392,dcs_bios_raw,RWR_LT_BRIGHT,53676,52706,-970,,,,,,,,,,no,no,unmapped_raw_key
P02,without_tutor,T01,9117,2026-05-24T21:26:55.258465+00:00,1779658015.2554626,dcs_bios_raw,RWR_LT_BRIGHT,52706,53676,970,,,,,,,,,,no,no,unmapped_raw_key
P02,without_tutor,T01,9118,2026-05-24T21:26:55.369668+00:00,1779658015.3666687,dcs_bios_raw,RWR_LT_BRIGHT,53676,52706,-970,,,,,,,,,,no,no,unmapped_raw_key
P02,without_tutor,T01,9119,2026-05-24T21:26:55.474845+00:00,1779658015.4723291,dcs_bios_raw,RWR_LT_BRIGHT,52706,53676,970,,,,,,,,,,no,no,unmapped_raw_key
P02,without_tutor,T01,9120,2026-05-24T21:26:55.614638+00:00,1779658015.6121252,dcs_bios_raw,RWR_LT_BRIGHT,53676,52706,-970,,,,,,,,,,no,no,unmapped_raw_key
P02,without_tutor,T01,9121,2026-05-24T21:26:55.719864+00:00,1779658015.7178571,dcs_bios_raw,RWR_LT_BRIGHT,52706,53676,970,,,,,,,,,,no,no,unmapped_raw_key
P02,without_tutor,T01,9122,2026-05-24T21:26:55.861609+00:00,1779658015.8586094,dcs_bios_raw,RWR_LT_BRIGHT,53676,52706,-970,,,,,,,,,,no,no,unmapped_raw_key
P02,without_tutor,T01,9123,2026-05-24T21:26:55.965787+00:00,1779658015.9637737,dcs_bios_raw,RWR_LT_BRIGHT,52706,53676,970,,,,,,,,,,no,no,unmapped_raw_key
P02,without_tutor,T01,9124,2026-05-24T21:26:56.105995+00:00,1779658016.1024716,dcs_bios_raw,RWR_LT_BRIGHT,53676,52706,-970,,,,,,,,,,no,no,unmapped_raw_key
P02,without_tutor,T01,9125,2026-05-24T21:26:56.210719+00:00,1779658016.2087214,dcs_bios_raw,RWR_LT_BRIGHT,52706,53676,970,,,,,,,,,,no,no,unmapped_raw_key
P02,without_tutor,T01,9126,2026-05-24T21:26:56.315916+00:00,1779658016.3139124,dcs_bios_raw,RWR_LT_BRIGHT,53676,52706,-970,,,,,,,,,,no,no,unmapped_raw_key
P02,without_tutor,T01,9127,2026-05-24T21:26:56.466137+00:00,1779658016.4636195,dcs_bios_raw,RWR_LT_BRIGHT,52706,53676,970,,,,,,,,,,no,no,unmapped_raw_key
P02,without_tutor,T01,9128,2026-05-24T21:26:56.565861+00:00,1779658016.5638387,dcs_bios_raw,RWR_LT_BRIGHT,53676,52706,-970,,,,,,,,,,no,no,unmapped_raw_key
P02,without_tutor,T01,9129,2026-05-24T21:26:56.711164+00:00,1779658016.7081647,dcs_bios_raw,RWR_LT_BRIGHT,52706,53676,970,,,,,,,,,,no,no,unmapped_raw_key
P02,without_tutor,T01,9130,2026-05-24T21:26:56.815395+00:00,1779658016.8133924,dcs_bios_raw,RWR_LT_BRIGHT,53676,52706,-970,,,,,,,,,,no,no,unmapped_raw_key
P02,without_tutor,T01,9131,2026-05-24T21:26:56.921108+00:00,1779658016.919116,dcs_bios_raw,RWR_LT_BRIGHT,52706,53676,970,,,,,,,,,,no,no,unmapped_raw_key
P02,without_tutor,T01,9133,2026-05-24T21:26:57.066366+00:00,1779658017.0633621,dcs_bios_raw,RWR_LT_BRIGHT,53676,52706,-970,,,,,,,,,,no,no,unmapped_raw_key
P02,without_tutor,T01,9134,2026-05-24T21:26:57.179577+00:00,1779658017.1765776,dcs_bios_raw,RWR_LT_BRIGHT,52706,53676,970,,,,,,,,,,no,no,unmapped_raw_key
P02,without_tutor,T01,9136,2026-05-24T21:26:57.284760+00:00,1779658017.2812629,dcs_bios_raw,RWR_LT_BRIGHT,53676,52706,-970,,,,,,,,,,no,no,unmapped_raw_key
P02,without_tutor,T01,9137,2026-05-24T21:26:57.422516+00:00,1779658017.4195163,dcs_bios_raw,RWR_LT_BRIGHT,52706,53676,970,,,,,,,,,,no,no,unmapped_raw_key
P02,without_tutor,T01,9138,2026-05-24T21:26:57.522217+00:00,1779658017.5202174,dcs_bios_raw,RWR_LT_BRIGHT,53676,52706,-970,,,,,,,,,,no,no,unmapped_raw_key
P02,without_tutor,T01,9138,2026-05-24T21:26:57.522217+00:00,1779658017.5202174,dcs_bios_raw,EJECTION_SEAT_ARMED,,0,0,,,,,,,,,,no,no,unmapped_raw_key
P02,without_tutor,T01,9139,2026-05-24T21:26:57.668457+00:00,1779658017.665458,dcs_bios_raw,RWR_LT_BRIGHT,52706,53676,970,,,,,,,,,,no,no,unmapped_raw_key
P02,without_tutor,T01,9140,2026-05-24T21:26:57.772095+00:00,1779658017.7700953,dcs_bios_raw,RWR_LT_BRIGHT,53676,52706,-970,,,,,,,,,,no,no,unmapped_raw_key
P02,without_tutor,T01,9141,2026-05-24T21:26:57.879305+00:00,1779658017.8763125,dcs_bios_raw,RWR_LT_BRIGHT,52706,53676,970,,,,,,,,,,no,no,unmapped_raw_key
P02,without_tutor,T01,9143,2026-05-24T21:26:58.017653+00:00,1779658018.014643,dcs_bios_raw,RWR_LT_BRIGHT,53676,52706,-970,,,,,,,,,,no,no,unmapped_raw_key
P02,without_tutor,T01,9144,2026-05-24T21:26:58.122350+00:00,1779658018.1203504,dcs_bios_raw,RWR_LT_BRIGHT,52706,53676,970,,,,,,,,,,no,no,unmapped_raw_key
P02,without_tutor,T01,9145,2026-05-24T21:26:58.259116+00:00,1779658018.2561233,dcs_bios_raw,RWR_LT_BRIGHT,53676,52706,-970,,,,,,,,,,no,no,unmapped_raw_key
P02,without_tutor,T01,9146,2026-05-24T21:26:58.370317+00:00,1779658018.3673117,dcs_bios_raw,RWR_LT_BRIGHT,52706,53676,970,,,,,,,,,,no,no,unmapped_raw_key
P02,without_tutor,T01,9147,2026-05-24T21:26:58.475474+00:00,1779658018.471958,dcs_bios_raw,RWR_LT_BRIGHT,53676,52706,-970,,,,,,,,,,no,no,unmapped_raw_key
P02,without_tutor,T01,9148,2026-05-24T21:26:58.614779+00:00,1779658018.6122675,dcs_bios_raw,RWR_LT_BRIGHT,52706,53676,970,,,,,,,,,,no,no,unmapped_raw_key
P02,without_tutor,T01,9149,2026-05-24T21:26:58.721497+00:00,1779658018.717505,dcs_bios_raw,RWR_LT_BRIGHT,53676,52706,-970,,,,,,,,,,no,no,unmapped_raw_key
P02,without_tutor,T01,9150,2026-05-24T21:26:58.864771+00:00,1779658018.8622603,dcs_bios_raw,RWR_LT_BRIGHT,52706,53676,970,,,,,,,,,,no,no,unmapped_raw_key
P02,without_tutor,T01,9151,2026-05-24T21:26:58.971515+00:00,1779658018.967516,dcs_bios_raw,RWR_LT_BRIGHT,53676,52706,-970,,,,,,,,,,no,no,unmapped_raw_key
P02,without_tutor,T01,9152,2026-05-24T21:26:59.075295+00:00,1779658019.0732708,dcs_bios_raw,RWR_LT_BRIGHT,52706,53676,970,,,,,,,,,,no,no,unmapped_raw_key
P02,without_tutor,T01,9153,2026-05-24T21:26:59.220100+00:00,1779658019.2171004,dcs_bios_raw,RWR_LT_BRIGHT,53676,52706,-970,,,,,,,,,,no,no,unmapped_raw_key
P02,without_tutor,T01,9154,2026-05-24T21:26:59.326338+00:00,1779658019.3233306,dcs_bios_raw,RWR_LT_BRIGHT,52706,53676,970,,,,,,,,,,no,no,unmapped_raw_key
P02,without_tutor,T01,9155,2026-05-24T21:26:59.469566+00:00,1779658019.4665723,dcs_bios_raw,RWR_LT_BRIGHT,53676,52706,-970,,,,,,,,,,no,no,unmapped_raw_key
P02,without_tutor,T01,9156,2026-05-24T21:26:59.581286+00:00,1779658019.5782835,dcs_bios_raw,RWR_LT_BRIGHT,52706,53676,970,,,,,,,,,,no,no,unmapped_raw_key
P02,without_tutor,T01,9157,2026-05-24T21:26:59.687016+00:00,1779658019.6840045,dcs_bios_raw,RWR_LT_BRIGHT,53676,52706,-970,,,,,,,,,,no,no,unmapped_raw_key
P02,without_tutor,T01,9158,2026-05-24T21:26:59.759609+00:00,1779658019.7556164,dcs_bios_raw,EJECTION_SEAT_ARMED,0,1,1,,,,,,,,,,no,no,unmapped_raw_key
P02,without_tutor,T01,9158,2026-05-24T21:26:59.759609+00:00,1779658019.7556164,dcs_bios_raw,EJECTION_SEAT_MNL_OVRD,,1,1,,,,,,,,,,no,no,unmapped_raw_key
P02,without_tutor,T01,9159,2026-05-24T21:26:59.831212+00:00,1779658019.8282053,dcs_bios_raw,RWR_LT_BRIGHT,52706,53676,970,,,,,,,,,,no,no,unmapped_raw_key
P02,without_tutor,T01,9160,2026-05-24T21:26:59.936469+00:00,1779658019.934465,dcs_bios_raw,RWR_LT_BRIGHT,53676,52706,-970,,,,,,,,,,no,no,unmapped_raw_key
P02,without_tutor,T01,9162,2026-05-24T21:27:00.041638+00:00,1779658020.039646,dcs_bios_raw,RWR_LT_BRIGHT,52706,53676,970,,,,,,,,,,no,no,unmapped_raw_key
P02,without_tutor,T01,9163,2026-05-24T21:27:00.186386+00:00,1779658020.1843755,dcs_bios_raw,RWR_LT_BRIGHT,53676,52706,-970,,,,,,,,,,no,no,unmapped_raw_key
P02,without_tutor,T01,9164,2026-05-24T21:27:00.292108+00:00,1779658020.2891011,dcs_bios_raw,RWR_LT_BRIGHT,52706,53676,970,,,,,,,,,,no,no,unmapped_raw_key
P02,without_tutor,T01,9165,2026-05-24T21:27:00.397774+00:00,1779658020.394772,dcs_bios_raw,RWR_LT_BRIGHT,53676,52706,-970,,,,,,,,,,no,no,unmapped_raw_key
P02,without_tutor,T01,9166,2026-05-24T21:27:00.541557+00:00,1779658020.5395584,dcs_bios_raw,RWR_LT_BRIGHT,52706,53676,970,,,,,,,,,,no,no,unmapped_raw_key
P02,without_tutor,T01,9167,2026-05-24T21:27:00.649315+00:00,1779658020.6453145,dcs_bios_raw,RWR_LT_BRIGHT,53676,52706,-970,,,,,,,,,,no,no,unmapped_raw_key
P02,without_tutor,T01,9168,2026-05-24T21:27:00.792122+00:00,1779658020.790123,dcs_bios_raw,RWR_LT_BRIGHT,52706,53676,970,,,,,,,,,,no,no,unmapped_raw_key
P02,without_tutor,T01,9169,2026-05-24T21:27:00.897821+00:00,1779658020.8958125,dcs_bios_raw,RWR_LT_BRIGHT,53676,52706,-970,,,,,,,,,,no,no,unmapped_raw_key
P02,without_tutor,T01,9171,2026-05-24T21:27:01.005997+00:00,1779658021.0014904,dcs_bios_raw,RWR_LT_BRIGHT,52706,53676,970,,,,,,,,,,no,no,unmapped_raw_key
P02,without_tutor,T01,9172,2026-05-24T21:27:01.143783+00:00,1779658021.14127,dcs_bios_raw,RWR_LT_BRIGHT,53676,52706,-970,,,,,,,,,,no,no,unmapped_raw_key
P02,without_tutor,T01,9173,2026-05-24T21:27:01.249432+00:00,1779658021.2464406,dcs_bios_raw,RWR_LT_BRIGHT,52706,53676,970,,,,,,,,,,no,no,unmapped_raw_key
P02,without_tutor,T01,9174,2026-05-24T21:27:01.388184+00:00,1779658021.3851798,dcs_bios_raw,RWR_LT_BRIGHT,53676,52706,-970,,,,,,,,,,no,no,unmapped_raw_key
P02,without_tutor,T01,9175,2026-05-24T21:27:01.487905+00:00,1779658021.484894,dcs_bios_raw,RWR_LT_BRIGHT,52706,53676,970,,,,,,,,,,no,no,unmapped_raw_key
P02,without_tutor,T01,9176,2026-05-24T21:27:01.629210+00:00,1779658021.624199,dcs_bios_raw,RWR_LT_BRIGHT,53676,52706,-970,,,,,,,,,,no,no,unmapped_raw_key
P02,without_tutor,T01,9177,2026-05-24T21:27:01.733435+00:00,1779658021.7299325,dcs_bios_raw,RWR_LT_BRIGHT,52706,53676,970,,,,,,,,,,no,no,unmapped_raw_key
P02,without_tutor,T01,9178,2026-05-24T21:27:01.838136+00:00,1779658021.8351252,dcs_bios_raw,RWR_LT_BRIGHT,53676,52706,-970,,,,,,,,,,no,no,unmapped_raw_key
P02,without_tutor,T01,9179,2026-05-24T21:27:01.982922+00:00,1779658021.97993,dcs_bios_raw,RWR_LT_BRIGHT,52706,53676,970,,,,,,,,,,no,no,unmapped_raw_key
P02,without_tutor,T01,9180,2026-05-24T21:27:02.088141+00:00,1779658022.0851371,dcs_bios_raw,RWR_LT_BRIGHT,53676,52706,-970,,,,,,,,,,no,no,unmapped_raw_key
P02,without_tutor,T01,9181,2026-05-24T21:27:02.231489+00:00,1779658022.2294824,dcs_bios_raw,RWR_LT_BRIGHT,52706,53676,970,,,,,,,,,,no,no,unmapped_raw_key
P02,without_tutor,T01,9182,2026-05-24T21:27:02.337676+00:00,1779658022.3346741,dcs_bios_raw,RWR_LT_BRIGHT,53676,52706,-970,,,,,,,,,,no,no,unmapped_raw_key
P02,without_tutor,T01,9183,2026-05-24T21:27:02.447845+00:00,1779658022.445846,dcs_bios_raw,RWR_LT_BRIGHT,52706,53676,970,,,,,,,,,,no,no,unmapped_raw_key
P02,without_tutor,T01,9184,2026-05-24T21:27:02.587658+00:00,1779658022.585665,dcs_bios_raw,RWR_LT_BRIGHT,53676,52706,-970,,,,,,,,,,no,no,unmapped_raw_key
P02,without_tutor,T01,9185,2026-05-24T21:27:02.693385+00:00,1779658022.6903782,dcs_bios_raw,RWR_LT_BRIGHT,52706,53676,970,,,,,,,,,,no,no,unmapped_raw_key
P02,without_tutor,T01,9186,2026-05-24T21:27:02.805664+00:00,1779658022.8021467,dcs_bios_raw,RWR_LT_BRIGHT,53676,52706,-970,,,,,,,,,,no,no,unmapped_raw_key
P02,without_tutor,T01,9187,2026-05-24T21:27:02.943492+00:00,1779658022.9409893,dcs_bios_raw,RWR_LT_BRIGHT,52706,53676,970,,,,,,,,,,no,no,unmapped_raw_key
P02,without_tutor,T01,9189,2026-05-24T21:27:03.054670+00:00,1779658023.0521736,dcs_bios_raw,RWR_LT_BRIGHT,53676,52706,-970,,,,,,,,,,no,no,unmapped_raw_key
P02,without_tutor,T01,9190,2026-05-24T21:27:03.160362+00:00,1779658023.1573622,dcs_bios_raw,RWR_LT_BRIGHT,52706,53676,970,,,,,,,,,,no,no,unmapped_raw_key
P02,without_tutor,T01,9191,2026-05-24T21:27:03.305151+00:00,1779658023.3016443,dcs_bios_raw,RWR_LT_BRIGHT,53676,52706,-970,,,,,,,,,,no,no,unmapped_raw_key
P02,without_tutor,T01,9192,2026-05-24T21:27:03.409795+00:00,1779658023.406803,dcs_bios_raw,RWR_LT_BRIGHT,52706,53676,970,,,,,,,,,,no,no,unmapped_raw_key
P02,without_tutor,T01,9193,2026-05-24T21:27:03.516025+00:00,1779658023.513014,dcs_bios_raw,RWR_LT_BRIGHT,53676,52706,-970,,,,,,,,,,no,no,unmapped_raw_key
P02,without_tutor,T01,9194,2026-05-24T21:27:03.661825+00:00,1779658023.6578324,dcs_bios_raw,RWR_LT_BRIGHT,52706,53676,970,,,,,,,,,,no,no,unmapped_raw_key
P02,without_tutor,T01,9195,2026-05-24T21:27:03.766046+00:00,1779658023.7630346,dcs_bios_raw,RWR_LT_BRIGHT,53676,52706,-970,,,,,,,,,,no,no,unmapped_raw_key
P02,without_tutor,T01,9196,2026-05-24T21:27:03.905336+00:00,1779658023.901802,dcs_bios_raw,RWR_LT_BRIGHT,52706,53676,970,,,,,,,,,,no,no,unmapped_raw_key
P02,without_tutor,T01,9198,2026-05-24T21:27:04.010006+00:00,1779658024.0070062,dcs_bios_raw,RWR_LT_BRIGHT,53676,52706,-970,,,,,,,,,,no,no,unmapped_raw_key
P02,without_tutor,T01,9199,2026-05-24T21:27:04.146297+00:00,1779658024.1407738,dcs_bios_raw,RWR_LT_BRIGHT,52706,53676,970,,,,,,,,,,no,no,unmapped_raw_key
P02,without_tutor,T01,9200,2026-05-24T21:27:04.248479+00:00,1779658024.24648,dcs_bios_raw,RWR_LT_BRIGHT,53676,52706,-970,,,,,,,,,,no,no,unmapped_raw_key
P02,without_tutor,T01,9202,2026-05-24T21:27:04.388238+00:00,1779658024.3852358,dcs_bios_raw,RWR_LT_BRIGHT,52706,53676,970,,,,,,,,,,no,no,unmapped_raw_key
P02,without_tutor,T01,9203,2026-05-24T21:27:04.488917+00:00,1779658024.4859111,dcs_bios_raw,RWR_LT_BRIGHT,53676,52706,-970,,,,,,,,,,no,no,unmapped_raw_key
P02,without_tutor,T01,9204,2026-05-24T21:27:04.626229+00:00,1779658024.6242337,dcs_bios_raw,RWR_LT_BRIGHT,52706,53676,970,,,,,,,,,,no,no,unmapped_raw_key
P02,without_tutor,T01,9205,2026-05-24T21:27:04.731329+00:00,1779658024.7293293,dcs_bios_raw,RWR_LT_BRIGHT,53676,52706,-970,,,,,,,,,,no,no,unmapped_raw_key
P02,without_tutor,T01,9206,2026-05-24T21:27:04.804393+00:00,1779658024.80189,dcs_bios_raw,EJECTION_SEAT_ARMED,1,0,-1,,,,,,,,,,no,no,unmapped_raw_key
P02,without_tutor,T01,9207,2026-05-24T21:27:04.838920+00:00,1779658024.834916,dcs_bios_raw,RWR_LT_BRIGHT,52706,53676,970,,,,,,,,,,no,no,unmapped_raw_key
P02,without_tutor,T01,9208,2026-05-24T21:27:04.983190+00:00,1779658024.980195,dcs_bios_raw,RWR_LT_BRIGHT,53676,52706,-970,,,,,,,,,,no,no,unmapped_raw_key
P02,without_tutor,T01,9209,2026-05-24T21:27:05.087845+00:00,1779658025.0858457,dcs_bios_raw,RWR_LT_BRIGHT,52706,53676,970,,,,,,,,,,no,no,unmapped_raw_key
P02,without_tutor,T01,9210,2026-05-24T21:27:05.231651+00:00,1779658025.2296586,dcs_bios_raw,RWR_LT_BRIGHT,53676,52706,-970,,,,,,,,,,no,no,unmapped_raw_key
P02,without_tutor,T01,9211,2026-05-24T21:27:05.343875+00:00,1779658025.3403807,dcs_bios_raw,RWR_LT_BRIGHT,52706,53676,970,,,,,,,,,,no,no,unmapped_raw_key
P02,without_tutor,T01,9212,2026-05-24T21:27:05.411970+00:00,1779658025.40697,dcs_bios_raw,EJECTION_SEAT_MNL_OVRD,1,0,-1,,,,,,,,,,no,no,unmapped_raw_key
P02,without_tutor,T01,9213,2026-05-24T21:27:05.448030+00:00,1779658025.4460306,dcs_bios_raw,RWR_LT_BRIGHT,53676,52706,-970,,,,,,,,,,no,no,unmapped_raw_key
P02,without_tutor,T01,9214,2026-05-24T21:27:05.554183+00:00,1779658025.5516706,dcs_bios_raw,RWR_LT_BRIGHT,52706,53676,970,,,,,,,,,,no,no,unmapped_raw_key
P02,without_tutor,T01,9215,2026-05-24T21:27:05.693446+00:00,1779658025.6904464,dcs_bios_raw,RWR_LT_BRIGHT,53676,52706,-970,,,,,,,,,,no,no,unmapped_raw_key
P02,without_tutor,T01,9216,2026-05-24T21:27:05.804692+00:00,1779658025.8016717,dcs_bios_raw,RWR_LT_BRIGHT,52706,53676,970,,,,,,,,,,no,no,unmapped_raw_key
P02,without_tutor,T01,9217,2026-05-24T21:27:05.950953+00:00,1779658025.9459531,dcs_bios_raw,RWR_LT_BRIGHT,53676,52706,-970,,,,,,,,,,no,no,unmapped_raw_key
P02,without_tutor,T01,9219,2026-05-24T21:27:06.054151+00:00,1779658026.051644,dcs_bios_raw,RWR_LT_BRIGHT,52706,53676,970,,,,,,,,,,no,no,unmapped_raw_key
P02,without_tutor,T01,9221,2026-05-24T21:27:06.160816+00:00,1779658026.1578145,dcs_bios_raw,RWR_LT_BRIGHT,53676,52706,-970,,,,,,,,,,no,no,unmapped_raw_key
P02,without_tutor,T01,9221,2026-05-24T21:27:06.160816+00:00,1779658026.1578145,dcs_bios_raw,EJECTION_SEAT_ARMED,0,1,1,,,,,,,,,,no,no,unmapped_raw_key
P02,without_tutor,T01,9221,2026-05-24T21:27:06.160816+00:00,1779658026.1578145,dcs_bios_raw,EJECTION_SEAT_MNL_OVRD,0,1,1,,,,,,,,,,no,no,unmapped_raw_key
P02,without_tutor,T01,9222,2026-05-24T21:27:06.304047+00:00,1779658026.301534,dcs_bios_raw,RWR_LT_BRIGHT,52706,53676,970,,,,,,,,,,no,no,unmapped_raw_key
P02,without_tutor,T01,9223,2026-05-24T21:27:06.410218+00:00,1779658026.4072247,dcs_bios_raw,RWR_LT_BRIGHT,53676,52706,-970,,,,,,,,,,no,no,unmapped_raw_key
P02,without_tutor,T01,9224,2026-05-24T21:27:06.515410+00:00,1779658026.5133972,dcs_bios_raw,RWR_LT_BRIGHT,52706,53676,970,,,,,,,,,,no,no,unmapped_raw_key
P02,without_tutor,T01,9225,2026-05-24T21:27:06.660200+00:00,1779658026.6572073,dcs_bios_raw,RWR_LT_BRIGHT,53676,52706,-970,,,,,,,,,,no,no,unmapped_raw_key
P02,without_tutor,T01,9226,2026-05-24T21:27:06.772456+00:00,1779658026.7684543,dcs_bios_raw,RWR_LT_BRIGHT,52706,53676,970,,,,,,,,,,no,no,unmapped_raw_key
P02,without_tutor,T01,9227,2026-05-24T21:27:06.877694+00:00,1779658026.874683,dcs_bios_raw,RWR_LT_BRIGHT,53676,52706,-970,,,,,,,,,,no,no,unmapped_raw_key
P02,without_tutor,T01,9229,2026-05-24T21:27:07.020973+00:00,1779658027.0179737,dcs_bios_raw,RWR_LT_BRIGHT,52706,53676,970,,,,,,,,,,no,no,unmapped_raw_key
P02,without_tutor,T01,9230,2026-05-24T21:27:07.126200+00:00,1779658027.1241865,dcs_bios_raw,RWR_LT_BRIGHT,53676,52706,-970,,,,,,,,,,no,no,unmapped_raw_key
P02,without_tutor,T01,9230,2026-05-24T21:27:07.126200+00:00,1779658027.1241865,dcs_bios_raw,EJECTION_SEAT_ARMED,1,0,-1,,,,,,,,,,no,no,unmapped_raw_key
P02,without_tutor,T01,9231,2026-05-24T21:27:07.298469+00:00,1779658027.2964687,dcs_bios_raw,RWR_LT_BRIGHT,52706,53676,970,,,,,,,,,,no,no,unmapped_raw_key
P02,without_tutor,T01,9232,2026-05-24T21:27:07.381092+00:00,1779658027.3780925,dcs_bios_raw,RWR_LT_BRIGHT,53676,52706,-970,,,,,,,,,,no,no,unmapped_raw_key
P02,without_tutor,T01,9233,2026-05-24T21:27:07.493791+00:00,1779658027.4892883,dcs_bios_raw,RWR_LT_BRIGHT,52706,53676,970,,,,,,,,,,no,no,unmapped_raw_key
P02,without_tutor,T01,9234,2026-05-24T21:27:07.630528+00:00,1779658027.6285284,dcs_bios_raw,RWR_LT_BRIGHT,53676,52706,-970,,,,,,,,,,no,no,unmapped_raw_key
P02,without_tutor,T01,9234,2026-05-24T21:27:07.630528+00:00,1779658027.6285284,dcs_bios_raw,EJECTION_SEAT_MNL_OVRD,1,0,-1,,,,,,,,,,no,no,unmapped_raw_key
P02,without_tutor,T01,9235,2026-05-24T21:27:07.737695+00:00,1779658027.7346914,dcs_bios_raw,RWR_LT_BRIGHT,52706,53676,970,,,,,,,,,,no,no,unmapped_raw_key
P02,without_tutor,T01,9236,2026-05-24T21:27:07.847892+00:00,1779658027.8448906,dcs_bios_raw,RWR_LT_BRIGHT,53676,52706,-970,,,,,,,,,,no,no,unmapped_raw_key
P02,without_tutor,T01,9237,2026-05-24T21:27:07.988631+00:00,1779658027.983626,dcs_bios_raw,RWR_LT_BRIGHT,52706,53676,970,,,,,,,,,,no,no,unmapped_raw_key
P02,without_tutor,T01,9238,2026-05-24T21:27:08.097756+00:00,1779658028.0947537,dcs_bios_raw,RWR_LT_BRIGHT,53676,52706,-970,,,,,,,,,,no,no,unmapped_raw_key
P02,without_tutor,T01,9239,2026-05-24T21:27:08.208902+00:00,1779658028.2058928,dcs_bios_raw,RWR_LT_BRIGHT,52706,53676,970,,,,,,,,,,no,no,unmapped_raw_key
P02,without_tutor,T01,9240,2026-05-24T21:27:08.314544+00:00,1779658028.3120377,dcs_bios_raw,RWR_LT_BRIGHT,53676,52706,-970,,,,,,,,,,no,no,unmapped_raw_key
P02,without_tutor,T01,9241,2026-05-24T21:27:08.460221+00:00,1779658028.4562204,dcs_bios_raw,RWR_LT_BRIGHT,52706,53676,970,,,,,,,,,,no,no,unmapped_raw_key
P02,without_tutor,T01,9242,2026-05-24T21:27:08.560929+00:00,1779658028.5569298,dcs_bios_raw,RWR_LT_BRIGHT,53676,52706,-970,,,,,,,,,,no,no,unmapped_raw_key
P02,without_tutor,T01,9243,2026-05-24T21:27:08.704232+00:00,1779658028.701726,dcs_bios_raw,RWR_LT_BRIGHT,52706,53676,970,,,,,,,,,,no,no,unmapped_raw_key
P02,without_tutor,T01,9244,2026-05-24T21:27:08.810427+00:00,1779658028.8069232,dcs_bios_raw,RWR_LT_BRIGHT,53676,52706,-970,,,,,,,,,,no,no,unmapped_raw_key
P02,without_tutor,T01,9245,2026-05-24T21:27:08.920589+00:00,1779658028.9175825,dcs_bios_raw,RWR_LT_BRIGHT,52706,53676,970,,,,,,,,,,no,no,unmapped_raw_key
P02,without_tutor,T01,9247,2026-05-24T21:27:09.059332+00:00,1779658029.0563333,dcs_bios_raw,RWR_LT_BRIGHT,53676,52706,-970,,,,,,,,,,no,no,unmapped_raw_key
P02,without_tutor,T01,9248,2026-05-24T21:27:09.164599+00:00,1779658029.1620867,dcs_bios_raw,RWR_LT_BRIGHT,52706,53676,970,,,,,,,,,,no,no,unmapped_raw_key
P02,without_tutor,T01,9249,2026-05-24T21:27:09.303399+00:00,1779658029.300889,dcs_bios_raw,RWR_LT_BRIGHT,53676,52706,-970,,,,,,,,,,no,no,unmapped_raw_key
P02,without_tutor,T01,9250,2026-05-24T21:27:09.411539+00:00,1779658029.4060373,dcs_bios_raw,RWR_LT_BRIGHT,52706,53676,970,,,,,,,,,,no,no,unmapped_raw_key
P02,without_tutor,T01,9251,2026-05-24T21:27:09.541764+00:00,1779658029.5397644,dcs_bios_raw,RWR_LT_BRIGHT,53676,52706,-970,,,,,,,,,,no,no,unmapped_raw_key
P02,without_tutor,T01,9252,2026-05-24T21:27:09.648016+00:00,1779658029.6460092,dcs_bios_raw,RWR_LT_BRIGHT,52706,53676,970,,,,,,,,,,no,no,unmapped_raw_key
P02,without_tutor,T01,9253,2026-05-24T21:27:09.791810+00:00,1779658029.7898102,dcs_bios_raw,RWR_LT_BRIGHT,53676,52706,-970,,,,,,,,,,no,no,unmapped_raw_key
P02,without_tutor,T01,9254,2026-05-24T21:27:09.898510+00:00,1779658029.8955102,dcs_bios_raw,RWR_LT_BRIGHT,52706,53676,970,,,,,,,,,,no,no,unmapped_raw_key
P02,without_tutor,T01,9256,2026-05-24T21:27:10.003230+00:00,1779658030.0007277,dcs_bios_raw,RWR_LT_BRIGHT,53676,52706,-970,,,,,,,,,,no,no,unmapped_raw_key
P02,without_tutor,T01,9257,2026-05-24T21:27:10.148529+00:00,1779658030.1455224,dcs_bios_raw,RWR_LT_BRIGHT,52706,53676,970,,,,,,,,,,no,no,unmapped_raw_key
P02,without_tutor,T01,9258,2026-05-24T21:27:10.253237+00:00,1779658030.2507265,dcs_bios_raw,RWR_LT_BRIGHT,53676,52706,-970,,,,,,,,,,no,no,unmapped_raw_key
P02,without_tutor,T01,9259,2026-05-24T21:27:10.364991+00:00,1779658030.3624809,dcs_bios_raw,RWR_LT_BRIGHT,52706,53676,970,,,,,,,,,,no,no,unmapped_raw_key
P02,without_tutor,T01,9260,2026-05-24T21:27:10.510145+00:00,1779658030.5061452,dcs_bios_raw,RWR_LT_BRIGHT,53676,52706,-970,,,,,,,,,,no,no,unmapped_raw_key
P02,without_tutor,T01,9261,2026-05-24T21:27:10.614823+00:00,1779658030.6123195,dcs_bios_raw,RWR_LT_BRIGHT,52706,53676,970,,,,,,,,,,no,no,unmapped_raw_key
P02,without_tutor,T01,9262,2026-05-24T21:27:10.720044+00:00,1779658030.7180448,dcs_bios_raw,RWR_LT_BRIGHT,53676,52706,-970,,,,,,,,,,no,no,unmapped_raw_key
P02,without_tutor,T01,9263,2026-05-24T21:27:10.864340+00:00,1779658030.861836,dcs_bios_raw,RWR_LT_BRIGHT,52706,53676,970,,,,,,,,,,no,no,unmapped_raw_key
P02,without_tutor,T01,9264,2026-05-24T21:27:10.972441+00:00,1779658030.9674423,dcs_bios_raw,RWR_LT_BRIGHT,53676,52706,-970,,,,,,,,,,no,no,unmapped_raw_key
P02,without_tutor,T01,9265,2026-05-24T21:27:11.071619+00:00,1779658031.0696197,dcs_bios_raw,RWR_LT_BRIGHT,52706,53676,970,,,,,,,,,,no,no,unmapped_raw_key
P02,without_tutor,T01,9266,2026-05-24T21:27:11.210387+00:00,1779658031.208389,dcs_bios_raw,RWR_LT_BRIGHT,53676,52706,-970,,,,,,,,,,no,no,unmapped_raw_key
P02,without_tutor,T01,9267,2026-05-24T21:27:11.316091+00:00,1779658031.313564,dcs_bios_raw,RWR_LT_BRIGHT,52706,53676,970,,,,,,,,,,no,no,unmapped_raw_key
P02,without_tutor,T01,9268,2026-05-24T21:27:11.454838+00:00,1779658031.4523346,dcs_bios_raw,RWR_LT_BRIGHT,53676,52706,-970,,,,,,,,,,no,no,unmapped_raw_key
P02,without_tutor,T01,9269,2026-05-24T21:27:11.554990+00:00,1779658031.5524766,dcs_bios_raw,RWR_LT_BRIGHT,52706,53676,970,,,,,,,,,,no,no,unmapped_raw_key
P02,without_tutor,T01,9270,2026-05-24T21:27:11.693770+00:00,1779658031.6912603,dcs_bios_raw,RWR_LT_BRIGHT,53676,52706,-970,,,,,,,,,,no,no,unmapped_raw_key
P02,without_tutor,T01,9271,2026-05-24T21:27:11.799442+00:00,1779658031.7974434,dcs_bios_raw,RWR_LT_BRIGHT,52706,53676,970,,,,,,,,,,no,no,unmapped_raw_key
P02,without_tutor,T01,9272,2026-05-24T21:27:11.944279+00:00,1779658031.9417665,dcs_bios_raw,RWR_LT_BRIGHT,53676,52706,-970,,,,,,,,,,no,no,unmapped_raw_key
P02,without_tutor,T01,9274,2026-05-24T21:27:12.049990+00:00,1779658032.0469978,dcs_bios_raw,RWR_LT_BRIGHT,52706,53676,970,,,,,,,,,,no,no,unmapped_raw_key
P02,without_tutor,T01,9275,2026-05-24T21:27:12.155180+00:00,1779658032.151676,dcs_bios_raw,RWR_LT_BRIGHT,53676,52706,-970,,,,,,,,,,no,no,unmapped_raw_key
P02,without_tutor,T01,9276,2026-05-24T21:27:12.304523+00:00,1779658032.3019996,dcs_bios_raw,RWR_LT_BRIGHT,52706,53676,970,,,,,,,,,,no,no,unmapped_raw_key
P02,without_tutor,T01,9277,2026-05-24T21:27:12.410247+00:00,1779658032.4072545,dcs_bios_raw,RWR_LT_BRIGHT,53676,52706,-970,,,,,,,,,,no,no,unmapped_raw_key
P02,without_tutor,T01,9278,2026-05-24T21:27:12.517966+00:00,1779658032.51344,dcs_bios_raw,RWR_LT_BRIGHT,52706,53676,970,,,,,,,,,,no,no,unmapped_raw_key
P02,without_tutor,T01,9279,2026-05-24T21:27:12.654778+00:00,1779658032.6522655,dcs_bios_raw,RWR_LT_BRIGHT,53676,52706,-970,,,,,,,,,,no,no,unmapped_raw_key
P02,without_tutor,T01,9280,2026-05-24T21:27:12.768024+00:00,1779658032.7630134,dcs_bios_raw,RWR_LT_BRIGHT,52706,53676,970,,,,,,,,,,no,no,unmapped_raw_key
P02,without_tutor,T01,9281,2026-05-24T21:27:12.904843+00:00,1779658032.9023235,dcs_bios_raw,RWR_LT_BRIGHT,53676,52706,-970,,,,,,,,,,no,no,unmapped_raw_key
P02,without_tutor,T01,9283,2026-05-24T21:27:13.016087+00:00,1779658033.014088,dcs_bios_raw,RWR_LT_BRIGHT,52706,53676,970,,,,,,,,,,no,no,unmapped_raw_key
P02,without_tutor,T01,9284,2026-05-24T21:27:13.084256+00:00,1779658033.080724,dcs_bios_raw,SEAT_HEIGHT_SW,,0,0,,,,,,,,,,no,no,unmapped_raw_key
P02,without_tutor,T01,9285,2026-05-24T21:27:13.123834+00:00,1779658033.1193252,dcs_bios_raw,RWR_LT_BRIGHT,53676,52706,-970,,,,,,,,,,no,no,unmapped_raw_key
P02,without_tutor,T01,9286,2026-05-24T21:27:13.257104+00:00,1779658033.2530904,dcs_bios_raw,RWR_LT_BRIGHT,52706,53670,964,,,,,,,,,,no,no,unmapped_raw_key
P02,without_tutor,T01,9287,2026-05-24T21:27:13.361802+00:00,1779658033.3598087,dcs_bios_raw,RWR_LT_BRIGHT,53670,52706,-964,,,,,,,,,,no,no,unmapped_raw_key
P02,without_tutor,T01,9288,2026-05-24T21:27:13.462435+00:00,1779658033.4584339,dcs_bios_raw,SEAT_HEIGHT_SW,0,1,1,,,,,,,,,,no,no,unmapped_raw_key
P02,without_tutor,T01,9289,2026-05-24T21:27:13.496462+00:00,1779658033.4919558,dcs_bios_raw,RWR_LT_BRIGHT,52706,53669,963,,,,,,,,,,no,no,unmapped_raw_key
P02,without_tutor,T01,9290,2026-05-24T21:27:13.600157+00:00,1779658033.5971515,dcs_bios_raw,RWR_LT_BRIGHT,53669,52706,-963,,,,,,,,,,no,no,unmapped_raw_key
P02,without_tutor,T01,9291,2026-05-24T21:27:13.739519+00:00,1779658033.7365124,dcs_bios_raw,RWR_LT_BRIGHT,52706,53675,969,,,,,,,,,,no,no,unmapped_raw_key
P02,without_tutor,T01,9292,2026-05-24T21:27:13.839230+00:00,1779658033.8362305,dcs_bios_raw,RWR_LT_BRIGHT,53675,52706,-969,,,,,,,,,,no,no,unmapped_raw_key
P02,without_tutor,T01,9292,2026-05-24T21:27:13.839230+00:00,1779658033.8362305,dcs_bios_raw,SEAT_HEIGHT_SW,1,2,1,,,,,,,,,,no,no,unmapped_raw_key
P02,without_tutor,T01,9293,2026-05-24T21:27:13.980072+00:00,1779658033.975061,dcs_bios_raw,RWR_LT_BRIGHT,52706,53670,964,,,,,,,,,,no,no,unmapped_raw_key
P02,without_tutor,T01,9294,2026-05-24T21:27:14.085342+00:00,1779658034.080817,dcs_bios_raw,RWR_LT_BRIGHT,53670,52706,-964,,,,,,,,,,no,no,unmapped_raw_key
P02,without_tutor,T01,9295,2026-05-24T21:27:14.227653+00:00,1779658034.2256534,dcs_bios_raw,RWR_LT_BRIGHT,52706,53669,963,,,,,,,,,,no,no,unmapped_raw_key
P02,without_tutor,T01,9296,2026-05-24T21:27:14.333274+00:00,1779658034.3302746,dcs_bios_raw,RWR_LT_BRIGHT,53669,52706,-963,,,,,,,,,,no,no,unmapped_raw_key
P02,without_tutor,T01,9296,2026-05-24T21:27:14.333274+00:00,1779658034.3302746,dcs_bios_raw,SEAT_HEIGHT_SW,2,1,-1,,,,,,,,,,no,no,unmapped_raw_key
P02,without_tutor,T01,9297,2026-05-24T21:27:14.438484+00:00,1779658034.436485,dcs_bios_raw,RWR_LT_BRIGHT,52706,53669,963,,,,,,,,,,no,no,unmapped_raw_key
P02,without_tutor,T01,9298,2026-05-24T21:27:14.583716+00:00,1779658034.5812137,dcs_bios_raw,RWR_LT_BRIGHT,53669,52706,-963,,,,,,,,,,no,no,unmapped_raw_key
P02,without_tutor,T01,9299,2026-05-24T21:27:14.688411+00:00,1779658034.6864038,dcs_bios_raw,RWR_LT_BRIGHT,52706,53675,969,,,,,,,,,,no,no,unmapped_raw_key
P02,without_tutor,T01,9300,2026-05-24T21:27:14.800607+00:00,1779658034.7976074,dcs_bios_raw,RWR_LT_BRIGHT,53675,52706,-969,,,,,,,,,,no,no,unmapped_raw_key
P02,without_tutor,T01,9301,2026-05-24T21:27:14.938821+00:00,1779658034.935821,dcs_bios_raw,RWR_LT_BRIGHT,52706,53676,970,,,,,,,,,,no,no,unmapped_raw_key
P02,without_tutor,T01,9303,2026-05-24T21:27:15.051521+00:00,1779658035.0475147,dcs_bios_raw,RWR_LT_BRIGHT,53676,52706,-970,,,,,,,,,,no,no,unmapped_raw_key
P02,without_tutor,T01,9304,2026-05-24T21:27:15.189239+00:00,1779658035.1862462,dcs_bios_raw,RWR_LT_BRIGHT,52706,53676,970,,,,,,,,,,no,no,unmapped_raw_key
P02,without_tutor,T01,9305,2026-05-24T21:27:15.299501+00:00,1779658035.2975075,dcs_bios_raw,RWR_LT_BRIGHT,53676,52706,-970,,,,,,,,,,no,no,unmapped_raw_key
P02,without_tutor,T01,9307,2026-05-24T21:27:15.407204+00:00,1779658035.4031885,dcs_bios_raw,RWR_LT_BRIGHT,52706,53676,970,,,,,,,,,,no,no,unmapped_raw_key
P02,without_tutor,T01,9308,2026-05-24T21:27:15.544436+00:00,1779658035.5419216,dcs_bios_raw,RWR_LT_BRIGHT,53676,52706,-970,,,,,,,,,,no,no,unmapped_raw_key
P02,without_tutor,T01,9309,2026-05-24T21:27:15.656160+00:00,1779658035.653144,dcs_bios_raw,RWR_LT_BRIGHT,52706,53676,970,,,,,,,,,,no,no,unmapped_raw_key
P02,without_tutor,T01,9310,2026-05-24T21:27:15.761361+00:00,1779658035.7583542,dcs_bios_raw,RWR_LT_BRIGHT,53676,52706,-970,,,,,,,,,,no,no,unmapped_raw_key
P02,without_tutor,T01,9311,2026-05-24T21:27:15.905713+00:00,1779658035.9036999,dcs_bios_raw,RWR_LT_BRIGHT,52706,53676,970,,,,,,,,,,no,no,unmapped_raw_key
P02,without_tutor,T01,9313,2026-05-24T21:27:16.010837+00:00,1779658036.0088377,dcs_bios_raw,RWR_LT_BRIGHT,53676,52706,-970,,,,,,,,,,no,no,unmapped_raw_key
P02,without_tutor,T01,9314,2026-05-24T21:27:16.123045+00:00,1779658036.120535,dcs_bios_raw,RWR_LT_BRIGHT,52706,53676,970,,,,,,,,,,no,no,unmapped_raw_key
P02,without_tutor,T01,9315,2026-05-24T21:27:16.155087+00:00,1779658036.1530805,dcs_bios_raw,SHLDR_HARNESS_SW,,1,1,,,,,,,,,,no,no,unmapped_raw_key
P02,without_tutor,T01,9316,2026-05-24T21:27:16.260802+00:00,1779658036.2588024,dcs_bios_raw,RWR_LT_BRIGHT,53676,52706,-970,,,,,,,,,,no,no,unmapped_raw_key
P02,without_tutor,T01,9317,2026-05-24T21:27:16.367025+00:00,1779658036.365015,dcs_bios_raw,RWR_LT_BRIGHT,52706,53676,970,,,,,,,,,,no,no,unmapped_raw_key
P02,without_tutor,T01,9318,2026-05-24T21:27:16.511722+00:00,1779658036.508711,dcs_bios_raw,RWR_LT_BRIGHT,53676,52706,-970,,,,,,,,,,no,no,unmapped_raw_key
P02,without_tutor,T01,9319,2026-05-24T21:27:16.622433+00:00,1779658036.6194403,dcs_bios_raw,RWR_LT_BRIGHT,52706,53676,970,,,,,,,,,,no,no,unmapped_raw_key
P02,without_tutor,T01,9320,2026-05-24T21:27:16.727700+00:00,1779658036.7256904,dcs_bios_raw,RWR_LT_BRIGHT,53676,52706,-970,,,,,,,,,,no,no,unmapped_raw_key
P02,without_tutor,T01,9321,2026-05-24T21:27:16.866490+00:00,1779658036.864486,dcs_bios_raw,RWR_LT_BRIGHT,52706,53676,970,,,,,,,,,,no,no,unmapped_raw_key
P02,without_tutor,T01,9322,2026-05-24T21:27:16.939619+00:00,1779658036.9366267,dcs_bios_raw,SHLDR_HARNESS_SW,1,0,-1,,,,,,,,,,no,no,unmapped_raw_key
P02,without_tutor,T01,9323,2026-05-24T21:27:16.977700+00:00,1779658036.9746983,dcs_bios_raw,RWR_LT_BRIGHT,53676,52706,-970,,,,,,,,,,no,no,unmapped_raw_key
P02,without_tutor,T01,9324,2026-05-24T21:27:17.083412+00:00,1779658037.080412,dcs_bios_raw,RWR_LT_BRIGHT,52706,53676,970,,,,,,,,,,no,no,unmapped_raw_key
P02,without_tutor,T01,9325,2026-05-24T21:27:17.228228+00:00,1779658037.2247052,dcs_bios_raw,RWR_LT_BRIGHT,53676,52706,-970,,,,,,,,,,no,no,unmapped_raw_key
P02,without_tutor,T01,9326,2026-05-24T21:27:17.334438+00:00,1779658037.3309338,dcs_bios_raw,RWR_LT_BRIGHT,52706,53676,970,,,,,,,,,,no,no,unmapped_raw_key
P02,without_tutor,T01,9327,2026-05-24T21:27:17.440160+00:00,1779658037.4361532,dcs_bios_raw,RWR_LT_BRIGHT,53676,52706,-970,,,,,,,,,,no,no,unmapped_raw_key
P02,without_tutor,T01,9328,2026-05-24T21:27:17.568429+00:00,1779658037.5654292,dcs_bios_raw,RWR_LT_BRIGHT,52706,53676,970,,,,,,,,,,no,no,unmapped_raw_key
P02,without_tutor,T01,9329,2026-05-24T21:27:17.706238+00:00,1779658037.7032266,dcs_bios_raw,RWR_LT_BRIGHT,53676,52706,-970,,,,,,,,,,no,no,unmapped_raw_key
P02,without_tutor,T01,9330,2026-05-24T21:27:17.810950+00:00,1779658037.80895,dcs_bios_raw,RWR_LT_BRIGHT,52706,53676,970,,,,,,,,,,no,no,unmapped_raw_key
P02,without_tutor,T01,9331,2026-05-24T21:27:17.917196+00:00,1779658037.9141862,dcs_bios_raw,RWR_LT_BRIGHT,53676,52706,-970,,,,,,,,,,no,no,unmapped_raw_key
P02,without_tutor,T01,9333,2026-05-24T21:27:18.066975+00:00,1779658038.06397,dcs_bios_raw,RWR_LT_BRIGHT,52706,53676,970,,,,,,,,,,no,no,unmapped_raw_key
P02,without_tutor,T01,9334,2026-05-24T21:27:18.167674+00:00,1779658038.1636608,dcs_bios_raw,RWR_LT_BRIGHT,53676,52706,-970,,,,,,,,,,no,no,unmapped_raw_key
P02,without_tutor,T01,9335,2026-05-24T21:27:18.277881+00:00,1779658038.2758892,dcs_bios_raw,RWR_LT_BRIGHT,52706,53676,970,,,,,,,,,,no,no,unmapped_raw_key
P02,without_tutor,T01,9336,2026-05-24T21:27:18.416571+00:00,1779658038.4145687,dcs_bios_raw,RWR_LT_BRIGHT,53676,52706,-970,,,,,,,,,,no,no,unmapped_raw_key
P02,without_tutor,T01,9337,2026-05-24T21:27:18.529285+00:00,1779658038.5257893,dcs_bios_raw,RWR_LT_BRIGHT,52706,53676,970,,,,,,,,,,no,no,unmapped_raw_key
P02,without_tutor,T01,9338,2026-05-24T21:27:18.634463+00:00,1779658038.6309571,dcs_bios_raw,RWR_LT_BRIGHT,53676,52706,-970,,,,,,,,,,no,no,unmapped_raw_key
P02,without_tutor,T01,9339,2026-05-24T21:27:18.778244+00:00,1779658038.775234,dcs_bios_raw,RWR_LT_BRIGHT,52706,53676,970,,,,,,,,,,no,no,unmapped_raw_key
P02,without_tutor,T01,9340,2026-05-24T21:27:18.889422+00:00,1779658038.8864295,dcs_bios_raw,RWR_LT_BRIGHT,53676,52706,-970,,,,,,,,,,no,no,unmapped_raw_key
P02,without_tutor,T01,9341,2026-05-24T21:27:19.000658+00:00,1779658038.9976583,dcs_bios_raw,RWR_LT_BRIGHT,52706,53676,970,,,,,,,,,,no,no,unmapped_raw_key
P02,without_tutor,T01,9342,2026-05-24T21:27:19.101384+00:00,1779658039.0973837,dcs_bios_raw,SEAT_HEIGHT_SW,1,0,-1,,,,,,,,,,no,no,unmapped_raw_key
P02,without_tutor,T01,9343,2026-05-24T21:27:19.138932+00:00,1779658039.1369321,dcs_bios_raw,RWR_LT_BRIGHT,53676,52706,-970,,,,,,,,,,no,no,unmapped_raw_key
P02,without_tutor,T01,9344,2026-05-24T21:27:19.245187+00:00,1779658039.2416656,dcs_bios_raw,RWR_LT_BRIGHT,52706,53670,964,,,,,,,,,,no,no,unmapped_raw_key
P02,without_tutor,T01,9345,2026-05-24T21:27:19.383939+00:00,1779658039.3814378,dcs_bios_raw,RWR_LT_BRIGHT,53670,52706,-964,,,,,,,,,,no,no,unmapped_raw_key
P02,without_tutor,T01,9346,2026-05-24T21:27:19.456022+00:00,1779658039.4535158,dcs_bios_raw,SEAT_HEIGHT_SW,0,1,1,,,,,,,,,,no,no,unmapped_raw_key
P02,without_tutor,T01,9347,2026-05-24T21:27:19.490603+00:00,1779658039.486602,dcs_bios_raw,RWR_LT_BRIGHT,52706,53669,963,,,,,,,,,,no,no,unmapped_raw_key
P02,without_tutor,T01,9348,2026-05-24T21:27:19.594850+00:00,1779658039.592337,dcs_bios_raw,RWR_LT_BRIGHT,53669,52706,-963,,,,,,,,,,no,no,unmapped_raw_key
P02,without_tutor,T01,9349,2026-05-24T21:27:19.744635+00:00,1779658039.742138,dcs_bios_raw,RWR_LT_BRIGHT,52706,53675,969,,,,,,,,,,no,no,unmapped_raw_key
P02,without_tutor,T01,9350,2026-05-24T21:27:19.845374+00:00,1779658039.8418515,dcs_bios_raw,RWR_LT_BRIGHT,53675,52706,-969,,,,,,,,,,no,no,unmapped_raw_key
P02,without_tutor,T01,9351,2026-05-24T21:27:19.995679+00:00,1779658039.9921637,dcs_bios_raw,RWR_LT_BRIGHT,52706,53676,970,,,,,,,,,,no,no,unmapped_raw_key
P02,without_tutor,T01,9352,2026-05-24T21:27:20.068822+00:00,1779658040.0648117,dcs_bios_raw,SEAT_HEIGHT_SW,1,2,1,,,,,,,,,,no,no,unmapped_raw_key
P02,without_tutor,T01,9353,2026-05-24T21:27:20.100383+00:00,1779658040.0973833,dcs_bios_raw,RWR_LT_BRIGHT,53676,52706,-970,,,,,,,,,,no,no,unmapped_raw_key
P02,without_tutor,T01,9354,2026-05-24T21:27:20.200584+00:00,1779658040.1975782,dcs_bios_raw,RWR_LT_BRIGHT,52706,53670,964,,,,,,,,,,no,no,unmapped_raw_key
P02,without_tutor,T01,9355,2026-05-24T21:27:20.344349+00:00,1779658040.3418303,dcs_bios_raw,RWR_LT_BRIGHT,53670,52706,-964,,,,,,,,,,no,no,unmapped_raw_key
P02,without_tutor,T01,9356,2026-05-24T21:27:20.455473+00:00,1779658040.4534686,dcs_bios_raw,RWR_LT_BRIGHT,52706,53669,963,,,,,,,,,,no,no,unmapped_raw_key
P02,without_tutor,T01,9357,2026-05-24T21:27:20.556124+00:00,1779658040.5531204,dcs_bios_raw,RWR_LT_BRIGHT,53669,52706,-963,,,,,,,,,,no,no,unmapped_raw_key
P02,without_tutor,T01,9358,2026-05-24T21:27:20.688820+00:00,1779658040.6868205,dcs_bios_raw,RWR_LT_BRIGHT,52706,53669,963,,,,,,,,,,no,no,unmapped_raw_key
P02,without_tutor,T01,9359,2026-05-24T21:27:20.727869+00:00,1779658040.7258713,dcs_bios_raw,SEAT_HEIGHT_SW,2,1,-1,,,,,,,,,,no,no,unmapped_raw_key
P02,without_tutor,T01,9360,2026-05-24T21:27:20.800457+00:00,1779658040.797457,dcs_bios_raw,RWR_LT_BRIGHT,53669,52706,-963,,,,,,,,,,no,no,unmapped_raw_key
P02,without_tutor,T01,9361,2026-05-24T21:27:20.940703+00:00,1779658040.9376962,dcs_bios_raw,RWR_LT_BRIGHT,52706,53675,969,,,,,,,,,,no,no,unmapped_raw_key
P02,without_tutor,T01,9363,2026-05-24T21:27:21.044353+00:00,1779658041.041847,dcs_bios_raw,RWR_LT_BRIGHT,53675,52706,-969,,,,,,,,,,no,no,unmapped_raw_key
P02,without_tutor,T01,9364,2026-05-24T21:27:21.186549+00:00,1779658041.1810484,dcs_bios_raw,RWR_LT_BRIGHT,52706,53676,970,,,,,,,,,,no,no,unmapped_raw_key
P02,without_tutor,T01,9365,2026-05-24T21:27:21.296178+00:00,1779658041.291653,dcs_bios_raw,RWR_LT_BRIGHT,53676,52706,-970,,,,,,,,,,no,no,unmapped_raw_key
P02,without_tutor,T01,9366,2026-05-24T21:27:21.405394+00:00,1779658041.4033825,dcs_bios_raw,RWR_LT_BRIGHT,52706,53676,970,,,,,,,,,,no,no,unmapped_raw_key
P02,without_tutor,T01,9367,2026-05-24T21:27:21.545620+00:00,1779658041.5420964,dcs_bios_raw,RWR_LT_BRIGHT,53676,52706,-970,,,,,,,,,,no,no,unmapped_raw_key
P02,without_tutor,T01,9368,2026-05-24T21:27:21.655805+00:00,1779658041.6537914,dcs_bios_raw,RWR_LT_BRIGHT,52706,53676,970,,,,,,,,,,no,no,unmapped_raw_key
P02,without_tutor,T01,9369,2026-05-24T21:27:21.756487+00:00,1779658041.7534714,dcs_bios_raw,RWR_LT_BRIGHT,53676,52706,-970,,,,,,,,,,no,no,unmapped_raw_key
P02,without_tutor,T01,9370,2026-05-24T21:27:21.900237+00:00,1779658041.8982456,dcs_bios_raw,RWR_LT_BRIGHT,52706,53676,970,,,,,,,,,,no,no,unmapped_raw_key
P02,without_tutor,T01,9372,2026-05-24T21:27:22.006512+00:00,1779658042.003495,dcs_bios_raw,RWR_LT_BRIGHT,53676,52706,-970,,,,,,,,,,no,no,unmapped_raw_key
P02,without_tutor,T01,9373,2026-05-24T21:27:22.151333+00:00,1779658042.1483402,dcs_bios_raw,RWR_LT_BRIGHT,52706,53676,970,,,,,,,,,,no,no,unmapped_raw_key
P02,without_tutor,T01,9374,2026-05-24T21:27:22.257545+00:00,1779658042.25352,dcs_bios_raw,RWR_LT_BRIGHT,53676,52706,-970,,,,,,,,,,no,no,unmapped_raw_key
P02,without_tutor,T01,9375,2026-05-24T21:27:22.356210+00:00,1779658042.3542085,dcs_bios_raw,RWR_LT_BRIGHT,52706,53676,970,,,,,,,,,,no,no,unmapped_raw_key
P02,without_tutor,T01,9376,2026-05-24T21:27:22.489445+00:00,1779658042.486445,dcs_bios_raw,RWR_LT_BRIGHT,53676,52706,-970,,,,,,,,,,no,no,unmapped_raw_key
P02,without_tutor,T01,9377,2026-05-24T21:27:22.594679+00:00,1779658042.5921738,dcs_bios_raw,RWR_LT_BRIGHT,52706,53676,970,,,,,,,,,,no,no,unmapped_raw_key
P02,without_tutor,T01,9378,2026-05-24T21:27:22.738987+00:00,1779658042.736474,dcs_bios_raw,RWR_LT_BRIGHT,53676,52706,-970,,,,,,,,,,no,no,unmapped_raw_key
P02,without_tutor,T01,9379,2026-05-24T21:27:22.819142+00:00,1779658042.8171349,dcs_bios_raw,RUDDER_PEDAL_ADJUST,,1,1,,,,,,,,,,no,no,unmapped_raw_key
P02,without_tutor,T01,9380,2026-05-24T21:27:22.859738+00:00,1779658042.8557386,dcs_bios_raw,RWR_LT_BRIGHT,52706,53676,970,,,,,,,,,,no,no,unmapped_raw_key
P02,without_tutor,T01,9381,2026-05-24T21:27:22.984934+00:00,1779658042.982437,dcs_bios_raw,RWR_LT_BRIGHT,53676,52706,-970,,,,,,,,,,no,no,unmapped_raw_key
P02,without_tutor,T01,9382,2026-05-24T21:27:23.097118+00:00,1779658043.0930943,dcs_bios_raw,RWR_LT_BRIGHT,52706,53676,970,,,,,,,,,,no,no,unmapped_raw_key
P02,without_tutor,T01,9383,2026-05-24T21:27:23.200806+00:00,1779658043.198806,dcs_bios_raw,RWR_LT_BRIGHT,53676,52706,-970,,,,,,,,,,no,no,unmapped_raw_key
P02,without_tutor,T01,9384,2026-05-24T21:27:23.342063+00:00,1779658043.3380609,dcs_bios_raw,RWR_LT_BRIGHT,52706,53676,970,,,,,,,,,,no,no,unmapped_raw_key
P02,without_tutor,T01,9384,2026-05-24T21:27:23.342063+00:00,1779658043.3380609,dcs_bios_raw,RUDDER_PEDAL_ADJUST,1,0,-1,,,,,,,,,,no,no,unmapped_raw_key
P02,without_tutor,T01,9385,2026-05-24T21:27:23.441732+00:00,1779658043.4377186,dcs_bios_raw,RWR_LT_BRIGHT,53676,52706,-970,,,,,,,,,,no,no,unmapped_raw_key
P02,without_tutor,T01,9386,2026-05-24T21:27:23.573426+00:00,1779658043.5709243,dcs_bios_raw,RWR_LT_BRIGHT,52706,53676,970,,,,,,,,,,no,no,unmapped_raw_key
P02,without_tutor,T01,9387,2026-05-24T21:27:23.680125+00:00,1779658043.6771185,dcs_bios_raw,RWR_LT_BRIGHT,53676,52706,-970,,,,,,,,,,no,no,unmapped_raw_key
P02,without_tutor,T01,9388,2026-05-24T21:27:23.823394+00:00,1779658043.8208911,dcs_bios_raw,RWR_LT_BRIGHT,52706,53676,970,,,,,,,,,,no,no,unmapped_raw_key
P02,without_tutor,T01,9389,2026-05-24T21:27:23.930150+00:00,1779658043.927157,dcs_bios_raw,RWR_LT_BRIGHT,53676,52706,-970,,,,,,,,,,no,no,unmapped_raw_key
P02,without_tutor,T01,9391,2026-05-24T21:27:24.036375+00:00,1779658044.0318558,dcs_bios_raw,RWR_LT_BRIGHT,52706,53676,970,,,,,,,,,,no,no,unmapped_raw_key
P02,without_tutor,T01,9392,2026-05-24T21:27:24.174585+00:00,1779658044.17208,dcs_bios_raw,RWR_LT_BRIGHT,53676,52706,-970,,,,,,,,,,no,no,unmapped_raw_key
P02,without_tutor,T01,9393,2026-05-24T21:27:24.307771+00:00,1779658044.3047602,dcs_bios_raw,RWR_LT_BRIGHT,52706,53676,970,,,,,,,,,,no,no,unmapped_raw_key
P02,without_tutor,T01,9394,2026-05-24T21:27:24.378897+00:00,1779658044.376907,dcs_bios_raw,RUDDER_PEDAL_ADJUST,0,1,1,,,,,,,,,,no,no,unmapped_raw_key
P02,without_tutor,T01,9395,2026-05-24T21:27:24.417955+00:00,1779658044.414953,dcs_bios_raw,RWR_LT_BRIGHT,53676,52706,-970,,,,,,,,,,no,no,unmapped_raw_key
P02,without_tutor,T01,9396,2026-05-24T21:27:24.525124+00:00,1779658044.5216126,dcs_bios_raw,RWR_LT_BRIGHT,52706,53676,970,,,,,,,,,,no,no,unmapped_raw_key
P02,without_tutor,T01,9397,2026-05-24T21:27:24.668433+00:00,1779658044.6664336,dcs_bios_raw,RWR_LT_BRIGHT,53676,52706,-970,,,,,,,,,,no,no,unmapped_raw_key
P02,without_tutor,T01,9398,2026-05-24T21:27:24.769181+00:00,1779658044.7661827,dcs_bios_raw,RWR_LT_BRIGHT,52706,53676,970,,,,,,,,,,no,no,unmapped_raw_key
P02,without_tutor,T01,9399,2026-05-24T21:27:24.913387+00:00,1779658044.9108837,dcs_bios_raw,RWR_LT_BRIGHT,53676,52706,-970,,,,,,,,,,no,no,unmapped_raw_key
P02,without_tutor,T01,9401,2026-05-24T21:27:25.021032+00:00,1779658045.0160246,dcs_bios_raw,RWR_LT_BRIGHT,52706,53676,970,,,,,,,,,,no,no,unmapped_raw_key
P02,without_tutor,T01,9402,2026-05-24T21:27:25.096679+00:00,1779658045.093669,dcs_bios_raw,RUDDER_PEDAL_ADJUST,1,0,-1,,,,,,,,,,no,no,unmapped_raw_key
P02,without_tutor,T01,9403,2026-05-24T21:27:25.130241+00:00,1779658045.127234,dcs_bios_raw,RWR_LT_BRIGHT,53676,52706,-970,,,,,,,,,,no,no,unmapped_raw_key
P02,without_tutor,T01,9404,2026-05-24T21:27:25.238442+00:00,1779658045.2334359,dcs_bios_raw,RWR_LT_BRIGHT,52706,53676,970,,,,,,,,,,no,no,unmapped_raw_key
P02,without_tutor,T01,9405,2026-05-24T21:27:25.381721+00:00,1779658045.3767219,dcs_bios_raw,RWR_LT_BRIGHT,53676,52706,-970,,,,,,,,,,no,no,unmapped_raw_key
P02,without_tutor,T01,9406,2026-05-24T21:27:25.491889+00:00,1779658045.4888897,dcs_bios_raw,RWR_LT_BRIGHT,52706,53676,970,,,,,,,,,,no,no,unmapped_raw_key
P02,without_tutor,T01,9407,2026-05-24T21:27:25.631676+00:00,1779658045.6276772,dcs_bios_raw,RWR_LT_BRIGHT,53676,52706,-970,,,,,,,,,,no,no,unmapped_raw_key
P02,without_tutor,T01,9408,2026-05-24T21:27:25.740895+00:00,1779658045.7388892,dcs_bios_raw,RWR_LT_BRIGHT,52706,53676,970,,,,,,,,,,no,no,unmapped_raw_key
P02,without_tutor,T01,9409,2026-05-24T21:27:25.846605+00:00,1779658045.844601,dcs_bios_raw,RWR_LT_BRIGHT,53676,52706,-970,,,,,,,,,,no,no,unmapped_raw_key
P02,without_tutor,T01,9410,2026-05-24T21:27:25.880187+00:00,1779658045.878187,dcs_bios_raw,RUDDER_PEDAL_ADJUST,0,1,1,,,,,,,,,,no,no,unmapped_raw_key
P02,without_tutor,T01,9411,2026-05-24T21:27:25.995911+00:00,1779658045.9923954,dcs_bios_raw,RWR_LT_BRIGHT,52706,53676,970,,,,,,,,,,no,no,unmapped_raw_key
P02,without_tutor,T01,9412,2026-05-24T21:27:26.100525+00:00,1779658046.0975254,dcs_bios_raw,RWR_LT_BRIGHT,53676,52706,-970,,,,,,,,,,no,no,unmapped_raw_key
P02,without_tutor,T01,9413,2026-05-24T21:27:26.206788+00:00,1779658046.2037673,dcs_bios_raw,RWR_LT_BRIGHT,52706,53676,970,,,,,,,,,,no,no,unmapped_raw_key
P02,without_tutor,T01,9415,2026-05-24T21:27:26.339094+00:00,1779658046.3361018,dcs_bios_raw,RWR_LT_BRIGHT,53676,52706,-970,,,,,,,,,,no,no,unmapped_raw_key
P02,without_tutor,T01,9416,2026-05-24T21:27:26.444766+00:00,1779658046.4422529,dcs_bios_raw,RWR_LT_BRIGHT,52706,53676,970,,,,,,,,,,no,no,unmapped_raw_key
P02,without_tutor,T01,9417,2026-05-24T21:27:26.583492+00:00,1779658046.580492,dcs_bios_raw,RWR_LT_BRIGHT,53676,52706,-970,,,,,,,,,,no,no,unmapped_raw_key
P02,without_tutor,T01,9417,2026-05-24T21:27:26.583492+00:00,1779658046.580492,dcs_bios_raw,RUDDER_PEDAL_ADJUST,1,0,-1,,,,,,,,,,no,no,unmapped_raw_key
P02,without_tutor,T01,9418,2026-05-24T21:27:26.689238+00:00,1779658046.6862454,dcs_bios_raw,RWR_LT_BRIGHT,52706,53676,970,,,,,,,,,,no,no,unmapped_raw_key
P02,without_tutor,T01,9419,2026-05-24T21:27:26.799478+00:00,1779658046.797479,dcs_bios_raw,RWR_LT_BRIGHT,53676,52706,-970,,,,,,,,,,no,no,unmapped_raw_key
P02,without_tutor,T01,9420,2026-05-24T21:27:26.938709+00:00,1779658046.93571,dcs_bios_raw,RWR_LT_BRIGHT,52706,53676,970,,,,,,,,,,no,no,unmapped_raw_key
P02,without_tutor,T01,9422,2026-05-24T21:27:27.038376+00:00,1779658047.036378,dcs_bios_raw,RWR_LT_BRIGHT,53676,52706,-970,,,,,,,,,,no,no,unmapped_raw_key
P02,without_tutor,T01,9423,2026-05-24T21:27:27.172006+00:00,1779658047.1690066,dcs_bios_raw,RWR_LT_BRIGHT,52706,53676,970,,,,,,,,,,no,no,unmapped_raw_key
P02,without_tutor,T01,9424,2026-05-24T21:27:27.311651+00:00,1779658047.3086586,dcs_bios_raw,RWR_LT_BRIGHT,53676,52706,-970,,,,,,,,,,no,no,unmapped_raw_key
P02,without_tutor,T01,9425,2026-05-24T21:27:27.410837+00:00,1779658047.4078438,dcs_bios_raw,RWR_LT_BRIGHT,52706,53676,970,,,,,,,,,,no,no,unmapped_raw_key
P02,without_tutor,T01,9426,2026-05-24T21:27:27.521549+00:00,1779658047.5195515,dcs_bios_raw,RWR_LT_BRIGHT,53676,52706,-970,,,,,,,,,,no,no,unmapped_raw_key
P02,without_tutor,T01,9427,2026-05-24T21:27:27.662241+00:00,1779658047.6592484,dcs_bios_raw,RWR_LT_BRIGHT,52706,53676,970,,,,,,,,,,no,no,unmapped_raw_key
P02,without_tutor,T01,9428,2026-05-24T21:27:27.772457+00:00,1779658047.76945,dcs_bios_raw,RWR_LT_BRIGHT,53676,52706,-970,,,,,,,,,,no,no,unmapped_raw_key
P02,without_tutor,T01,9429,2026-05-24T21:27:27.883633+00:00,1779658047.8806264,dcs_bios_raw,RWR_LT_BRIGHT,52706,53676,970,,,,,,,,,,no,no,unmapped_raw_key
P02,without_tutor,T01,9431,2026-05-24T21:27:28.021440+00:00,1779658048.0194397,dcs_bios_raw,RWR_LT_BRIGHT,53676,52706,-970,,,,,,,,,,no,no,unmapped_raw_key
P02,without_tutor,T01,9432,2026-05-24T21:27:28.134147+00:00,1779658048.1306434,dcs_bios_raw,RWR_LT_BRIGHT,52706,53676,970,,,,,,,,,,no,no,unmapped_raw_key
P02,without_tutor,T01,9433,2026-05-24T21:27:28.277466+00:00,1779658048.2744565,dcs_bios_raw,RWR_LT_BRIGHT,53676,52706,-970,,,,,,,,,,no,no,unmapped_raw_key
P02,without_tutor,T01,9434,2026-05-24T21:27:28.384677+00:00,1779658048.3801703,dcs_bios_raw,RWR_LT_BRIGHT,52706,53676,970,,,,,,,,,,no,no,unmapped_raw_key
P02,without_tutor,T01,9435,2026-05-24T21:27:28.490359+00:00,1779658048.486353,dcs_bios_raw,RWR_LT_BRIGHT,53676,52706,-970,,,,,,,,,,no,no,unmapped_raw_key
P02,without_tutor,T01,9436,2026-05-24T21:27:28.632085+00:00,1779658048.6300788,dcs_bios_raw,RWR_LT_BRIGHT,52706,53676,970,,,,,,,,,,no,no,unmapped_raw_key
P02,without_tutor,T01,9437,2026-05-24T21:27:28.755801+00:00,1779658048.753289,dcs_bios_raw,RWR_LT_BRIGHT,53676,52706,-970,,,,,,,,,,no,no,unmapped_raw_key
P02,without_tutor,T01,9438,2026-05-24T21:27:28.845436+00:00,1779658048.8434324,dcs_bios_raw,RWR_LT_BRIGHT,52706,53676,970,,,,,,,,,,no,no,unmapped_raw_key
P02,without_tutor,T01,9439,2026-05-24T21:27:28.979117+00:00,1779658048.9761193,dcs_bios_raw,RWR_LT_BRIGHT,53676,52706,-970,,,,,,,,,,no,no,unmapped_raw_key
P02,without_tutor,T01,9440,2026-05-24T21:27:29.085268+00:00,1779658049.0817635,dcs_bios_raw,RWR_LT_BRIGHT,52706,53676,970,,,,,,,,,,no,no,unmapped_raw_key
P02,without_tutor,T01,9441,2026-05-24T21:27:29.218448+00:00,1779658049.2164485,dcs_bios_raw,RWR_LT_BRIGHT,53676,52706,-970,,,,,,,,,,no,no,unmapped_raw_key
P02,without_tutor,T01,9442,2026-05-24T21:27:29.329608+00:00,1779658049.326616,dcs_bios_raw,RWR_LT_BRIGHT,52706,53676,970,,,,,,,,,,no,no,unmapped_raw_key
P02,without_tutor,T01,9443,2026-05-24T21:27:29.434715+00:00,1779658049.4322002,dcs_bios_raw,RWR_LT_BRIGHT,53676,52706,-970,,,,,,,,,,no,no,unmapped_raw_key
P02,without_tutor,T01,9444,2026-05-24T21:27:29.580028+00:00,1779658049.5770361,dcs_bios_raw,RWR_LT_BRIGHT,52706,53676,970,,,,,,,,,,no,no,unmapped_raw_key
P02,without_tutor,T01,9445,2026-05-24T21:27:29.685226+00:00,1779658049.6832125,dcs_bios_raw,RWR_LT_BRIGHT,53676,52706,-970,,,,,,,,,,no,no,unmapped_raw_key
P02,without_tutor,T01,9446,2026-05-24T21:27:29.831019+00:00,1779658049.8270278,dcs_bios_raw,RWR_LT_BRIGHT,52706,53676,970,,,,,,,,,,no,no,unmapped_raw_key
P02,without_tutor,T01,9447,2026-05-24T21:27:29.935247+00:00,1779658049.931743,dcs_bios_raw,RWR_LT_BRIGHT,53676,52706,-970,,,,,,,,,,no,no,unmapped_raw_key
P02,without_tutor,T01,9449,2026-05-24T21:27:30.035983+00:00,1779658050.0334673,dcs_bios_raw,RWR_LT_BRIGHT,52706,53676,970,,,,,,,,,,no,no,unmapped_raw_key
P02,without_tutor,T01,9450,2026-05-24T21:27:30.187774+00:00,1779658050.1832602,dcs_bios_raw,RWR_LT_BRIGHT,53676,52706,-970,,,,,,,,,,no,no,unmapped_raw_key
P02,without_tutor,T01,9451,2026-05-24T21:27:30.292479+00:00,1779658050.2884781,dcs_bios_raw,RWR_LT_BRIGHT,52706,53676,970,,,,,,,,,,no,no,unmapped_raw_key
P02,without_tutor,T01,9452,2026-05-24T21:27:30.404139+00:00,1779658050.3996444,dcs_bios_raw,RWR_LT_BRIGHT,53676,52706,-970,,,,,,,,,,no,no,unmapped_raw_key
P02,without_tutor,T01,9453,2026-05-24T21:27:30.535345+00:00,1779658050.5333424,dcs_bios_raw,RWR_LT_BRIGHT,52706,53676,970,,,,,,,,,,no,no,unmapped_raw_key
P02,without_tutor,T01,9454,2026-05-24T21:27:30.646480+00:00,1779658050.6444778,dcs_bios_raw,RWR_LT_BRIGHT,53676,52706,-970,,,,,,,,,,no,no,unmapped_raw_key
P02,without_tutor,T01,9455,2026-05-24T21:27:30.785794+00:00,1779658050.783781,dcs_bios_raw,RWR_LT_BRIGHT,52706,53676,970,,,,,,,,,,no,no,unmapped_raw_key
P02,without_tutor,T01,9456,2026-05-24T21:27:30.893525+00:00,1779658050.8885257,dcs_bios_raw,RWR_LT_BRIGHT,53676,52706,-970,,,,,,,,,,no,no,unmapped_raw_key
P02,without_tutor,T01,9458,2026-05-24T21:27:31.024292+00:00,1779658051.021788,dcs_bios_raw,RWR_LT_BRIGHT,52706,53676,970,,,,,,,,,,no,no,unmapped_raw_key
P02,without_tutor,T01,9459,2026-05-24T21:27:31.123925+00:00,1779658051.1214237,dcs_bios_raw,RWR_LT_BRIGHT,53676,52706,-970,,,,,,,,,,no,no,unmapped_raw_key
P02,without_tutor,T01,9460,2026-05-24T21:27:31.263539+00:00,1779658051.2605472,dcs_bios_raw,RWR_LT_BRIGHT,52706,53676,970,,,,,,,,,,no,no,unmapped_raw_key
P02,without_tutor,T01,9462,2026-05-24T21:27:31.362137+00:00,1779658051.3601296,dcs_bios_raw,RWR_LT_BRIGHT,53676,52706,-970,,,,,,,,,,no,no,unmapped_raw_key
P02,without_tutor,T01,9463,2026-05-24T21:27:31.503375+00:00,1779658051.4998643,dcs_bios_raw,RWR_LT_BRIGHT,52706,53676,970,,,,,,,,,,no,no,unmapped_raw_key
P02,without_tutor,T01,9464,2026-05-24T21:27:31.613665+00:00,1779658051.6111548,dcs_bios_raw,RWR_LT_BRIGHT,53676,52706,-970,,,,,,,,,,no,no,unmapped_raw_key
P02,without_tutor,T01,9465,2026-05-24T21:27:31.718833+00:00,1779658051.715826,dcs_bios_raw,RWR_LT_BRIGHT,52706,53676,970,,,,,,,,,,no,no,unmapped_raw_key
P02,without_tutor,T01,9466,2026-05-24T21:27:31.863463+00:00,1779658051.860961,dcs_bios_raw,RWR_LT_BRIGHT,53676,52706,-970,,,,,,,,,,no,no,unmapped_raw_key
P02,without_tutor,T01,9467,2026-05-24T21:27:31.972166+00:00,1779658051.9661589,dcs_bios_raw,RWR_LT_BRIGHT,52706,53676,970,,,,,,,,,,no,no,unmapped_raw_key
P02,without_tutor,T01,9468,2026-05-24T21:27:32.080291+00:00,1779658052.077293,dcs_bios_raw,RWR_LT_BRIGHT,53676,52706,-970,,,,,,,,,,no,no,unmapped_raw_key
P02,without_tutor,T01,9469,2026-05-24T21:27:32.220525+00:00,1779658052.2165327,dcs_bios_raw,RWR_LT_BRIGHT,52706,53676,970,,,,,,,,,,no,no,unmapped_raw_key
P02,without_tutor,T01,9470,2026-05-24T21:27:32.324187+00:00,1779658052.3216908,dcs_bios_raw,RWR_LT_BRIGHT,53676,52706,-970,,,,,,,,,,no,no,unmapped_raw_key
P02,without_tutor,T01,9471,2026-05-24T21:27:32.467417+00:00,1779658052.4634118,dcs_bios_raw,RWR_LT_BRIGHT,52706,53676,970,,,,,,,,,,no,no,unmapped_raw_key
P02,without_tutor,T01,9472,2026-05-24T21:27:32.570632+00:00,1779658052.5676255,dcs_bios_raw,RWR_LT_BRIGHT,53676,52706,-970,,,,,,,,,,no,no,unmapped_raw_key
P02,without_tutor,T01,9473,2026-05-24T21:27:32.681251+00:00,1779658052.6782515,dcs_bios_raw,RWR_LT_BRIGHT,52706,53676,970,,,,,,,,,,no,no,unmapped_raw_key
P02,without_tutor,T01,9474,2026-05-24T21:27:32.819961+00:00,1779658052.8169577,dcs_bios_raw,RWR_LT_BRIGHT,53676,52706,-970,,,,,,,,,,no,no,unmapped_raw_key
P02,without_tutor,T01,9475,2026-05-24T21:27:32.925628+00:00,1779658052.92362,dcs_bios_raw,RWR_LT_BRIGHT,52706,53676,970,,,,,,,,,,no,no,unmapped_raw_key
P02,without_tutor,T01,9477,2026-05-24T21:27:33.098881+00:00,1779658053.0958884,dcs_bios_raw,RWR_LT_BRIGHT,53676,52706,-970,,,,,,,,,,no,no,unmapped_raw_key
P02,without_tutor,T01,9478,2026-05-24T21:27:33.175464+00:00,1779658053.1734626,dcs_bios_raw,RWR_LT_BRIGHT,52706,53676,970,,,,,,,,,,no,no,unmapped_raw_key
P02,without_tutor,T01,9479,2026-05-24T21:27:33.286641+00:00,1779658053.2846372,dcs_bios_raw,RWR_LT_BRIGHT,53676,52706,-970,,,,,,,,,,no,no,unmapped_raw_key
P02,without_tutor,T01,9480,2026-05-24T21:27:33.437908+00:00,1779658053.4348986,dcs_bios_raw,RWR_LT_BRIGHT,52706,53676,970,,,,,,,,,,no,no,unmapped_raw_key
P02,without_tutor,T01,9481,2026-05-24T21:27:33.542109+00:00,1779658053.5401099,dcs_bios_raw,RWR_LT_BRIGHT,53676,52706,-970,,,,,,,,,,no,no,unmapped_raw_key
P02,without_tutor,T01,9482,2026-05-24T21:27:33.642315+00:00,1779658053.6403162,dcs_bios_raw,RWR_LT_BRIGHT,52706,53676,970,,,,,,,,,,no,no,unmapped_raw_key
P02,without_tutor,T01,9483,2026-05-24T21:27:33.782560+00:00,1779658053.7795608,dcs_bios_raw,RWR_LT_BRIGHT,53676,52706,-970,,,,,,,,,,no,no,unmapped_raw_key
P02,without_tutor,T01,9484,2026-05-24T21:27:33.887761+00:00,1779658053.8857625,dcs_bios_raw,RWR_LT_BRIGHT,52706,53676,970,,,,,,,,,,no,no,unmapped_raw_key
P02,without_tutor,T01,9486,2026-05-24T21:27:34.048532+00:00,1779658054.046533,dcs_bios_raw,RWR_LT_BRIGHT,53676,52706,-970,,,,,,,,,,no,no,unmapped_raw_key
P02,without_tutor,T01,9487,2026-05-24T21:27:34.120664+00:00,1779658054.117664,dcs_bios_raw,RWR_LT_BRIGHT,52706,53676,970,,,,,,,,,,no,no,unmapped_raw_key
P02,without_tutor,T01,9488,2026-05-24T21:27:34.264398+00:00,1779658054.2618823,dcs_bios_raw,RWR_LT_BRIGHT,53676,52706,-970,,,,,,,,,,no,no,unmapped_raw_key
P02,without_tutor,T01,9489,2026-05-24T21:27:34.370039+00:00,1779658054.3670387,dcs_bios_raw,RWR_LT_BRIGHT,52706,53676,970,,,,,,,,,,no,no,unmapped_raw_key
P02,without_tutor,T01,9490,2026-05-24T21:27:34.503810+00:00,1779658054.501308,dcs_bios_raw,RWR_LT_BRIGHT,53676,52706,-970,,,,,,,,,,no,no,unmapped_raw_key
P02,without_tutor,T01,9491,2026-05-24T21:27:34.603508+00:00,1779658054.6009982,dcs_bios_raw,RWR_LT_BRIGHT,52706,53676,970,,,,,,,,,,no,no,unmapped_raw_key
P02,without_tutor,T01,9492,2026-05-24T21:27:34.748244+00:00,1779658054.7452326,dcs_bios_raw,RWR_LT_BRIGHT,53676,52706,-970,,,,,,,,,,no,no,unmapped_raw_key
P02,without_tutor,T01,9493,2026-05-24T21:27:34.781298+00:00,1779658054.7793002,dcs_bios_raw,RUDDER_PEDAL_ADJUST,0,1,1,,,,,,,,,,no,no,unmapped_raw_key
P02,without_tutor,T01,9494,2026-05-24T21:27:34.854426+00:00,1779658054.85192,dcs_bios_raw,RWR_LT_BRIGHT,52706,53676,970,,,,,,,,,,no,no,unmapped_raw_key
P02,without_tutor,T01,9495,2026-05-24T21:27:34.964134+00:00,1779658054.9616313,dcs_bios_raw,RWR_LT_BRIGHT,53676,52706,-970,,,,,,,,,,no,no,unmapped_raw_key
P02,without_tutor,T01,9497,2026-05-24T21:27:35.108921+00:00,1779658055.1059284,dcs_bios_raw,RWR_LT_BRIGHT,52706,53676,970,,,,,,,,,,no,no,unmapped_raw_key
P02,without_tutor,T01,9498,2026-05-24T21:27:35.215137+00:00,1779658055.2116416,dcs_bios_raw,RWR_LT_BRIGHT,53676,52706,-970,,,,,,,,,,no,no,unmapped_raw_key
P02,without_tutor,T01,9499,2026-05-24T21:27:35.320762+00:00,1779658055.3177621,dcs_bios_raw,RWR_LT_BRIGHT,52706,53676,970,,,,,,,,,,no,no,unmapped_raw_key
P02,without_tutor,T01,9500,2026-05-24T21:27:35.464505+00:00,1779658055.4619884,dcs_bios_raw,RWR_LT_BRIGHT,53676,52706,-970,,,,,,,,,,no,no,unmapped_raw_key
P02,without_tutor,T01,9501,2026-05-24T21:27:35.570194+00:00,1779658055.5681944,dcs_bios_raw,RWR_LT_BRIGHT,52706,53676,970,,,,,,,,,,no,no,unmapped_raw_key
P02,without_tutor,T01,9502,2026-05-24T21:27:35.681332+00:00,1779658055.6783333,dcs_bios_raw,RWR_LT_BRIGHT,53676,52706,-970,,,,,,,,,,no,no,unmapped_raw_key
P02,without_tutor,T01,9503,2026-05-24T21:27:35.820098+00:00,1779658055.817098,dcs_bios_raw,RWR_LT_BRIGHT,52706,53676,970,,,,,,,,,,no,no,unmapped_raw_key
P02,without_tutor,T01,9504,2026-05-24T21:27:35.931287+00:00,1779658055.928294,dcs_bios_raw,RWR_LT_BRIGHT,53676,52706,-970,,,,,,,,,,no,no,unmapped_raw_key
P02,without_tutor,T01,9506,2026-05-24T21:27:35.998443+00:00,1779658055.9954326,dcs_bios_raw,RUDDER_PEDAL_ADJUST,1,0,-1,,,,,,,,,,no,no,unmapped_raw_key
P02,without_tutor,T01,9507,2026-05-24T21:27:36.070548+00:00,1779658056.0675554,dcs_bios_raw,RWR_LT_BRIGHT,52706,53676,970,,,,,,,,,,no,no,unmapped_raw_key
P02,without_tutor,T01,9508,2026-05-24T21:27:36.175705+00:00,1779658056.1721995,dcs_bios_raw,RWR_LT_BRIGHT,53676,52706,-970,,,,,,,,,,no,no,unmapped_raw_key
P02,without_tutor,T01,9509,2026-05-24T21:27:36.275434+00:00,1779658056.2719111,dcs_bios_raw,RWR_LT_BRIGHT,52706,53676,970,,,,,,,,,,no,no,unmapped_raw_key
P02,without_tutor,T01,9510,2026-05-24T21:27:36.408727+00:00,1779658056.4067278,dcs_bios_raw,RWR_LT_BRIGHT,53676,52706,-970,,,,,,,,,,no,no,unmapped_raw_key
P02,without_tutor,T01,9511,2026-05-24T21:27:36.541941+00:00,1779658056.5399413,dcs_bios_raw,RWR_LT_BRIGHT,52706,53676,970,,,,,,,,,,no,no,unmapped_raw_key
P02,without_tutor,T01,9512,2026-05-24T21:27:36.642660+00:00,1779658056.6396604,dcs_bios_raw,RWR_LT_BRIGHT,53676,52706,-970,,,,,,,,,,no,no,unmapped_raw_key
P02,without_tutor,T01,9513,2026-05-24T21:27:36.788509+00:00,1779658056.7844985,dcs_bios_raw,RWR_LT_BRIGHT,52706,53676,970,,,,,,,,,,no,no,unmapped_raw_key
P02,without_tutor,T01,9514,2026-05-24T21:27:36.887203+00:00,1779658056.8841908,dcs_bios_raw,RWR_LT_BRIGHT,53676,52706,-970,,,,,,,,,,no,no,unmapped_raw_key
P02,without_tutor,T01,9515,2026-05-24T21:27:36.998496+00:00,1779658056.9954872,dcs_bios_raw,RWR_LT_BRIGHT,52706,53676,970,,,,,,,,,,no,no,unmapped_raw_key
P02,without_tutor,T01,9516,2026-05-24T21:27:37.142243+00:00,1779658057.1392453,dcs_bios_raw,RWR_LT_BRIGHT,53676,52706,-970,,,,,,,,,,no,no,unmapped_raw_key
P02,without_tutor,T01,9517,2026-05-24T21:27:37.248487+00:00,1779658057.2454877,dcs_bios_raw,RWR_LT_BRIGHT,52706,53676,970,,,,,,,,,,no,no,unmapped_raw_key
P02,without_tutor,T01,9519,2026-05-24T21:27:37.386696+00:00,1779658057.384694,dcs_bios_raw,RWR_LT_BRIGHT,53676,52706,-970,,,,,,,,,,no,no,unmapped_raw_key
P02,without_tutor,T01,9520,2026-05-24T21:27:37.491839+00:00,1779658057.4898393,dcs_bios_raw,RWR_LT_BRIGHT,52706,53676,970,,,,,,,,,,no,no,unmapped_raw_key
P02,without_tutor,T01,9524,2026-05-24T21:27:37.626591+00:00,1779658057.6220558,dcs_bios_raw,RWR_LT_BRIGHT,53676,52706,-970,,,,,,,,,,no,no,unmapped_raw_key
P02,without_tutor,T01,9525,2026-05-24T21:27:37.726270+00:00,1779658057.722753,dcs_bios_raw,RWR_LT_BRIGHT,52706,53676,970,,,,,,,,,,no,no,unmapped_raw_key
P02,without_tutor,T01,9528,2026-05-24T21:27:37.859492+00:00,1779658057.856485,dcs_bios_raw,RWR_LT_BRIGHT,53676,52706,-970,,,,,,,,,,no,no,unmapped_raw_key
P02,without_tutor,T01,9530,2026-05-24T21:27:37.964767+00:00,1779658057.9622643,dcs_bios_raw,RWR_LT_BRIGHT,52706,53676,970,,,,,,,,,,no,no,unmapped_raw_key
P02,without_tutor,T01,9534,2026-05-24T21:27:38.104080+00:00,1779658058.1015775,dcs_bios_raw,RWR_LT_BRIGHT,53676,52706,-970,,,,,,,,,,no,no,unmapped_raw_key
P02,without_tutor,T01,9535,2026-05-24T21:27:38.239865+00:00,1779658058.237865,dcs_bios_raw,RWR_LT_BRIGHT,52706,53676,970,,,,,,,,,,no,no,unmapped_raw_key
P02,without_tutor,T01,9536,2026-05-24T21:27:38.316537+00:00,1779658058.314535,dcs_bios_raw,RWR_LT_BRIGHT,53676,52706,-970,,,,,,,,,,no,no,unmapped_raw_key
P02,without_tutor,T01,9537,2026-05-24T21:27:38.450216+00:00,1779658058.4482164,dcs_bios_raw,RWR_LT_BRIGHT,52706,53676,970,,,,,,,,,,no,no,unmapped_raw_key
P02,without_tutor,T01,9538,2026-05-24T21:27:38.589027+00:00,1779658058.5870273,dcs_bios_raw,RWR_LT_BRIGHT,53676,52706,-970,,,,,,,,,,no,no,unmapped_raw_key
P02,without_tutor,T01,9539,2026-05-24T21:27:38.695231+00:00,1779658058.6927276,dcs_bios_raw,RWR_LT_BRIGHT,52706,53676,970,,,,,,,,,,no,no,unmapped_raw_key
P02,without_tutor,T01,9541,2026-05-24T21:27:38.811391+00:00,1779658058.8083913,dcs_bios_raw,RWR_LT_BRIGHT,53676,52706,-970,,,,,,,,,,no,no,unmapped_raw_key
P02,without_tutor,T01,9542,2026-05-24T21:27:38.950102+00:00,1779658058.9471023,dcs_bios_raw,RWR_LT_BRIGHT,52706,53676,970,,,,,,,,,,no,no,unmapped_raw_key
P02,without_tutor,T01,9544,2026-05-24T21:27:39.060751+00:00,1779658059.0587518,dcs_bios_raw,RWR_LT_BRIGHT,53676,52706,-970,,,,,,,,,,no,no,unmapped_raw_key
P02,without_tutor,T01,9545,2026-05-24T21:27:39.161860+00:00,1779658059.158853,dcs_bios_raw,RWR_LT_BRIGHT,52706,53676,970,,,,,,,,,,no,no,unmapped_raw_key
P02,without_tutor,T01,9546,2026-05-24T21:27:39.313564+00:00,1779658059.308061,dcs_bios_raw,RWR_LT_BRIGHT,53676,52706,-970,,,,,,,,,,no,no,unmapped_raw_key
P02,without_tutor,T01,9547,2026-05-24T21:27:39.411663+00:00,1779658059.4086637,dcs_bios_raw,RWR_LT_BRIGHT,52706,53676,970,,,,,,,,,,no,no,unmapped_raw_key
P02,without_tutor,T01,9548,2026-05-24T21:27:39.522847+00:00,1779658059.5198476,dcs_bios_raw,RWR_LT_BRIGHT,53676,52706,-970,,,,,,,,,,no,no,unmapped_raw_key
P02,without_tutor,T01,9550,2026-05-24T21:27:39.666647+00:00,1779658059.6586392,dcs_bios_raw,RWR_LT_BRIGHT,52706,53676,970,,,,,,,,,,no,no,unmapped_raw_key
P02,without_tutor,T01,9551,2026-05-24T21:27:39.766322+00:00,1779658059.7638052,dcs_bios_raw,RWR_LT_BRIGHT,53676,52706,-970,,,,,,,,,,no,no,unmapped_raw_key
P02,without_tutor,T01,9552,2026-05-24T21:27:39.911061+00:00,1779658059.908062,dcs_bios_raw,RWR_LT_BRIGHT,52706,53676,970,,,,,,,,,,no,no,unmapped_raw_key
P02,without_tutor,T01,9554,2026-05-24T21:27:40.023711+00:00,1779658060.0202165,dcs_bios_raw,RWR_LT_BRIGHT,53676,52706,-970,,,,,,,,,,no,no,unmapped_raw_key
P02,without_tutor,T01,9555,2026-05-24T21:27:40.128350+00:00,1779658060.1253476,dcs_bios_raw,RWR_LT_BRIGHT,52706,53676,970,,,,,,,,,,no,no,unmapped_raw_key
P02,without_tutor,T01,9556,2026-05-24T21:27:40.267551+00:00,1779658060.2640388,dcs_bios_raw,RWR_LT_BRIGHT,53676,52706,-970,,,,,,,,,,no,no,unmapped_raw_key
P02,without_tutor,T01,9557,2026-05-24T21:27:40.378695+00:00,1779658060.375696,dcs_bios_raw,RWR_LT_BRIGHT,52706,53676,970,,,,,,,,,,no,no,unmapped_raw_key
P02,without_tutor,T01,9559,2026-05-24T21:27:40.488895+00:00,1779658060.4868953,dcs_bios_raw,RWR_LT_BRIGHT,53676,52706,-970,,,,,,,,,,no,no,unmapped_raw_key
P02,without_tutor,T01,9560,2026-05-24T21:27:40.623654+00:00,1779658060.6201444,dcs_bios_raw,RWR_LT_BRIGHT,52706,53676,970,,,,,,,,,,no,no,unmapped_raw_key
P02,without_tutor,T01,9561,2026-05-24T21:27:40.694774+00:00,1779658060.6922593,dcs_bios_raw,THROTTLE_FRICTION,,2366,2366,,,,,,,,,,no,no,unmapped_raw_key
P02,without_tutor,T01,9562,2026-05-24T21:27:40.733846+00:00,1779658060.731345,dcs_bios_raw,THROTTLE_FRICTION,2366,7281,4915,,,,,,,,,,no,no,unmapped_raw_key
P02,without_tutor,T01,9562,2026-05-24T21:27:40.733846+00:00,1779658060.731345,dcs_bios_raw,RWR_LT_BRIGHT,53676,52706,-970,,,,,,,,,,no,no,unmapped_raw_key
P02,without_tutor,T01,9563,2026-05-24T21:27:40.767932+00:00,1779658060.7644126,dcs_bios_raw,THROTTLE_FRICTION,7281,13561,6280,,,,,,,,,,no,no,unmapped_raw_key
P02,without_tutor,T01,9564,2026-05-24T21:27:40.806003+00:00,1779658060.8039787,dcs_bios_raw,THROTTLE_FRICTION,13561,17475,3914,,,,,,,,,,no,no,unmapped_raw_key
P02,without_tutor,T01,9565,2026-05-24T21:27:40.839586+00:00,1779658060.8365865,dcs_bios_raw,THROTTLE_FRICTION,17475,20297,2822,,,,,,,,,,no,no,unmapped_raw_key
P02,without_tutor,T01,9565,2026-05-24T21:27:40.839586+00:00,1779658060.8365865,dcs_bios_raw,RWR_LT_BRIGHT,52706,53676,970,,,,,,,,,,no,no,unmapped_raw_key
P02,without_tutor,T01,9566,2026-05-24T21:27:40.878145+00:00,1779658060.8751357,dcs_bios_raw,THROTTLE_FRICTION,20297,25030,4733,,,,,,,,,,no,no,unmapped_raw_key
P02,without_tutor,T01,9567,2026-05-24T21:27:40.911712+00:00,1779658060.9087121,dcs_bios_raw,THROTTLE_FRICTION,25030,27942,2912,,,,,,,,,,no,no,unmapped_raw_key
P02,without_tutor,T01,9568,2026-05-24T21:27:40.944793+00:00,1779658060.9422812,dcs_bios_raw,THROTTLE_FRICTION,27942,29581,1639,,,,,,,,,,no,no,unmapped_raw_key
P02,without_tutor,T01,9569,2026-05-24T21:27:40.983838+00:00,1779658060.9808378,dcs_bios_raw,THROTTLE_FRICTION,29581,31492,1911,,,,,,,,,,no,no,unmapped_raw_key
P02,without_tutor,T01,9569,2026-05-24T21:27:40.983838+00:00,1779658060.9808378,dcs_bios_raw,RWR_LT_BRIGHT,53676,52706,-970,,,,,,,,,,no,no,unmapped_raw_key
P02,without_tutor,T01,9570,2026-05-24T21:27:41.017903+00:00,1779658061.014894,dcs_bios_raw,THROTTLE_FRICTION,31492,32675,1183,,,,,,,,,,no,no,unmapped_raw_key
P02,without_tutor,T01,9571,2026-05-24T21:27:41.055965+00:00,1779658061.0524516,dcs_bios_raw,THROTTLE_FRICTION,32675,33767,1092,,,,,,,,,,no,no,unmapped_raw_key
P02,without_tutor,T01,9572,2026-05-24T21:27:41.091012+00:00,1779658061.087012,dcs_bios_raw,THROTTLE_FRICTION,33767,34442,675,,,,,,,,,,no,no,unmapped_raw_key
P02,without_tutor,T01,9572,2026-05-24T21:27:41.091012+00:00,1779658061.087012,dcs_bios_raw,RWR_LT_BRIGHT,52706,53676,970,,,,,,,,,,no,no,unmapped_raw_key
P02,without_tutor,T01,9573,2026-05-24T21:27:41.122574+00:00,1779658061.120574,dcs_bios_raw,THROTTLE_FRICTION,34442,35261,819,,,,,,,,,,no,no,unmapped_raw_key
P02,without_tutor,T01,9574,2026-05-24T21:27:41.161630+00:00,1779658061.1596386,dcs_bios_raw,THROTTLE_FRICTION,35261,35443,182,,,,,,,,,,no,no,unmapped_raw_key
P02,without_tutor,T01,9575,2026-05-24T21:27:41.200213+00:00,1779658061.1982138,dcs_bios_raw,RWR_LT_BRIGHT,53676,52706,-970,,,,,,,,,,no,no,unmapped_raw_key
P02,without_tutor,T01,9576,2026-05-24T21:27:41.339955+00:00,1779658061.3369484,dcs_bios_raw,RWR_LT_BRIGHT,52706,53676,970,,,,,,,,,,no,no,unmapped_raw_key
P02,without_tutor,T01,9577,2026-05-24T21:27:41.452173+00:00,1779658061.4471736,dcs_bios_raw,RWR_LT_BRIGHT,53676,52706,-970,,,,,,,,,,no,no,unmapped_raw_key
P02,without_tutor,T01,9578,2026-05-24T21:27:41.556406+00:00,1779658061.5528831,dcs_bios_raw,RWR_LT_BRIGHT,52706,53676,970,,,,,,,,,,no,no,unmapped_raw_key
P02,without_tutor,T01,9579,2026-05-24T21:27:41.701683+00:00,1779658061.6976826,dcs_bios_raw,RWR_LT_BRIGHT,53676,52706,-970,,,,,,,,,,no,no,unmapped_raw_key
P02,without_tutor,T01,9580,2026-05-24T21:27:41.805866+00:00,1779658061.8038528,dcs_bios_raw,RWR_LT_BRIGHT,52706,53676,970,,,,,,,,,,no,no,unmapped_raw_key
P02,without_tutor,T01,9581,2026-05-24T21:27:41.944654+00:00,1779658061.942137,dcs_bios_raw,RWR_LT_BRIGHT,53676,52706,-970,,,,,,,,,,no,no,unmapped_raw_key
P02,without_tutor,T01,9583,2026-05-24T21:27:42.055885+00:00,1779658062.053868,dcs_bios_raw,RWR_LT_BRIGHT,52706,53676,970,,,,,,,,,,no,no,unmapped_raw_key
P02,without_tutor,T01,9584,2026-05-24T21:27:42.162545+00:00,1779658062.158544,dcs_bios_raw,RWR_LT_BRIGHT,53676,52706,-970,,,,,,,,,,no,no,unmapped_raw_key
P02,without_tutor,T01,9587,2026-05-24T21:27:42.306249+00:00,1779658062.3027258,dcs_bios_raw,RWR_LT_BRIGHT,52706,53676,970,,,,,,,,,,no,no,unmapped_raw_key
P02,without_tutor,T01,9588,2026-05-24T21:27:42.411968+00:00,1779658062.4089687,dcs_bios_raw,RWR_LT_BRIGHT,53676,52706,-970,,,,,,,,,,no,no,unmapped_raw_key
P02,without_tutor,T01,9589,2026-05-24T21:27:42.522143+00:00,1779658062.5201433,dcs_bios_raw,RWR_LT_BRIGHT,52706,53676,970,,,,,,,,,,no,no,unmapped_raw_key
P02,without_tutor,T01,9590,2026-05-24T21:27:42.661955+00:00,1779658062.6589553,dcs_bios_raw,RWR_LT_BRIGHT,53676,52706,-970,,,,,,,,,,no,no,unmapped_raw_key
P02,without_tutor,T01,9591,2026-05-24T21:27:42.767147+00:00,1779658062.7651386,dcs_bios_raw,RWR_LT_BRIGHT,52706,53676,970,,,,,,,,,,no,no,unmapped_raw_key
P02,without_tutor,T01,9592,2026-05-24T21:27:42.911454+00:00,1779658062.9084609,dcs_bios_raw,RWR_LT_BRIGHT,53676,52706,-970,,,,,,,,,,no,no,unmapped_raw_key
P02,without_tutor,T01,9594,2026-05-24T21:27:43.016727+00:00,1779658063.0147169,dcs_bios_raw,RWR_LT_BRIGHT,52706,53676,970,,,,,,,,,,no,no,unmapped_raw_key
P02,without_tutor,T01,9595,2026-05-24T21:27:43.125435+00:00,1779658063.119929,dcs_bios_raw,RWR_LT_BRIGHT,53676,52706,-970,,,,,,,,,,no,no,unmapped_raw_key
P02,without_tutor,T01,9596,2026-05-24T21:27:43.267188+00:00,1779658063.2641833,dcs_bios_raw,RWR_LT_BRIGHT,52706,53676,970,,,,,,,,,,no,no,unmapped_raw_key
P02,without_tutor,T01,9597,2026-05-24T21:27:43.375881+00:00,1779658063.3698323,dcs_bios_raw,RWR_LT_BRIGHT,53676,52706,-970,,,,,,,,,,no,no,unmapped_raw_key
P02,without_tutor,T01,9598,2026-05-24T21:27:43.483567+00:00,1779658063.4805677,dcs_bios_raw,RWR_LT_BRIGHT,52706,53676,970,,,,,,,,,,no,no,unmapped_raw_key
P02,without_tutor,T01,9599,2026-05-24T21:27:43.623839+00:00,1779658063.619832,dcs_bios_raw,RWR_LT_BRIGHT,53676,52706,-970,,,,,,,,,,no,no,unmapped_raw_key
P02,without_tutor,T01,9600,2026-05-24T21:27:43.734034+00:00,1779658063.7315397,dcs_bios_raw,RWR_LT_BRIGHT,52706,53676,970,,,,,,,,,,no,no,unmapped_raw_key
P02,without_tutor,T01,9601,2026-05-24T21:27:43.841253+00:00,1779658063.837254,dcs_bios_raw,RWR_LT_BRIGHT,53676,52706,-970,,,,,,,,,,no,no,unmapped_raw_key
P02,without_tutor,T01,9604,2026-05-24T21:27:43.983570+00:00,1779658063.9810753,dcs_bios_raw,RWR_LT_BRIGHT,52706,53676,970,,,,,,,,,,no,no,unmapped_raw_key
P02,without_tutor,T01,9605,2026-05-24T21:27:44.089786+00:00,1779658064.0867872,dcs_bios_raw,RWR_LT_BRIGHT,53676,52706,-970,,,,,,,,,,no,no,unmapped_raw_key
P02,without_tutor,T01,9606,2026-05-24T21:27:44.196496+00:00,1779658064.1919703,dcs_bios_raw,RWR_LT_BRIGHT,52706,53676,970,,,,,,,,,,no,no,unmapped_raw_key
P02,without_tutor,T01,9607,2026-05-24T21:27:44.339247+00:00,1779658064.337247,dcs_bios_raw,RWR_LT_BRIGHT,53676,52706,-970,,,,,,,,,,no,no,unmapped_raw_key
P02,without_tutor,T01,9608,2026-05-24T21:27:44.445467+00:00,1779658064.4419522,dcs_bios_raw,RWR_LT_BRIGHT,52706,53676,970,,,,,,,,,,no,no,unmapped_raw_key
P02,without_tutor,T01,9609,2026-05-24T21:27:44.590694+00:00,1779658064.5866945,dcs_bios_raw,RWR_LT_BRIGHT,53676,52706,-970,,,,,,,,,,no,no,unmapped_raw_key
P02,without_tutor,T01,9610,2026-05-24T21:27:44.694398+00:00,1779658064.6919036,dcs_bios_raw,RWR_LT_BRIGHT,52706,53676,970,,,,,,,,,,no,no,unmapped_raw_key
P02,without_tutor,T01,9611,2026-05-24T21:27:44.805625+00:00,1779658064.803619,dcs_bios_raw,RWR_LT_BRIGHT,53676,52706,-970,,,,,,,,,,no,no,unmapped_raw_key
P02,without_tutor,T01,9613,2026-05-24T21:27:44.944463+00:00,1779658064.9419503,dcs_bios_raw,RWR_LT_BRIGHT,52706,53676,970,,,,,,,,,,no,no,unmapped_raw_key
P02,without_tutor,T01,9616,2026-05-24T21:27:45.055689+00:00,1779658065.0536833,dcs_bios_raw,RWR_LT_BRIGHT,53676,52706,-970,,,,,,,,,,no,no,unmapped_raw_key
P02,without_tutor,T01,9618,2026-05-24T21:27:45.161376+00:00,1779658065.1593761,dcs_bios_raw,RWR_LT_BRIGHT,52706,53665,959,,,,,,,,,,no,no,unmapped_raw_key
P02,without_tutor,T01,9622,2026-05-24T21:27:45.306213+00:00,1779658065.3036966,dcs_bios_raw,RWR_LT_BRIGHT,53665,52706,-959,,,,,,,,,,no,no,unmapped_raw_key
P02,without_tutor,T01,9623,2026-05-24T21:27:45.411915+00:00,1779658065.4099157,dcs_bios_raw,RWR_LT_BRIGHT,52706,53663,957,,,,,,,,,,no,no,unmapped_raw_key
P02,without_tutor,T01,9625,2026-05-24T21:27:45.517116+00:00,1779658065.5151055,dcs_bios_raw,RWR_LT_BRIGHT,53663,52706,-957,,,,,,,,,,no,no,unmapped_raw_key
P02,without_tutor,T01,9626,2026-05-24T21:27:45.661890+00:00,1779658065.6588812,dcs_bios_raw,RWR_LT_BRIGHT,52706,53663,957,,,,,,,,,,no,no,unmapped_raw_key
P02,without_tutor,T01,9627,2026-05-24T21:27:45.761560+00:00,1779658065.7595606,dcs_bios_raw,RWR_LT_BRIGHT,53663,52706,-957,,,,,,,,,,no,no,unmapped_raw_key
P02,without_tutor,T01,9631,2026-05-24T21:27:45.900825+00:00,1779658065.8988268,dcs_bios_raw,RWR_LT_BRIGHT,52706,53663,957,,,,,,,,,,no,no,unmapped_raw_key
P02,without_tutor,T01,9633,2026-05-24T21:27:46.000532+00:00,1779658065.9985354,dcs_bios_raw,RWR_LT_BRIGHT,53663,52706,-957,,,,,,,,,,no,no,unmapped_raw_key
P02,without_tutor,T01,9634,2026-05-24T21:27:46.134270+00:00,1779658066.1317685,dcs_bios_raw,RWR_LT_BRIGHT,52706,53660,954,,,,,,,,,,no,no,unmapped_raw_key
P02,without_tutor,T01,9635,2026-05-24T21:27:46.267496+00:00,1779658066.2644782,dcs_bios_raw,RWR_LT_BRIGHT,53660,52706,-954,,,,,,,,,,no,no,unmapped_raw_key
P02,without_tutor,T01,9638,2026-05-24T21:27:46.372187+00:00,1779658066.37018,dcs_bios_raw,RWR_LT_BRIGHT,52706,53660,954,,,,,,,,,,no,no,unmapped_raw_key
P02,without_tutor,T01,9640,2026-05-24T21:27:46.512440+00:00,1779658066.5094333,dcs_bios_raw,RWR_LT_BRIGHT,53660,52706,-954,,,,,,,,,,no,no,unmapped_raw_key
P02,without_tutor,T01,9642,2026-05-24T21:27:46.617688+00:00,1779658066.6156769,dcs_bios_raw,RWR_LT_BRIGHT,52706,53660,954,,,,,,,,,,no,no,unmapped_raw_key
P02,without_tutor,T01,9643,2026-05-24T21:27:46.728930+00:00,1779658066.7269304,dcs_bios_raw,RWR_LT_BRIGHT,53660,52706,-954,,,,,,,,,,no,no,unmapped_raw_key
P02,without_tutor,T01,9644,2026-05-24T21:27:46.840129+00:00,1779658066.8381295,dcs_bios_raw,RWR_LT_BRIGHT,52706,53675,969,,,,,,,,,,no,no,unmapped_raw_key
P02,without_tutor,T01,9645,2026-05-24T21:27:46.978880+00:00,1779658066.9758806,dcs_bios_raw,RWR_LT_BRIGHT,53675,52706,-969,,,,,,,,,,no,no,unmapped_raw_key
P02,without_tutor,T01,9646,2026-05-24T21:27:47.089652+00:00,1779658067.0876522,dcs_bios_raw,RWR_LT_BRIGHT,52706,53678,972,,,,,,,,,,no,no,unmapped_raw_key
P02,without_tutor,T01,9647,2026-05-24T21:27:47.228407+00:00,1779658067.2264075,dcs_bios_raw,RWR_LT_BRIGHT,53678,52706,-972,,,,,,,,,,no,no,unmapped_raw_key
P02,without_tutor,T01,9648,2026-05-24T21:27:47.336661+00:00,1779658067.3321347,dcs_bios_raw,RWR_LT_BRIGHT,52706,53678,972,,,,,,,,,,no,no,unmapped_raw_key
P02,without_tutor,T01,9649,2026-05-24T21:27:47.367205+00:00,1779658067.3652034,dcs_bios_raw,HOOK_BYPASS_SW,,1,1,,,,,,,,,,no,no,unmapped_raw_key
P02,without_tutor,T01,9650,2026-05-24T21:27:47.439316+00:00,1779658067.4373164,dcs_bios_raw,RWR_LT_BRIGHT,53678,52706,-972,,,,,,,,,,no,no,unmapped_raw_key
P02,without_tutor,T01,9651,2026-05-24T21:27:47.585059+00:00,1779658067.5815532,dcs_bios_raw,RWR_LT_BRIGHT,52706,53678,972,,,,,,,,,,no,no,unmapped_raw_key
P02,without_tutor,T01,9652,2026-05-24T21:27:47.689769+00:00,1779658067.6877625,dcs_bios_raw,RWR_LT_BRIGHT,53678,52706,-972,,,,,,,,,,no,no,unmapped_raw_key
P02,without_tutor,T01,9653,2026-05-24T21:27:47.800954+00:00,1779658067.7989545,dcs_bios_raw,RWR_LT_BRIGHT,52706,53678,972,,,,,,,,,,no,no,unmapped_raw_key
P02,without_tutor,T01,9654,2026-05-24T21:27:47.939758+00:00,1779658067.9377525,dcs_bios_raw,RWR_LT_BRIGHT,53678,52706,-972,,,,,,,,,,no,no,unmapped_raw_key
P02,without_tutor,T01,9656,2026-05-24T21:27:48.046953+00:00,1779658068.0424387,dcs_bios_raw,RWR_LT_BRIGHT,52706,53678,972,,,,,,,,,,no,no,unmapped_raw_key
P02,without_tutor,T01,9657,2026-05-24T21:27:48.191771+00:00,1779658068.1877723,dcs_bios_raw,RWR_LT_BRIGHT,53678,52706,-972,,,,,,,,,,no,no,unmapped_raw_key
P02,without_tutor,T01,9659,2026-05-24T21:27:48.301475+00:00,1779658068.2984762,dcs_bios_raw,RWR_LT_BRIGHT,52706,53678,972,,,,,,,,,,no,no,unmapped_raw_key
P02,without_tutor,T01,9660,2026-05-24T21:27:48.407174+00:00,1779658068.404153,dcs_bios_raw,RWR_LT_BRIGHT,53678,52706,-972,,,,,,,,,,no,no,unmapped_raw_key
P02,without_tutor,T01,9661,2026-05-24T21:27:48.546901+00:00,1779658068.5423663,dcs_bios_raw,RWR_LT_BRIGHT,52706,53678,972,,,,,,,,,,no,no,unmapped_raw_key
P02,without_tutor,T01,9662,2026-05-24T21:27:48.657083+00:00,1779658068.6540718,dcs_bios_raw,RWR_LT_BRIGHT,53678,52706,-972,,,,,,,,,,no,no,unmapped_raw_key
P02,without_tutor,T01,9663,2026-05-24T21:27:48.762780+00:00,1779658068.7597806,dcs_bios_raw,RWR_LT_BRIGHT,52706,53678,972,,,,,,,,,,no,no,unmapped_raw_key
P02,without_tutor,T01,9664,2026-05-24T21:27:48.912171+00:00,1779658068.9101744,dcs_bios_raw,RWR_LT_BRIGHT,53678,52706,-972,,,,,,,,,,no,no,unmapped_raw_key
P02,without_tutor,T01,9666,2026-05-24T21:27:49.012361+00:00,1779658069.0093544,dcs_bios_raw,RWR_LT_BRIGHT,52706,53678,972,,,,,,,,,,no,no,unmapped_raw_key
P02,without_tutor,T01,9667,2026-05-24T21:27:49.123067+00:00,1779658069.1210675,dcs_bios_raw,RWR_LT_BRIGHT,53678,52706,-972,,,,,,,,,,no,no,unmapped_raw_key
P02,without_tutor,T01,9668,2026-05-24T21:27:49.261914+00:00,1779658069.259915,dcs_bios_raw,RWR_LT_BRIGHT,52706,53678,972,,,,,,,,,,no,no,unmapped_raw_key
P02,without_tutor,T01,9669,2026-05-24T21:27:49.372622+00:00,1779658069.3706222,dcs_bios_raw,RWR_LT_BRIGHT,53678,52706,-972,,,,,,,,,,no,no,unmapped_raw_key
P02,without_tutor,T01,9670,2026-05-24T21:27:49.513909+00:00,1779658069.5099168,dcs_bios_raw,RWR_LT_BRIGHT,52706,53678,972,,,,,,,,,,no,no,unmapped_raw_key
P02,without_tutor,T01,9671,2026-05-24T21:27:49.623170+00:00,1779658069.6211708,dcs_bios_raw,RWR_LT_BRIGHT,53678,52706,-972,,,,,,,,,,no,no,unmapped_raw_key
P02,without_tutor,T01,9672,2026-05-24T21:27:49.729370+00:00,1779658069.726363,dcs_bios_raw,RWR_LT_BRIGHT,52706,53678,972,,,,,,,,,,no,no,unmapped_raw_key
P02,without_tutor,T01,9673,2026-05-24T21:27:49.840046+00:00,1779658069.8370535,dcs_bios_raw,RWR_LT_BRIGHT,53678,52706,-972,,,,,,,,,,no,no,unmapped_raw_key
P02,without_tutor,T01,9674,2026-05-24T21:27:49.978831+00:00,1779658069.9768386,dcs_bios_raw,RWR_LT_BRIGHT,52706,53678,972,,,,,,,,,,no,no,unmapped_raw_key
P02,without_tutor,T01,9675,2026-05-24T21:27:50.089560+00:00,1779658070.087567,dcs_bios_raw,RWR_LT_BRIGHT,53678,52706,-972,,,,,,,,,,no,no,unmapped_raw_key
P02,without_tutor,T01,9676,2026-05-24T21:27:50.229366+00:00,1779658070.2263591,dcs_bios_raw,RWR_LT_BRIGHT,52706,53678,972,,,,,,,,,,no,no,unmapped_raw_key
P02,without_tutor,T01,9677,2026-05-24T21:27:50.340572+00:00,1779658070.3375723,dcs_bios_raw,RWR_LT_BRIGHT,53678,52706,-972,,,,,,,,,,no,no,unmapped_raw_key
P02,without_tutor,T01,9678,2026-05-24T21:27:50.440233+00:00,1779658070.4382336,dcs_bios_raw,RWR_LT_BRIGHT,52706,53678,972,,,,,,,,,,no,no,unmapped_raw_key
P02,without_tutor,T01,9679,2026-05-24T21:27:50.590989+00:00,1779658070.5869765,dcs_bios_raw,RWR_LT_BRIGHT,53678,52706,-972,,,,,,,,,,no,no,unmapped_raw_key
P02,without_tutor,T01,9680,2026-05-24T21:27:50.689666+00:00,1779658070.6876566,dcs_bios_raw,RWR_LT_BRIGHT,52706,53678,972,,,,,,,,,,no,no,unmapped_raw_key
P02,without_tutor,T01,9681,2026-05-24T21:27:50.796885+00:00,1779658070.7923703,dcs_bios_raw,RWR_LT_BRIGHT,53678,52706,-972,,,,,,,,,,no,no,unmapped_raw_key
P02,without_tutor,T01,9682,2026-05-24T21:27:50.939692+00:00,1779658070.9376853,dcs_bios_raw,RWR_LT_BRIGHT,52706,53678,972,,,,,,,,,,no,no,unmapped_raw_key
P02,without_tutor,T01,9684,2026-05-24T21:27:51.045935+00:00,1779658071.0424123,dcs_bios_raw,RWR_LT_BRIGHT,53678,52706,-972,,,,,,,,,,no,no,unmapped_raw_key
P02,without_tutor,T01,9685,2026-05-24T21:27:51.190199+00:00,1779658071.1866953,dcs_bios_raw,RWR_LT_BRIGHT,52706,53678,972,,,,,,,,,,no,no,unmapped_raw_key
P02,without_tutor,T01,9686,2026-05-24T21:27:51.298422+00:00,1779658071.2929068,dcs_bios_raw,RWR_LT_BRIGHT,53678,52706,-972,,,,,,,,,,no,no,unmapped_raw_key
P02,without_tutor,T01,9687,2026-05-24T21:27:51.401114+00:00,1779658071.3981144,dcs_bios_raw,RWR_LT_BRIGHT,52706,53678,972,,,,,,,,,,no,no,unmapped_raw_key
P02,without_tutor,T01,9688,2026-05-24T21:27:51.539893+00:00,1779658071.5378933,dcs_bios_raw,RWR_LT_BRIGHT,53678,52706,-972,,,,,,,,,,no,no,unmapped_raw_key
P02,without_tutor,T01,9689,2026-05-24T21:27:51.640624+00:00,1779658071.637624,dcs_bios_raw,RWR_LT_BRIGHT,52706,53678,972,,,,,,,,,,no,no,unmapped_raw_key
P02,without_tutor,T01,9690,2026-05-24T21:27:51.775422+00:00,1779658071.77091,dcs_bios_raw,RWR_LT_BRIGHT,53678,52706,-972,,,,,,,,,,no,no,unmapped_raw_key
P02,without_tutor,T01,9691,2026-05-24T21:27:51.907156+00:00,1779658071.9041445,dcs_bios_raw,RWR_LT_BRIGHT,52706,53678,972,,,,,,,,,,no,no,unmapped_raw_key
P02,without_tutor,T01,9692,2026-05-24T21:27:51.973774+00:00,1779658071.9712577,dcs_bios_raw,SEAT_HEIGHT_SW,1,0,-1,,,,,,,,,,no,no,unmapped_raw_key
P02,without_tutor,T01,9693,2026-05-24T21:27:52.012844+00:00,1779658072.0098515,dcs_bios_raw,RWR_LT_BRIGHT,53678,52706,-972,,,,,,,,,,no,no,unmapped_raw_key
P02,without_tutor,T01,9694,2026-05-24T21:27:52.123534+00:00,1779658072.1210325,dcs_bios_raw,RWR_LT_BRIGHT,52706,53673,967,,,,,,,,,,no,no,unmapped_raw_key
P02,without_tutor,T01,9695,2026-05-24T21:27:52.262775+00:00,1779658072.2597723,dcs_bios_raw,RWR_LT_BRIGHT,53673,52706,-967,,,,,,,,,,no,no,unmapped_raw_key
P02,without_tutor,T01,9696,2026-05-24T21:27:52.374448+00:00,1779658072.3709543,dcs_bios_raw,RWR_LT_BRIGHT,52706,53672,966,,,,,,,,,,no,no,unmapped_raw_key
P02,without_tutor,T01,9697,2026-05-24T21:27:52.513668+00:00,1779658072.510158,dcs_bios_raw,RWR_LT_BRIGHT,53672,52706,-966,,,,,,,,,,no,no,unmapped_raw_key
P02,without_tutor,T01,9698,2026-05-24T21:27:52.620434+00:00,1779658072.615424,dcs_bios_raw,RWR_LT_BRIGHT,52706,53672,966,,,,,,,,,,no,no,unmapped_raw_key
P02,without_tutor,T01,9699,2026-05-24T21:27:52.723571+00:00,1779658072.721055,dcs_bios_raw,RWR_LT_BRIGHT,53672,52706,-966,,,,,,,,,,no,no,unmapped_raw_key
P02,without_tutor,T01,9700,2026-05-24T21:27:52.868331+00:00,1779658072.8653286,dcs_bios_raw,RWR_LT_BRIGHT,52706,53672,966,,,,,,,,,,no,no,unmapped_raw_key
P02,without_tutor,T01,9701,2026-05-24T21:27:52.940462+00:00,1779658072.9384692,dcs_bios_raw,SEAT_HEIGHT_SW,0,1,1,,,,,,,,,,no,no,unmapped_raw_key
P02,without_tutor,T01,9702,2026-05-24T21:27:52.974544+00:00,1779658072.9720318,dcs_bios_raw,RWR_LT_BRIGHT,53672,52706,-966,,,,,,,,,,no,no,unmapped_raw_key
P02,without_tutor,T01,9703,2026-05-24T21:27:53.084803+00:00,1779658073.0822797,dcs_bios_raw,RWR_LT_BRIGHT,52706,53677,971,,,,,,,,,,no,no,unmapped_raw_key
P02,without_tutor,T01,9704,2026-05-24T21:27:53.224003+00:00,1779658073.221498,dcs_bios_raw,RWR_LT_BRIGHT,53677,52706,-971,,,,,,,,,,no,no,unmapped_raw_key
P02,without_tutor,T01,9705,2026-05-24T21:27:53.335739+00:00,1779658073.3322237,dcs_bios_raw,RWR_LT_BRIGHT,52706,53678,972,,,,,,,,,,no,no,unmapped_raw_key
P02,without_tutor,T01,9706,2026-05-24T21:27:53.408357+00:00,1779658073.4043531,dcs_bios_raw,SEAT_HEIGHT_SW,1,2,1,,,,,,,,,,no,no,unmapped_raw_key
P02,without_tutor,T01,9707,2026-05-24T21:27:53.453924+00:00,1779658073.4514225,dcs_bios_raw,RWR_LT_BRIGHT,53678,52706,-972,,,,,,,,,,no,no,unmapped_raw_key
P02,without_tutor,T01,9708,2026-05-24T21:27:53.583615+00:00,1779658073.5781054,dcs_bios_raw,RWR_LT_BRIGHT,52706,53673,967,,,,,,,,,,no,no,unmapped_raw_key
P02,without_tutor,T01,9709,2026-05-24T21:27:53.680821+00:00,1779658073.6788218,dcs_bios_raw,RWR_LT_BRIGHT,53673,52706,-967,,,,,,,,,,no,no,unmapped_raw_key
P02,without_tutor,T01,9710,2026-05-24T21:27:53.824538+00:00,1779658073.8220348,dcs_bios_raw,RWR_LT_BRIGHT,52706,53672,966,,,,,,,,,,no,no,unmapped_raw_key
P02,without_tutor,T01,9711,2026-05-24T21:27:53.931166+00:00,1779658073.9281585,dcs_bios_raw,RWR_LT_BRIGHT,53672,52706,-966,,,,,,,,,,no,no,unmapped_raw_key
P02,without_tutor,T01,9713,2026-05-24T21:27:54.069433+00:00,1779658074.067433,dcs_bios_raw,RWR_LT_BRIGHT,52706,53672,966,,,,,,,,,,no,no,unmapped_raw_key
P02,without_tutor,T01,9714,2026-05-24T21:27:54.182131+00:00,1779658074.178139,dcs_bios_raw,RWR_LT_BRIGHT,53672,52706,-966,,,,,,,,,,no,no,unmapped_raw_key
P02,without_tutor,T01,9715,2026-05-24T21:27:54.286859+00:00,1779658074.2838347,dcs_bios_raw,RWR_LT_BRIGHT,52706,53672,966,,,,,,,,,,no,no,unmapped_raw_key
P02,without_tutor,T01,9716,2026-05-24T21:27:54.433110+00:00,1779658074.4291177,dcs_bios_raw,RWR_LT_BRIGHT,53672,52706,-966,,,,,,,,,,no,no,unmapped_raw_key
P02,without_tutor,T01,9717,2026-05-24T21:27:54.465156+00:00,1779658074.4616587,dcs_bios_raw,SEAT_HEIGHT_SW,2,1,-1,,,,,,,,,,no,no,unmapped_raw_key
P02,without_tutor,T01,9718,2026-05-24T21:27:54.537747+00:00,1779658074.5347447,dcs_bios_raw,RWR_LT_BRIGHT,52706,53672,966,,,,,,,,,,no,no,unmapped_raw_key
P02,without_tutor,T01,9719,2026-05-24T21:27:54.642443+00:00,1779658074.6394362,dcs_bios_raw,RWR_LT_BRIGHT,53672,52706,-966,,,,,,,,,,no,no,unmapped_raw_key
P02,without_tutor,T01,9720,2026-05-24T21:27:54.787234+00:00,1779658074.7842226,dcs_bios_raw,RWR_LT_BRIGHT,52706,53677,971,,,,,,,,,,no,no,unmapped_raw_key
P02,without_tutor,T01,9721,2026-05-24T21:27:54.891922+00:00,1779658074.8899224,dcs_bios_raw,RWR_LT_BRIGHT,53677,52706,-971,,,,,,,,,,no,no,unmapped_raw_key
P02,without_tutor,T01,9721,2026-05-24T21:27:54.891922+00:00,1779658074.8899224,dcs_bios_raw,SHLDR_HARNESS_SW,0,1,1,,,,,,,,,,no,no,unmapped_raw_key
P02,without_tutor,T01,9723,2026-05-24T21:27:54.997655+00:00,1779658074.995653,dcs_bios_raw,RWR_LT_BRIGHT,52706,53678,972,,,,,,,,,,no,no,unmapped_raw_key
P02,without_tutor,T01,9724,2026-05-24T21:27:55.137402+00:00,1779658075.1343913,dcs_bios_raw,RWR_LT_BRIGHT,53678,52706,-972,,,,,,,,,,no,no,unmapped_raw_key
P02,without_tutor,T01,9725,2026-05-24T21:27:55.248103+00:00,1779658075.2450986,dcs_bios_raw,RWR_LT_BRIGHT,52706,53678,972,,,,,,,,,,no,no,unmapped_raw_key
P02,without_tutor,T01,9726,2026-05-24T21:27:55.393907+00:00,1779658075.3899076,dcs_bios_raw,RWR_LT_BRIGHT,53678,52706,-972,,,,,,,,,,no,no,unmapped_raw_key
P02,without_tutor,T01,9727,2026-05-24T21:27:55.502613+00:00,1779658075.5006137,dcs_bios_raw,RWR_LT_BRIGHT,52706,53678,972,,,,,,,,,,no,no,unmapped_raw_key
P02,without_tutor,T01,9728,2026-05-24T21:27:55.610815+00:00,1779658075.6068156,dcs_bios_raw,RWR_LT_BRIGHT,53678,52706,-972,,,,,,,,,,no,no,unmapped_raw_key
P02,without_tutor,T01,9729,2026-05-24T21:27:55.713948+00:00,1779658075.7114463,dcs_bios_raw,RWR_LT_BRIGHT,52706,53678,972,,,,,,,,,,no,no,unmapped_raw_key
P02,without_tutor,T01,9730,2026-05-24T21:27:55.858635+00:00,1779658075.856636,dcs_bios_raw,RWR_LT_BRIGHT,53678,52706,-972,,,,,,,,,,no,no,unmapped_raw_key
P02,without_tutor,T01,9731,2026-05-24T21:27:55.965794+00:00,1779658075.9612706,dcs_bios_raw,RWR_LT_BRIGHT,52706,53678,972,,,,,,,,,,no,no,unmapped_raw_key
P02,without_tutor,T01,9732,2026-05-24T21:27:56.108079+00:00,1779658076.1060717,dcs_bios_raw,RWR_LT_BRIGHT,53678,52706,-972,,,,,,,,,,no,no,unmapped_raw_key
P02,without_tutor,T01,9733,2026-05-24T21:27:56.214229+00:00,1779658076.2117345,dcs_bios_raw,RWR_LT_BRIGHT,52706,53678,972,,,,,,,,,,no,no,unmapped_raw_key
P02,without_tutor,T01,9734,2026-05-24T21:27:56.327347+00:00,1779658076.3228395,dcs_bios_raw,RWR_LT_BRIGHT,53678,52706,-972,,,,,,,,,,no,no,unmapped_raw_key
P02,without_tutor,T01,9735,2026-05-24T21:27:56.465110+00:00,1779658076.4626055,dcs_bios_raw,RWR_LT_BRIGHT,52706,53678,972,,,,,,,,,,no,no,unmapped_raw_key
P02,without_tutor,T01,9736,2026-05-24T21:27:56.569768+00:00,1779658076.5667686,dcs_bios_raw,RWR_LT_BRIGHT,53678,52706,-972,,,,,,,,,,no,no,unmapped_raw_key
P02,without_tutor,T01,9737,2026-05-24T21:27:56.681967+00:00,1779658076.67896,dcs_bios_raw,RWR_LT_BRIGHT,52706,53678,972,,,,,,,,,,no,no,unmapped_raw_key
P02,without_tutor,T01,9738,2026-05-24T21:27:56.821213+00:00,1779658076.8172207,dcs_bios_raw,RWR_LT_BRIGHT,53678,52706,-972,,,,,,,,,,no,no,unmapped_raw_key
P02,without_tutor,T01,9739,2026-05-24T21:27:56.930408+00:00,1779658076.928416,dcs_bios_raw,RWR_LT_BRIGHT,52706,53678,972,,,,,,,,,,no,no,unmapped_raw_key
P02,without_tutor,T01,9741,2026-05-24T21:27:57.036665+00:00,1779658077.0346458,dcs_bios_raw,RWR_LT_BRIGHT,53678,52706,-972,,,,,,,,,,no,no,unmapped_raw_key
P02,without_tutor,T01,9742,2026-05-24T21:27:57.181457+00:00,1779658077.1784573,dcs_bios_raw,RWR_LT_BRIGHT,52706,53678,972,,,,,,,,,,no,no,unmapped_raw_key
P02,without_tutor,T01,9743,2026-05-24T21:27:57.286622+00:00,1779658077.283609,dcs_bios_raw,RWR_LT_BRIGHT,53678,52706,-972,,,,,,,,,,no,no,unmapped_raw_key
P02,without_tutor,T01,9744,2026-05-24T21:27:57.431947+00:00,1779658077.4289477,dcs_bios_raw,RWR_LT_BRIGHT,52706,53678,972,,,,,,,,,,no,no,unmapped_raw_key
P02,without_tutor,T01,9745,2026-05-24T21:27:57.536121+00:00,1779658077.5341156,dcs_bios_raw,RWR_LT_BRIGHT,53678,52706,-972,,,,,,,,,,no,no,unmapped_raw_key
P02,without_tutor,T01,9746,2026-05-24T21:27:57.641784+00:00,1779658077.6387842,dcs_bios_raw,RWR_LT_BRIGHT,52706,53678,972,,,,,,,,,,no,no,unmapped_raw_key
P02,without_tutor,T01,9747,2026-05-24T21:27:57.787158+00:00,1779658077.784138,dcs_bios_raw,RWR_LT_BRIGHT,53678,52706,-972,,,,,,,,,,no,no,unmapped_raw_key
P02,without_tutor,T01,9748,2026-05-24T21:27:57.891865+00:00,1779658077.8898654,dcs_bios_raw,RWR_LT_BRIGHT,52706,53678,972,,,,,,,,,,no,no,unmapped_raw_key
P02,without_tutor,T01,9750,2026-05-24T21:27:58.002541+00:00,1779658078.000539,dcs_bios_raw,RWR_LT_BRIGHT,53678,52706,-972,,,,,,,,,,no,no,unmapped_raw_key
P02,without_tutor,T01,9751,2026-05-24T21:27:58.149788+00:00,1779658078.145789,dcs_bios_raw,RWR_LT_BRIGHT,52706,53678,972,,,,,,,,,,no,no,unmapped_raw_key
P02,without_tutor,T01,9752,2026-05-24T21:27:58.252477+00:00,1779658078.2504842,dcs_bios_raw,RWR_LT_BRIGHT,53678,52706,-972,,,,,,,,,,no,no,unmapped_raw_key
P02,without_tutor,T01,9753,2026-05-24T21:27:58.392222+00:00,1779658078.3892226,dcs_bios_raw,RWR_LT_BRIGHT,52706,53678,972,,,,,,,,,,no,no,unmapped_raw_key
P02,without_tutor,T01,9754,2026-05-24T21:27:58.500432+00:00,1779658078.4954224,dcs_bios_raw,RWR_LT_BRIGHT,53678,52706,-972,,,,,,,,,,no,no,unmapped_raw_key
P02,without_tutor,T01,9755,2026-05-24T21:27:58.609094+00:00,1779658078.6061022,dcs_bios_raw,RWR_LT_BRIGHT,52706,53678,972,,,,,,,,,,no,no,unmapped_raw_key
P02,without_tutor,T01,9756,2026-05-24T21:27:58.715362+00:00,1779658078.7118473,dcs_bios_raw,RWR_LT_BRIGHT,53678,52706,-972,,,,,,,,,,no,no,unmapped_raw_key
P02,without_tutor,T01,9757,2026-05-24T21:27:58.859193+00:00,1779658078.8561933,dcs_bios_raw,RWR_LT_BRIGHT,52706,53678,972,,,,,,,,,,no,no,unmapped_raw_key
P02,without_tutor,T01,9758,2026-05-24T21:27:58.963874+00:00,1779658078.9613779,dcs_bios_raw,RWR_LT_BRIGHT,53678,52706,-972,,,,,,,,,,no,no,unmapped_raw_key
P02,without_tutor,T01,9759,2026-05-24T21:27:59.108694+00:00,1779658079.1066945,dcs_bios_raw,RWR_LT_BRIGHT,52706,53678,972,,,,,,,,,,no,no,unmapped_raw_key
P02,without_tutor,T01,9760,2026-05-24T21:27:59.214924+00:00,1779658079.212418,dcs_bios_raw,RWR_LT_BRIGHT,53678,52706,-972,,,,,,,,,,no,no,unmapped_raw_key
P02,without_tutor,T01,9761,2026-05-24T21:27:59.320607+00:00,1779658079.3186073,dcs_bios_raw,RWR_LT_BRIGHT,52706,53678,972,,,,,,,,,,no,no,unmapped_raw_key
P02,without_tutor,T01,9762,2026-05-24T21:27:59.465969+00:00,1779658079.4624457,dcs_bios_raw,RWR_LT_BRIGHT,53678,52706,-972,,,,,,,,,,no,no,unmapped_raw_key
P02,without_tutor,T01,9763,2026-05-24T21:27:59.571132+00:00,1779658079.5681322,dcs_bios_raw,RWR_LT_BRIGHT,52706,53678,972,,,,,,,,,,no,no,unmapped_raw_key
P02,without_tutor,T01,9764,2026-05-24T21:27:59.714945+00:00,1779658079.7124338,dcs_bios_raw,RWR_LT_BRIGHT,53678,52706,-972,,,,,,,,,,no,no,unmapped_raw_key
P02,without_tutor,T01,9765,2026-05-24T21:27:59.820637+00:00,1779658079.8176448,dcs_bios_raw,RWR_LT_BRIGHT,52706,53678,972,,,,,,,,,,no,no,unmapped_raw_key
P02,without_tutor,T01,9766,2026-05-24T21:27:59.920832+00:00,1779658079.917825,dcs_bios_raw,RWR_LT_BRIGHT,53678,52706,-972,,,,,,,,,,no,no,unmapped_raw_key
P02,without_tutor,T01,9768,2026-05-24T21:28:00.072648+00:00,1779658080.068642,dcs_bios_raw,RWR_LT_BRIGHT,52706,53678,972,,,,,,,,,,no,no,unmapped_raw_key
P02,without_tutor,T01,9769,2026-05-24T21:28:00.175858+00:00,1779658080.1738455,dcs_bios_raw,RWR_LT_BRIGHT,53678,52706,-972,,,,,,,,,,no,no,unmapped_raw_key
P02,without_tutor,T01,9770,2026-05-24T21:28:00.286979+00:00,1779658080.2849667,dcs_bios_raw,RWR_LT_BRIGHT,52706,53678,972,,,,,,,,,,no,no,unmapped_raw_key
P02,without_tutor,T01,9771,2026-05-24T21:28:00.420740+00:00,1779658080.4177408,dcs_bios_raw,RWR_LT_BRIGHT,53678,52706,-972,,,,,,,,,,no,no,unmapped_raw_key
P02,without_tutor,T01,9772,2026-05-24T21:28:00.531427+00:00,1779658080.5284336,dcs_bios_raw,RWR_LT_BRIGHT,52706,53678,972,,,,,,,,,,no,no,unmapped_raw_key
P02,without_tutor,T01,9773,2026-05-24T21:28:00.666694+00:00,1779658080.6621614,dcs_bios_raw,RWR_LT_BRIGHT,53678,52706,-972,,,,,,,,,,no,no,unmapped_raw_key
P02,without_tutor,T01,9774,2026-05-24T21:28:00.765426+00:00,1779658080.7629144,dcs_bios_raw,RWR_LT_BRIGHT,52706,53678,972,,,,,,,,,,no,no,unmapped_raw_key
P02,without_tutor,T01,9775,2026-05-24T21:28:00.898720+00:00,1779658080.8967214,dcs_bios_raw,RWR_LT_BRIGHT,53678,52706,-972,,,,,,,,,,no,no,unmapped_raw_key
P02,without_tutor,T01,9777,2026-05-24T21:28:01.002365+00:00,1779658080.9973652,dcs_bios_raw,RWR_LT_BRIGHT,52706,53678,972,,,,,,,,,,no,no,unmapped_raw_key
P02,without_tutor,T01,9778,2026-05-24T21:28:01.137685+00:00,1779658081.1356816,dcs_bios_raw,RWR_LT_BRIGHT,53678,52706,-972,,,,,,,,,,no,no,unmapped_raw_key
P02,without_tutor,T01,9779,2026-05-24T21:28:01.243912+00:00,1779658081.2404094,dcs_bios_raw,RWR_LT_BRIGHT,52706,53678,972,,,,,,,,,,no,no,unmapped_raw_key
P02,without_tutor,T01,9780,2026-05-24T21:28:01.317020+00:00,1779658081.3140142,dcs_bios_raw,EJECTION_SEAT_ARMED,0,1,1,,,,,,,,,,no,no,unmapped_raw_key
P02,without_tutor,T01,9781,2026-05-24T21:28:01.387594+00:00,1779658081.3855832,dcs_bios_raw,RWR_LT_BRIGHT,53678,52706,-972,,,,,,,,,,no,no,unmapped_raw_key
P02,without_tutor,T01,9782,2026-05-24T21:28:01.493810+00:00,1779658081.4913077,dcs_bios_raw,RWR_LT_BRIGHT,52706,53678,972,,,,,,,,,,no,no,unmapped_raw_key
P02,without_tutor,T01,9783,2026-05-24T21:28:01.634091+00:00,1779658081.6305816,dcs_bios_raw,RWR_LT_BRIGHT,53678,52706,-972,,,,,,,,,,no,no,unmapped_raw_key
P02,without_tutor,T01,9784,2026-05-24T21:28:01.744276+00:00,1779658081.7407744,dcs_bios_raw,RWR_LT_BRIGHT,52706,53678,972,,,,,,,,,,no,no,unmapped_raw_key
P02,without_tutor,T01,9785,2026-05-24T21:28:01.843913+00:00,1779658081.841411,dcs_bios_raw,RWR_LT_BRIGHT,53678,52706,-972,,,,,,,,,,no,no,unmapped_raw_key
P02,without_tutor,T01,9786,2026-05-24T21:28:01.988653+00:00,1779658081.9856493,dcs_bios_raw,RWR_LT_BRIGHT,52706,53678,972,,,,,,,,,,no,no,unmapped_raw_key
P02,without_tutor,T01,9787,2026-05-24T21:28:02.098784+00:00,1779658082.095782,dcs_bios_raw,RWR_LT_BRIGHT,53678,52706,-972,,,,,,,,,,no,no,unmapped_raw_key
P02,without_tutor,T01,9788,2026-05-24T21:28:02.204982+00:00,1779658082.202469,dcs_bios_raw,RWR_LT_BRIGHT,52706,53678,972,,,,,,,,,,no,no,unmapped_raw_key
P02,without_tutor,T01,9789,2026-05-24T21:28:02.283028+00:00,1779658082.2800355,dcs_bios_raw,EJECTION_SEAT_ARMED,1,0,-1,,,,,,,,,,no,no,unmapped_raw_key
P02,without_tutor,T01,9790,2026-05-24T21:28:02.315594+00:00,1779658082.3130887,dcs_bios_raw,RWR_LT_BRIGHT,53678,52706,-972,,,,,,,,,,no,no,unmapped_raw_key
P02,without_tutor,T01,9791,2026-05-24T21:28:02.455373+00:00,1779658082.452868,dcs_bios_raw,RWR_LT_BRIGHT,52706,53678,972,,,,,,,,,,no,no,unmapped_raw_key
P02,without_tutor,T01,9792,2026-05-24T21:28:02.562047+00:00,1779658082.55904,dcs_bios_raw,RWR_LT_BRIGHT,53678,52706,-972,,,,,,,,,,no,no,unmapped_raw_key
P02,without_tutor,T01,9793,2026-05-24T21:28:02.694808+00:00,1779658082.6923022,dcs_bios_raw,RWR_LT_BRIGHT,52706,53678,972,,,,,,,,,,no,no,unmapped_raw_key
P02,without_tutor,T01,9794,2026-05-24T21:28:02.806032+00:00,1779658082.8025258,dcs_bios_raw,RWR_LT_BRIGHT,53678,52706,-972,,,,,,,,,,no,no,unmapped_raw_key
P02,without_tutor,T01,9795,2026-05-24T21:28:02.946346+00:00,1779658082.942822,dcs_bios_raw,RWR_LT_BRIGHT,52706,53678,972,,,,,,,,,,no,no,unmapped_raw_key
P02,without_tutor,T01,9797,2026-05-24T21:28:03.055531+00:00,1779658083.053025,dcs_bios_raw,RWR_LT_BRIGHT,53678,52706,-972,,,,,,,,,,no,no,unmapped_raw_key
P02,without_tutor,T01,9798,2026-05-24T21:28:03.163179+00:00,1779658083.159179,dcs_bios_raw,RWR_LT_BRIGHT,52706,53678,972,,,,,,,,,,no,no,unmapped_raw_key
P02,without_tutor,T01,9799,2026-05-24T21:28:03.305414+00:00,1779658083.302909,dcs_bios_raw,RWR_LT_BRIGHT,53678,52706,-972,,,,,,,,,,no,no,unmapped_raw_key
P02,without_tutor,T01,9800,2026-05-24T21:28:03.411542+00:00,1779658083.4090254,dcs_bios_raw,RWR_LT_BRIGHT,52706,53678,972,,,,,,,,,,no,no,unmapped_raw_key
P02,without_tutor,T01,9801,2026-05-24T21:28:03.516658+00:00,1779658083.5146542,dcs_bios_raw,RWR_LT_BRIGHT,53678,52706,-972,,,,,,,,,,no,no,unmapped_raw_key
P02,without_tutor,T01,9802,2026-05-24T21:28:03.591224+00:00,1779658083.5862246,dcs_bios_raw,EJECTION_SEAT_ARMED,0,1,1,,,,,,,,,,no,no,unmapped_raw_key
P02,without_tutor,T01,9802,2026-05-24T21:28:03.591224+00:00,1779658083.5862246,dcs_bios_raw,EJECTION_SEAT_MNL_OVRD,0,1,1,,,,,,,,,,no,no,unmapped_raw_key
P02,without_tutor,T01,9803,2026-05-24T21:28:03.661310+00:00,1779658083.6583028,dcs_bios_raw,RWR_LT_BRIGHT,52706,53678,972,,,,,,,,,,no,no,unmapped_raw_key
P02,without_tutor,T01,9804,2026-05-24T21:28:03.766518+00:00,1779658083.764506,dcs_bios_raw,RWR_LT_BRIGHT,53678,52706,-972,,,,,,,,,,no,no,unmapped_raw_key
P02,without_tutor,T01,9805,2026-05-24T21:28:03.911696+00:00,1779658083.9092023,dcs_bios_raw,RWR_LT_BRIGHT,52706,53678,972,,,,,,,,,,no,no,unmapped_raw_key
P02,without_tutor,T01,9807,2026-05-24T21:28:04.017860+00:00,1779658084.0148418,dcs_bios_raw,RWR_LT_BRIGHT,53678,52706,-972,,,,,,,,,,no,no,unmapped_raw_key
P02,without_tutor,T01,9808,2026-05-24T21:28:04.127990+00:00,1779658084.124988,dcs_bios_raw,RWR_LT_BRIGHT,52706,53678,972,,,,,,,,,,no,no,unmapped_raw_key
P02,without_tutor,T01,9809,2026-05-24T21:28:04.272717+00:00,1779658084.2697175,dcs_bios_raw,RWR_LT_BRIGHT,53678,52706,-972,,,,,,,,,,no,no,unmapped_raw_key
P02,without_tutor,T01,9810,2026-05-24T21:28:04.377878+00:00,1779658084.3758764,dcs_bios_raw,RWR_LT_BRIGHT,52706,53678,972,,,,,,,,,,no,no,unmapped_raw_key
P02,without_tutor,T01,9811,2026-05-24T21:28:04.489027+00:00,1779658084.4870267,dcs_bios_raw,RWR_LT_BRIGHT,53678,52706,-972,,,,,,,,,,no,no,unmapped_raw_key
P02,without_tutor,T01,9812,2026-05-24T21:28:04.556095+00:00,1779658084.5525887,dcs_bios_raw,EJECTION_SEAT_ARMED,1,0,-1,,,,,,,,,,no,no,unmapped_raw_key
P02,without_tutor,T01,9813,2026-05-24T21:28:04.628208+00:00,1779658084.625206,dcs_bios_raw,RWR_LT_BRIGHT,52706,53678,972,,,,,,,,,,no,no,unmapped_raw_key
P02,without_tutor,T01,9814,2026-05-24T21:28:04.738799+00:00,1779658084.7367992,dcs_bios_raw,RWR_LT_BRIGHT,53678,52706,-972,,,,,,,,,,no,no,unmapped_raw_key
P02,without_tutor,T01,9815,2026-05-24T21:28:04.844431+00:00,1779658084.8419297,dcs_bios_raw,RWR_LT_BRIGHT,52706,53678,972,,,,,,,,,,no,no,unmapped_raw_key
P02,without_tutor,T01,9816,2026-05-24T21:28:04.989568+00:00,1779658084.9865682,dcs_bios_raw,RWR_LT_BRIGHT,53678,52706,-972,,,,,,,,,,no,no,unmapped_raw_key
P02,without_tutor,T01,9817,2026-05-24T21:28:05.096231+00:00,1779658085.0927062,dcs_bios_raw,RWR_LT_BRIGHT,52706,53678,972,,,,,,,,,,no,no,unmapped_raw_key
P02,without_tutor,T01,9818,2026-05-24T21:28:05.194849+00:00,1779658085.1923332,dcs_bios_raw,RWR_LT_BRIGHT,53678,52706,-972,,,,,,,,,,no,no,unmapped_raw_key
P02,without_tutor,T01,9819,2026-05-24T21:28:05.339064+00:00,1779658085.3370647,dcs_bios_raw,RWR_LT_BRIGHT,52706,53678,972,,,,,,,,,,no,no,unmapped_raw_key
P02,without_tutor,T01,9820,2026-05-24T21:28:05.452190+00:00,1779658085.4471903,dcs_bios_raw,RWR_LT_BRIGHT,53678,52706,-972,,,,,,,,,,no,no,unmapped_raw_key
P02,without_tutor,T01,9821,2026-05-24T21:28:05.560848+00:00,1779658085.5588474,dcs_bios_raw,RWR_LT_BRIGHT,52706,53678,972,,,,,,,,,,no,no,unmapped_raw_key
P02,without_tutor,T01,9822,2026-05-24T21:28:05.700032+00:00,1779658085.6980321,dcs_bios_raw,RWR_LT_BRIGHT,53678,52706,-972,,,,,,,,,,no,no,unmapped_raw_key
P02,without_tutor,T01,9823,2026-05-24T21:28:05.774125+00:00,1779658085.77063,dcs_bios_raw,EJECTION_SEAT_MNL_OVRD,1,0,-1,,,,,,,,,,no,no,unmapped_raw_key
P02,without_tutor,T01,9824,2026-05-24T21:28:05.806669+00:00,1779658085.8031538,dcs_bios_raw,RWR_LT_BRIGHT,52706,53678,972,,,,,,,,,,no,no,unmapped_raw_key
P02,without_tutor,T01,9825,2026-05-24T21:28:05.944832+00:00,1779658085.9423273,dcs_bios_raw,RWR_LT_BRIGHT,53678,52706,-972,,,,,,,,,,no,no,unmapped_raw_key
P02,without_tutor,T01,9827,2026-05-24T21:28:06.056449+00:00,1779658086.0539422,dcs_bios_raw,RWR_LT_BRIGHT,52706,53678,972,,,,,,,,,,no,no,unmapped_raw_key
P02,without_tutor,T01,9828,2026-05-24T21:28:06.161606+00:00,1779658086.158607,dcs_bios_raw,RWR_LT_BRIGHT,53678,52706,-972,,,,,,,,,,no,no,unmapped_raw_key
P02,without_tutor,T01,9829,2026-05-24T21:28:06.306322+00:00,1779658086.303815,dcs_bios_raw,RWR_LT_BRIGHT,52706,53678,972,,,,,,,,,,no,no,unmapped_raw_key
P02,without_tutor,T01,9830,2026-05-24T21:28:06.411955+00:00,1779658086.4089553,dcs_bios_raw,RWR_LT_BRIGHT,53678,52706,-972,,,,,,,,,,no,no,unmapped_raw_key
P02,without_tutor,T01,9831,2026-05-24T21:28:06.518625+00:00,1779658086.5156217,dcs_bios_raw,RWR_LT_BRIGHT,52706,53678,972,,,,,,,,,,no,no,unmapped_raw_key
P02,without_tutor,T01,9832,2026-05-24T21:28:06.662307+00:00,1779658086.6593072,dcs_bios_raw,RWR_LT_BRIGHT,53678,52706,-972,,,,,,,,,,no,no,unmapped_raw_key
P02,without_tutor,T01,9833,2026-05-24T21:28:06.767403+00:00,1779658086.7643979,dcs_bios_raw,RWR_LT_BRIGHT,52706,53678,972,,,,,,,,,,no,no,unmapped_raw_key
P02,without_tutor,T01,9834,2026-05-24T21:28:06.913096+00:00,1779658086.9090936,dcs_bios_raw,RWR_LT_BRIGHT,53678,52706,-972,,,,,,,,,,no,no,unmapped_raw_key
P02,without_tutor,T01,9837,2026-05-24T21:28:07.017239+00:00,1779658087.0152376,dcs_bios_raw,RWR_LT_BRIGHT,52706,53678,972,,,,,,,,,,no,no,unmapped_raw_key
P02,without_tutor,T01,9839,2026-05-24T21:28:07.122352+00:00,1779658087.1203446,dcs_bios_raw,RWR_LT_BRIGHT,53678,52706,-972,,,,,,,,,,no,no,unmapped_raw_key
P02,without_tutor,T01,9843,2026-05-24T21:28:07.267074+00:00,1779658087.265065,dcs_bios_raw,RWR_LT_BRIGHT,52706,53678,972,,,,,,,,,,no,no,unmapped_raw_key
P02,without_tutor,T01,9846,2026-05-24T21:28:07.373152+00:00,1779658087.3701522,dcs_bios_raw,RWR_LT_BRIGHT,53678,52706,-972,,,,,,,,,,no,no,unmapped_raw_key
P02,without_tutor,T01,9849,2026-05-24T21:28:07.479324+00:00,1779658087.4763246,dcs_bios_raw,RWR_LT_BRIGHT,52706,53678,972,,,,,,,,,,no,no,unmapped_raw_key
P02,without_tutor,T01,9851,2026-05-24T21:28:07.617516+00:00,1779658087.6150122,dcs_bios_raw,RWR_LT_BRIGHT,53678,52706,-972,,,,,,,,,,no,no,unmapped_raw_key
P02,without_tutor,T01,9852,2026-05-24T21:28:07.718138+00:00,1779658087.714615,dcs_bios_raw,RWR_LT_BRIGHT,52706,53678,972,,,,,,,,,,no,no,unmapped_raw_key
P02,without_tutor,T01,9855,2026-05-24T21:28:07.850345+00:00,1779658087.8483384,dcs_bios_raw,RWR_LT_BRIGHT,53678,52706,-972,,,,,,,,,,no,no,unmapped_raw_key
P02,without_tutor,T01,9857,2026-05-24T21:28:07.986028+00:00,1779658087.9815242,dcs_bios_raw,RWR_LT_BRIGHT,52706,53678,972,,,,,,,,,,no,no,unmapped_raw_key
P02,without_tutor,T01,9858,2026-05-24T21:28:08.091687+00:00,1779658088.087694,dcs_bios_raw,RWR_LT_BRIGHT,53678,52706,-972,,,,,,,,,,no,no,unmapped_raw_key
P02,without_tutor,T01,9859,2026-05-24T21:28:08.196848+00:00,1779658088.1923206,dcs_bios_raw,RWR_LT_BRIGHT,52706,53678,972,,,,,,,,,,no,no,unmapped_raw_key
P02,without_tutor,T01,9860,2026-05-24T21:28:08.340040+00:00,1779658088.3370402,dcs_bios_raw,RWR_LT_BRIGHT,53678,52706,-972,,,,,,,,,,no,no,unmapped_raw_key
P02,without_tutor,T01,9861,2026-05-24T21:28:08.445192+00:00,1779658088.4426749,dcs_bios_raw,RWR_LT_BRIGHT,52706,53678,972,,,,,,,,,,no,no,unmapped_raw_key
P02,without_tutor,T01,9862,2026-05-24T21:28:08.589876+00:00,1779658088.5878763,dcs_bios_raw,RWR_LT_BRIGHT,53678,52706,-972,,,,,,,,,,no,no,unmapped_raw_key
P02,without_tutor,T01,9863,2026-05-24T21:28:08.695042+00:00,1779658088.692537,dcs_bios_raw,RWR_LT_BRIGHT,52706,53678,972,,,,,,,,,,no,no,unmapped_raw_key
P02,without_tutor,T01,9865,2026-05-24T21:28:08.801702+00:00,1779658088.7987123,dcs_bios_raw,RWR_LT_BRIGHT,53678,52706,-972,,,,,,,,,,no,no,unmapped_raw_key
P02,without_tutor,T01,9867,2026-05-24T21:28:08.948444+00:00,1779658088.9429324,dcs_bios_raw,RWR_LT_BRIGHT,52706,53678,972,,,,,,,,,,no,no,unmapped_raw_key
P02,without_tutor,T01,9869,2026-05-24T21:28:09.051108+00:00,1779658089.0491083,dcs_bios_raw,RWR_LT_BRIGHT,53678,52706,-972,,,,,,,,,,no,no,unmapped_raw_key
P02,without_tutor,T01,9870,2026-05-24T21:28:09.164754+00:00,1779658089.1602519,dcs_bios_raw,RWR_LT_BRIGHT,52706,53678,972,,,,,,,,,,no,no,unmapped_raw_key
P02,without_tutor,T01,9871,2026-05-24T21:28:09.300953+00:00,1779658089.2989533,dcs_bios_raw,RWR_LT_BRIGHT,53678,52706,-972,,,,,,,,,,no,no,unmapped_raw_key
P02,without_tutor,T01,9872,2026-05-24T21:28:09.407076+00:00,1779658089.4040716,dcs_bios_raw,RWR_LT_BRIGHT,52706,53678,972,,,,,,,,,,no,no,unmapped_raw_key
P02,without_tutor,T01,9873,2026-05-24T21:28:09.546252+00:00,1779658089.5427377,dcs_bios_raw,RWR_LT_BRIGHT,53678,52706,-972,,,,,,,,,,no,no,unmapped_raw_key
P02,without_tutor,T01,9874,2026-05-24T21:28:09.658336+00:00,1779658089.6543274,dcs_bios_raw,RWR_LT_BRIGHT,52706,53678,972,,,,,,,,,,no,no,unmapped_raw_key
P02,without_tutor,T01,9875,2026-05-24T21:28:09.761944+00:00,1779658089.7599447,dcs_bios_raw,RWR_LT_BRIGHT,53678,52706,-972,,,,,,,,,,no,no,unmapped_raw_key
P02,without_tutor,T01,9876,2026-05-24T21:28:09.907085+00:00,1779658089.90408,dcs_bios_raw,RWR_LT_BRIGHT,52706,53678,972,,,,,,,,,,no,no,unmapped_raw_key
P02,without_tutor,T01,9878,2026-05-24T21:28:10.012686+00:00,1779658090.0096872,dcs_bios_raw,RWR_LT_BRIGHT,53678,52706,-972,,,,,,,,,,no,no,unmapped_raw_key
P02,without_tutor,T01,9879,2026-05-24T21:28:10.123823+00:00,1779658090.1203213,dcs_bios_raw,RWR_LT_BRIGHT,52706,53678,972,,,,,,,,,,no,no,unmapped_raw_key
P02,without_tutor,T01,9881,2026-05-24T21:28:10.262989+00:00,1779658090.2599905,dcs_bios_raw,RWR_LT_BRIGHT,53678,52706,-972,,,,,,,,,,no,no,unmapped_raw_key
P02,without_tutor,T01,9882,2026-05-24T21:28:10.369075+00:00,1779658090.3660712,dcs_bios_raw,RWR_LT_BRIGHT,52706,53678,972,,,,,,,,,,no,no,unmapped_raw_key
P02,without_tutor,T01,9883,2026-05-24T21:28:10.512745+00:00,1779658090.5097446,dcs_bios_raw,RWR_LT_BRIGHT,53678,52706,-972,,,,,,,,,,no,no,unmapped_raw_key
P02,without_tutor,T01,9884,2026-05-24T21:28:10.623892+00:00,1779658090.6213975,dcs_bios_raw,RWR_LT_BRIGHT,52706,53678,972,,,,,,,,,,no,no,unmapped_raw_key
P02,without_tutor,T01,9885,2026-05-24T21:28:10.728605+00:00,1779658090.7266045,dcs_bios_raw,RWR_LT_BRIGHT,53678,52706,-972,,,,,,,,,,no,no,unmapped_raw_key
P02,without_tutor,T01,9886,2026-05-24T21:28:10.840764+00:00,1779658090.8377638,dcs_bios_raw,RWR_LT_BRIGHT,52706,53678,972,,,,,,,,,,no,no,unmapped_raw_key
P02,without_tutor,T01,9887,2026-05-24T21:28:10.984997+00:00,1779658090.982486,dcs_bios_raw,RWR_LT_BRIGHT,53678,52706,-972,,,,,,,,,,no,no,unmapped_raw_key
P02,without_tutor,T01,9889,2026-05-24T21:28:11.089665+00:00,1779658091.0876653,dcs_bios_raw,RWR_LT_BRIGHT,52706,53678,972,,,,,,,,,,no,no,unmapped_raw_key
P02,without_tutor,T01,9893,2026-05-24T21:28:11.228894+00:00,1779658091.2268946,dcs_bios_raw,RWR_LT_BRIGHT,53678,52706,-972,,,,,,,,,,no,no,unmapped_raw_key
P02,without_tutor,T01,9896,2026-05-24T21:28:11.340065+00:00,1779658091.3370628,dcs_bios_raw,RWR_LT_BRIGHT,52706,53678,972,,,,,,,,,,no,no,unmapped_raw_key
P02,without_tutor,T01,9898,2026-05-24T21:28:11.445200+00:00,1779658091.442696,dcs_bios_raw,RWR_LT_BRIGHT,53678,52706,-972,,,,,,,,,,no,no,unmapped_raw_key
P02,without_tutor,T01,9900,2026-05-24T21:28:11.589852+00:00,1779658091.5878527,dcs_bios_raw,RWR_LT_BRIGHT,52706,53678,972,,,,,,,,,,no,no,unmapped_raw_key
P02,without_tutor,T01,9901,2026-05-24T21:28:11.696038+00:00,1779658091.6925144,dcs_bios_raw,RWR_LT_BRIGHT,53678,52706,-972,,,,,,,,,,no,no,unmapped_raw_key
P02,without_tutor,T01,9902,2026-05-24T21:28:11.795720+00:00,1779658091.7932165,dcs_bios_raw,RWR_LT_BRIGHT,52706,53678,972,,,,,,,,,,no,no,unmapped_raw_key
P02,without_tutor,T01,9903,2026-05-24T21:28:11.939925+00:00,1779658091.9379253,dcs_bios_raw,RWR_LT_BRIGHT,53678,52706,-972,,,,,,,,,,no,no,unmapped_raw_key
P02,without_tutor,T01,9905,2026-05-24T21:28:12.051089+00:00,1779658092.0480893,dcs_bios_raw,RWR_LT_BRIGHT,52706,53678,972,,,,,,,,,,no,no,unmapped_raw_key
P02,without_tutor,T01,9906,2026-05-24T21:28:12.164768+00:00,1779658092.1602652,dcs_bios_raw,RWR_LT_BRIGHT,53678,52706,-972,,,,,,,,,,no,no,unmapped_raw_key
P02,without_tutor,T01,9907,2026-05-24T21:28:12.301971+00:00,1779658092.2989712,dcs_bios_raw,RWR_LT_BRIGHT,52706,53678,972,,,,,,,,,,no,no,unmapped_raw_key
P02,without_tutor,T01,9908,2026-05-24T21:28:12.412143+00:00,1779658092.4091508,dcs_bios_raw,RWR_LT_BRIGHT,53678,52706,-972,,,,,,,,,,no,no,unmapped_raw_key
P02,without_tutor,T01,9909,2026-05-24T21:28:12.551352+00:00,1779658092.5483594,dcs_bios_raw,RWR_LT_BRIGHT,52706,53678,972,,,,,,,,,,no,no,unmapped_raw_key
P02,without_tutor,T01,9910,2026-05-24T21:28:12.662016+00:00,1779658092.660016,dcs_bios_raw,RWR_LT_BRIGHT,53678,52706,-972,,,,,,,,,,no,no,unmapped_raw_key
P02,without_tutor,T01,9911,2026-05-24T21:28:12.778728+00:00,1779658092.7757258,dcs_bios_raw,RWR_LT_BRIGHT,52706,53678,972,,,,,,,,,,no,no,unmapped_raw_key
P02,without_tutor,T01,9912,2026-05-24T21:28:12.883396+00:00,1779658092.8803968,dcs_bios_raw,RWR_LT_BRIGHT,53678,52706,-972,,,,,,,,,,no,no,unmapped_raw_key
P02,without_tutor,T01,9914,2026-05-24T21:28:13.022088+00:00,1779658093.0200884,dcs_bios_raw,RWR_LT_BRIGHT,52706,53678,972,,,,,,,,,,no,no,unmapped_raw_key
P02,without_tutor,T01,9915,2026-05-24T21:28:13.133266+00:00,1779658093.13126,dcs_bios_raw,RWR_LT_BRIGHT,53678,52706,-972,,,,,,,,,,no,no,unmapped_raw_key
P02,without_tutor,T01,9916,2026-05-24T21:28:13.238887+00:00,1779658093.2368946,dcs_bios_raw,RWR_LT_BRIGHT,52706,53678,972,,,,,,,,,,no,no,unmapped_raw_key
P02,without_tutor,T01,9917,2026-05-24T21:28:13.384137+00:00,1779658093.381138,dcs_bios_raw,RWR_LT_BRIGHT,53678,52706,-972,,,,,,,,,,no,no,unmapped_raw_key
P02,without_tutor,T01,9918,2026-05-24T21:28:13.490813+00:00,1779658093.4878132,dcs_bios_raw,RWR_LT_BRIGHT,52706,53678,972,,,,,,,,,,no,no,unmapped_raw_key
P02,without_tutor,T01,9919,2026-05-24T21:28:13.594486+00:00,1779658093.5919836,dcs_bios_raw,RWR_LT_BRIGHT,53678,52706,-972,,,,,,,,,,no,no,unmapped_raw_key
P02,without_tutor,T01,9920,2026-05-24T21:28:13.740235+00:00,1779658093.7362342,dcs_bios_raw,RWR_LT_BRIGHT,52706,53678,972,,,,,,,,,,no,no,unmapped_raw_key
P02,without_tutor,T01,9921,2026-05-24T21:28:13.846371+00:00,1779658093.8418639,dcs_bios_raw,RWR_LT_BRIGHT,53678,52706,-972,,,,,,,,,,no,no,unmapped_raw_key
P02,without_tutor,T01,9922,2026-05-24T21:28:13.991028+00:00,1779658093.9860194,dcs_bios_raw,RWR_LT_BRIGHT,52706,53678,972,,,,,,,,,,no,no,unmapped_raw_key
P02,without_tutor,T01,9923,2026-05-24T21:28:14.095179+00:00,1779658094.0926752,dcs_bios_raw,RWR_LT_BRIGHT,53678,52706,-972,,,,,,,,,,no,no,unmapped_raw_key
P02,without_tutor,T01,9924,2026-05-24T21:28:14.199794+00:00,1779658094.1977937,dcs_bios_raw,RWR_LT_BRIGHT,52706,53678,972,,,,,,,,,,no,no,unmapped_raw_key
P02,without_tutor,T01,9925,2026-05-24T21:28:14.345483+00:00,1779658094.3419785,dcs_bios_raw,RWR_LT_BRIGHT,53678,52706,-972,,,,,,,,,,no,no,unmapped_raw_key
P02,without_tutor,T01,9926,2026-05-24T21:28:14.449624+00:00,1779658094.4476175,dcs_bios_raw,RWR_LT_BRIGHT,52706,53678,972,,,,,,,,,,no,no,unmapped_raw_key
P02,without_tutor,T01,9927,2026-05-24T21:28:14.561279+00:00,1779658094.5592802,dcs_bios_raw,RWR_LT_BRIGHT,53678,52706,-972,,,,,,,,,,no,no,unmapped_raw_key
P02,without_tutor,T01,9928,2026-05-24T21:28:14.700481+00:00,1779658094.6984885,dcs_bios_raw,RWR_LT_BRIGHT,52706,53678,972,,,,,,,,,,no,no,unmapped_raw_key
P02,without_tutor,T01,9929,2026-05-24T21:28:14.810626+00:00,1779658094.8086197,dcs_bios_raw,RWR_LT_BRIGHT,53678,52706,-972,,,,,,,,,,no,no,unmapped_raw_key
P02,without_tutor,T01,9930,2026-05-24T21:28:14.916745+00:00,1779658094.9147408,dcs_bios_raw,RWR_LT_BRIGHT,52706,53678,972,,,,,,,,,,no,no,unmapped_raw_key
P02,without_tutor,T01,9932,2026-05-24T21:28:15.055919+00:00,1779658095.0524154,dcs_bios_raw,RWR_LT_BRIGHT,53678,52706,-972,,,,,,,,,,no,no,unmapped_raw_key
P02,without_tutor,T01,9933,2026-05-24T21:28:15.167090+00:00,1779658095.1640847,dcs_bios_raw,RWR_LT_BRIGHT,52706,53678,972,,,,,,,,,,no,no,unmapped_raw_key
P02,without_tutor,T01,9934,2026-05-24T21:28:15.305829+00:00,1779658095.303331,dcs_bios_raw,RWR_LT_BRIGHT,53678,52706,-972,,,,,,,,,,no,no,unmapped_raw_key
P02,without_tutor,T01,9935,2026-05-24T21:28:15.411429+00:00,1779658095.4084363,dcs_bios_raw,RWR_LT_BRIGHT,52706,53678,972,,,,,,,,,,no,no,unmapped_raw_key
P02,without_tutor,T01,9936,2026-05-24T21:28:15.517631+00:00,1779658095.5146194,dcs_bios_raw,RWR_LT_BRIGHT,53678,52706,-972,,,,,,,,,,no,no,unmapped_raw_key
P02,without_tutor,T01,9937,2026-05-24T21:28:15.660835+00:00,1779658095.6588352,dcs_bios_raw,RWR_LT_BRIGHT,52706,53678,972,,,,,,,,,,no,no,unmapped_raw_key
P02,without_tutor,T01,9938,2026-05-24T21:28:15.771982+00:00,1779658095.7699904,dcs_bios_raw,RWR_LT_BRIGHT,53678,52706,-972,,,,,,,,,,no,no,unmapped_raw_key
P02,without_tutor,T01,9939,2026-05-24T21:28:15.878138+00:00,1779658095.875137,dcs_bios_raw,RWR_LT_BRIGHT,52706,53678,972,,,,,,,,,,no,no,unmapped_raw_key
P02,without_tutor,T01,9942,2026-05-24T21:28:16.021868+00:00,1779658096.0198689,dcs_bios_raw,RWR_LT_BRIGHT,53678,52706,-972,,,,,,,,,,no,no,unmapped_raw_key
P02,without_tutor,T01,9943,2026-05-24T21:28:16.094492+00:00,1779658096.09199,dcs_bios_raw,DEFOG_HANDLE,,32911,32911,,,,,,,,,,no,no,unmapped_raw_key
P02,without_tutor,T01,9944,2026-05-24T21:28:16.134030+00:00,1779658096.130528,dcs_bios_raw,RWR_LT_BRIGHT,52706,53678,972,,,,,,,,,,no,no,unmapped_raw_key
P02,without_tutor,T01,9944,2026-05-24T21:28:16.134030+00:00,1779658096.130528,dcs_bios_raw,DEFOG_HANDLE,32911,33210,299,,,,,,,,,,no,no,unmapped_raw_key
P02,without_tutor,T01,9945,2026-05-24T21:28:16.167591+00:00,1779658096.1645677,dcs_bios_raw,DEFOG_HANDLE,33210,33570,360,,,,,,,,,,no,no,unmapped_raw_key
P02,without_tutor,T01,9946,2026-05-24T21:28:16.201145+00:00,1779658096.1981523,dcs_bios_raw,DEFOG_HANDLE,33570,33980,410,,,,,,,,,,no,no,unmapped_raw_key
P02,without_tutor,T01,9947,2026-05-24T21:28:16.239683+00:00,1779658096.2366836,dcs_bios_raw,DEFOG_HANDLE,33980,34325,345,,,,,,,,,,no,no,unmapped_raw_key
P02,without_tutor,T01,9948,2026-05-24T21:28:16.272225+00:00,1779658096.2702255,dcs_bios_raw,RWR_LT_BRIGHT,53678,52706,-972,,,,,,,,,,no,no,unmapped_raw_key
P02,without_tutor,T01,9948,2026-05-24T21:28:16.272225+00:00,1779658096.2702255,dcs_bios_raw,DEFOG_HANDLE,34325,34605,280,,,,,,,,,,no,no,unmapped_raw_key
P02,without_tutor,T01,9949,2026-05-24T21:28:16.311267+00:00,1779658096.3082678,dcs_bios_raw,DEFOG_HANDLE,34605,34632,27,,,,,,,,,,no,no,unmapped_raw_key
P02,without_tutor,T01,9950,2026-05-24T21:28:16.383330+00:00,1779658096.3813307,dcs_bios_raw,RWR_LT_BRIGHT,52706,53678,972,,,,,,,,,,no,no,unmapped_raw_key
P02,without_tutor,T01,9951,2026-05-24T21:28:16.418363+00:00,1779658096.4153607,dcs_bios_raw,DEFOG_HANDLE,34632,36907,2275,,,,,,,,,,no,no,unmapped_raw_key
P02,without_tutor,T01,9952,2026-05-24T21:28:16.450388+00:00,1779658096.4473882,dcs_bios_raw,DEFOG_HANDLE,36907,39683,2776,,,,,,,,,,no,no,unmapped_raw_key
P02,without_tutor,T01,9953,2026-05-24T21:28:16.491416+00:00,1779658096.4864163,dcs_bios_raw,RWR_LT_BRIGHT,53678,52706,-972,,,,,,,,,,no,no,unmapped_raw_key
P02,without_tutor,T01,9953,2026-05-24T21:28:16.491416+00:00,1779658096.4864163,dcs_bios_raw,DEFOG_HANDLE,39683,40457,774,,,,,,,,,,no,no,unmapped_raw_key
P02,without_tutor,T01,9954,2026-05-24T21:28:16.522959+00:00,1779658096.5199673,dcs_bios_raw,DEFOG_HANDLE,40457,40551,94,,,,,,,,,,no,no,unmapped_raw_key
P02,without_tutor,T01,9955,2026-05-24T21:28:16.561511+00:00,1779658096.5585113,dcs_bios_raw,DEFOG_HANDLE,40551,40877,326,,,,,,,,,,no,no,unmapped_raw_key
P02,without_tutor,T01,9956,2026-05-24T21:28:16.595560+00:00,1779658096.5920496,dcs_bios_raw,RWR_LT_BRIGHT,52706,53678,972,,,,,,,,,,no,no,unmapped_raw_key
P02,without_tutor,T01,9956,2026-05-24T21:28:16.595560+00:00,1779658096.5920496,dcs_bios_raw,DEFOG_HANDLE,40877,41832,955,,,,,,,,,,no,no,unmapped_raw_key
P02,without_tutor,T01,9957,2026-05-24T21:28:16.630598+00:00,1779658096.6270912,dcs_bios_raw,DEFOG_HANDLE,41832,42295,463,,,,,,,,,,no,no,unmapped_raw_key
P02,without_tutor,T01,9958,2026-05-24T21:28:16.665678+00:00,1779658096.6611657,dcs_bios_raw,DEFOG_HANDLE,42295,42712,417,,,,,,,,,,no,no,unmapped_raw_key
P02,without_tutor,T01,9959,2026-05-24T21:28:16.704221+00:00,1779658096.6992211,dcs_bios_raw,DEFOG_HANDLE,42712,43349,637,,,,,,,,,,no,no,unmapped_raw_key
P02,without_tutor,T01,9960,2026-05-24T21:28:16.734771+00:00,1779658096.7322567,dcs_bios_raw,RWR_LT_BRIGHT,53678,52706,-972,,,,,,,,,,no,no,unmapped_raw_key
P02,without_tutor,T01,9960,2026-05-24T21:28:16.734771+00:00,1779658096.7322567,dcs_bios_raw,DEFOG_HANDLE,43349,43940,591,,,,,,,,,,no,no,unmapped_raw_key
P02,without_tutor,T01,9961,2026-05-24T21:28:16.769327+00:00,1779658096.7663336,dcs_bios_raw,DEFOG_HANDLE,43940,44577,637,,,,,,,,,,no,no,unmapped_raw_key
P02,without_tutor,T01,9962,2026-05-24T21:28:16.802862+00:00,1779658096.7998545,dcs_bios_raw,DEFOG_HANDLE,44577,45169,592,,,,,,,,,,no,no,unmapped_raw_key
P02,without_tutor,T01,9963,2026-05-24T21:28:16.837429+00:00,1779658096.8329086,dcs_bios_raw,RWR_LT_BRIGHT,52706,53678,972,,,,,,,,,,no,no,unmapped_raw_key
P02,without_tutor,T01,9963,2026-05-24T21:28:16.837429+00:00,1779658096.8329086,dcs_bios_raw,DEFOG_HANDLE,45169,45119,-50,,,,,,,,,,no,no,unmapped_raw_key
P02,without_tutor,T01,9964,2026-05-24T21:28:16.987601+00:00,1779658096.984597,dcs_bios_raw,RWR_LT_BRIGHT,53678,52706,-972,,,,,,,,,,no,no,unmapped_raw_key
P02,without_tutor,T01,9965,2026-05-24T21:28:17.092199+00:00,1779658097.090199,dcs_bios_raw,RWR_LT_BRIGHT,52706,53678,972,,,,,,,,,,no,no,unmapped_raw_key
P02,without_tutor,T01,9968,2026-05-24T21:28:17.226841+00:00,1779658097.223333,dcs_bios_raw,RWR_LT_BRIGHT,53678,52706,-972,,,,,,,,,,no,no,unmapped_raw_key
P02,without_tutor,T01,9969,2026-05-24T21:28:17.325425+00:00,1779658097.3229208,dcs_bios_raw,RWR_LT_BRIGHT,52706,53678,972,,,,,,,,,,no,no,unmapped_raw_key
P02,without_tutor,T01,9970,2026-05-24T21:28:17.464648+00:00,1779658097.4621463,dcs_bios_raw,RWR_LT_BRIGHT,53678,52706,-972,,,,,,,,,,no,no,unmapped_raw_key
P02,without_tutor,T01,9971,2026-05-24T21:28:17.571273+00:00,1779658097.567271,dcs_bios_raw,RWR_LT_BRIGHT,52706,53678,972,,,,,,,,,,no,no,unmapped_raw_key
P02,without_tutor,T01,9972,2026-05-24T21:28:17.681389+00:00,1779658097.678398,dcs_bios_raw,RWR_LT_BRIGHT,53678,52706,-972,,,,,,,,,,no,no,unmapped_raw_key
P02,without_tutor,T01,9973,2026-05-24T21:28:17.822020+00:00,1779658097.8180215,dcs_bios_raw,RWR_LT_BRIGHT,52706,53678,972,,,,,,,,,,no,no,unmapped_raw_key
P02,without_tutor,T01,9974,2026-05-24T21:28:17.930723+00:00,1779658097.9282215,dcs_bios_raw,RWR_LT_BRIGHT,53678,52706,-972,,,,,,,,,,no,no,unmapped_raw_key
P02,without_tutor,T01,9976,2026-05-24T21:28:18.036845+00:00,1779658098.0348403,dcs_bios_raw,RWR_LT_BRIGHT,52706,53678,972,,,,,,,,,,no,no,unmapped_raw_key
P02,without_tutor,T01,9977,2026-05-24T21:28:18.181473+00:00,1779658098.1784732,dcs_bios_raw,RWR_LT_BRIGHT,53678,52706,-972,,,,,,,,,,no,no,unmapped_raw_key
P02,without_tutor,T01,9978,2026-05-24T21:28:18.286653+00:00,1779658098.2846386,dcs_bios_raw,RWR_LT_BRIGHT,52706,53678,972,,,,,,,,,,no,no,unmapped_raw_key
P02,without_tutor,T01,9979,2026-05-24T21:28:18.426316+00:00,1779658098.422802,dcs_bios_raw,RWR_LT_BRIGHT,53678,52706,-972,,,,,,,,,,no,no,unmapped_raw_key
P02,without_tutor,T01,9980,2026-05-24T21:28:18.536978+00:00,1779658098.5349731,dcs_bios_raw,RWR_LT_BRIGHT,52706,53678,972,,,,,,,,,,no,no,unmapped_raw_key
P02,without_tutor,T01,9981,2026-05-24T21:28:18.604070+00:00,1779658098.6010714,dcs_bios_raw,DEFOG_HANDLE,45119,45256,137,,,,,,,,,,no,no,unmapped_raw_key
P02,without_tutor,T01,9982,2026-05-24T21:28:18.642640+00:00,1779658098.6396406,dcs_bios_raw,RWR_LT_BRIGHT,53678,52706,-972,,,,,,,,,,no,no,unmapped_raw_key
P02,without_tutor,T01,9982,2026-05-24T21:28:18.642640+00:00,1779658098.6396406,dcs_bios_raw,DEFOG_HANDLE,45256,45938,682,,,,,,,,,,no,no,unmapped_raw_key
P02,without_tutor,T01,9983,2026-05-24T21:28:18.714743+00:00,1779658098.7122407,dcs_bios_raw,DEFOG_HANDLE,45938,45984,46,,,,,,,,,,no,no,unmapped_raw_key
P02,without_tutor,T01,9984,2026-05-24T21:28:18.754292+00:00,1779658098.7517908,dcs_bios_raw,DEFOG_HANDLE,45984,46621,637,,,,,,,,,,no,no,unmapped_raw_key
P02,without_tutor,T01,9985,2026-05-24T21:28:18.788847+00:00,1779658098.7848246,dcs_bios_raw,RWR_LT_BRIGHT,52706,53678,972,,,,,,,,,,no,no,unmapped_raw_key
P02,without_tutor,T01,9985,2026-05-24T21:28:18.788847+00:00,1779658098.7848246,dcs_bios_raw,DEFOG_HANDLE,46621,48031,1410,,,,,,,,,,no,no,unmapped_raw_key
P02,without_tutor,T01,9986,2026-05-24T21:28:18.820389+00:00,1779658098.8173897,dcs_bios_raw,DEFOG_HANDLE,48031,50215,2184,,,,,,,,,,no,no,unmapped_raw_key
P02,without_tutor,T01,9987,2026-05-24T21:28:18.859921+00:00,1779658098.8569214,dcs_bios_raw,DEFOG_HANDLE,50215,52126,1911,,,,,,,,,,no,no,unmapped_raw_key
P02,without_tutor,T01,9988,2026-05-24T21:28:18.893458+00:00,1779658098.8894584,dcs_bios_raw,RWR_LT_BRIGHT,53678,52706,-972,,,,,,,,,,no,no,unmapped_raw_key
P02,without_tutor,T01,9988,2026-05-24T21:28:18.893458+00:00,1779658098.8894584,dcs_bios_raw,DEFOG_HANDLE,52126,53855,1729,,,,,,,,,,no,no,unmapped_raw_key
P02,without_tutor,T01,9989,2026-05-24T21:28:18.932027+00:00,1779658098.929533,dcs_bios_raw,DEFOG_HANDLE,53855,54947,1092,,,,,,,,,,no,no,unmapped_raw_key
P02,without_tutor,T01,9990,2026-05-24T21:28:18.966067+00:00,1779658098.96156,dcs_bios_raw,DEFOG_HANDLE,54947,56221,1274,,,,,,,,,,no,no,unmapped_raw_key
P02,without_tutor,T01,9991,2026-05-24T21:28:18.997607+00:00,1779658098.9955988,dcs_bios_raw,RWR_LT_BRIGHT,52706,53678,972,,,,,,,,,,no,no,unmapped_raw_key
P02,without_tutor,T01,9991,2026-05-24T21:28:18.997607+00:00,1779658098.9955988,dcs_bios_raw,DEFOG_HANDLE,56221,57404,1183,,,,,,,,,,no,no,unmapped_raw_key
P02,without_tutor,T01,9992,2026-05-24T21:28:19.037189+00:00,1779658099.0341668,dcs_bios_raw,DEFOG_HANDLE,57404,58997,1593,,,,,,,,,,no,no,unmapped_raw_key
P02,without_tutor,T01,9993,2026-05-24T21:28:19.069728+00:00,1779658099.0677283,dcs_bios_raw,DEFOG_HANDLE,58997,60953,1956,,,,,,,,,,no,no,unmapped_raw_key
P02,without_tutor,T01,9994,2026-05-24T21:28:19.110792+00:00,1779658099.106785,dcs_bios_raw,DEFOG_HANDLE,60953,62500,1547,,,,,,,,,,no,no,unmapped_raw_key
P02,without_tutor,T01,9995,2026-05-24T21:28:19.142818+00:00,1779658099.139825,dcs_bios_raw,RWR_LT_BRIGHT,53678,52706,-972,,,,,,,,,,no,no,unmapped_raw_key
P02,without_tutor,T01,9995,2026-05-24T21:28:19.142818+00:00,1779658099.139825,dcs_bios_raw,DEFOG_HANDLE,62500,64002,1502,,,,,,,,,,no,no,unmapped_raw_key
P02,without_tutor,T01,9996,2026-05-24T21:28:19.182856+00:00,1779658099.178856,dcs_bios_raw,DEFOG_HANDLE,64002,64730,728,,,,,,,,,,no,no,unmapped_raw_key
P02,without_tutor,T01,9997,2026-05-24T21:28:19.214899+00:00,1779658099.2123983,dcs_bios_raw,DEFOG_HANDLE,64730,65535,805,,,,,,,,,,no,no,unmapped_raw_key
P02,without_tutor,T01,9998,2026-05-24T21:28:19.247933+00:00,1779658099.2449276,dcs_bios_raw,RWR_LT_BRIGHT,52706,53678,972,,,,,,,,,,no,no,unmapped_raw_key
P02,without_tutor,T01,9999,2026-05-24T21:28:19.387618+00:00,1779658099.3845985,dcs_bios_raw,RWR_LT_BRIGHT,53678,52706,-972,,,,,,,,,,no,no,unmapped_raw_key
P02,without_tutor,T01,10000,2026-05-24T21:28:19.492304+00:00,1779658099.4903047,dcs_bios_raw,RWR_LT_BRIGHT,52706,53678,972,,,,,,,,,,no,no,unmapped_raw_key
P02,without_tutor,T01,10001,2026-05-24T21:28:19.626003+00:00,1779658099.6224992,dcs_bios_raw,RWR_LT_BRIGHT,53678,52706,-972,,,,,,,,,,no,no,unmapped_raw_key
P02,without_tutor,T01,10002,2026-05-24T21:28:19.725635+00:00,1779658099.7231307,dcs_bios_raw,RWR_LT_BRIGHT,52706,53678,972,,,,,,,,,,no,no,unmapped_raw_key
P02,without_tutor,T01,10003,2026-05-24T21:28:19.859377+00:00,1779658099.8563838,dcs_bios_raw,RWR_LT_BRIGHT,53678,52706,-972,,,,,,,,,,no,no,unmapped_raw_key
P02,without_tutor,T01,10006,2026-05-24T21:28:19.964560+00:00,1779658099.9620492,dcs_bios_raw,RWR_LT_BRIGHT,52706,53678,972,,,,,,,,,,no,no,unmapped_raw_key
P02,without_tutor,T01,10009,2026-05-24T21:28:20.104270+00:00,1779658100.1017666,dcs_bios_raw,RWR_LT_BRIGHT,53678,52706,-972,,,,,,,,,,no,no,unmapped_raw_key
P02,without_tutor,T01,10010,2026-05-24T21:28:20.214403+00:00,1779658100.2119026,dcs_bios_raw,RWR_LT_BRIGHT,52706,53678,972,,,,,,,,,,no,no,unmapped_raw_key
P02,without_tutor,T01,10011,2026-05-24T21:28:20.320049+00:00,1779658100.3180494,dcs_bios_raw,RWR_LT_BRIGHT,53678,52706,-972,,,,,,,,,,no,no,unmapped_raw_key
P02,without_tutor,T01,10012,2026-05-24T21:28:20.464741+00:00,1779658100.4622495,dcs_bios_raw,RWR_LT_BRIGHT,52706,53678,972,,,,,,,,,,no,no,unmapped_raw_key
P02,without_tutor,T01,10013,2026-05-24T21:28:20.570839+00:00,1779658100.5678318,dcs_bios_raw,RWR_LT_BRIGHT,53678,52706,-972,,,,,,,,,,no,no,unmapped_raw_key
P02,without_tutor,T01,10014,2026-05-24T21:28:20.681439+00:00,1779658100.6784391,dcs_bios_raw,RWR_LT_BRIGHT,52706,53678,972,,,,,,,,,,no,no,unmapped_raw_key
P02,without_tutor,T01,10015,2026-05-24T21:28:20.820660+00:00,1779658100.8176599,dcs_bios_raw,RWR_LT_BRIGHT,53678,52706,-972,,,,,,,,,,no,no,unmapped_raw_key
P02,without_tutor,T01,10017,2026-05-24T21:28:20.938838+00:00,1779658100.9368382,dcs_bios_raw,RWR_LT_BRIGHT,52706,53678,972,,,,,,,,,,no,no,unmapped_raw_key
P02,without_tutor,T01,10019,2026-05-24T21:28:21.049038+00:00,1779658101.0460343,dcs_bios_raw,RWR_LT_BRIGHT,53678,52706,-972,,,,,,,,,,no,no,unmapped_raw_key
P02,without_tutor,T01,10021,2026-05-24T21:28:21.185229+00:00,1779658101.182724,dcs_bios_raw,RWR_LT_BRIGHT,52706,53678,972,,,,,,,,,,no,no,unmapped_raw_key
P02,without_tutor,T01,10023,2026-05-24T21:28:21.290412+00:00,1779658101.2874053,dcs_bios_raw,RWR_LT_BRIGHT,53678,52706,-972,,,,,,,,,,no,no,unmapped_raw_key
P02,without_tutor,T01,10025,2026-05-24T21:28:21.396575+00:00,1779658101.3930578,dcs_bios_raw,RWR_LT_BRIGHT,52706,53678,972,,,,,,,,,,no,no,unmapped_raw_key
P02,without_tutor,T01,10027,2026-05-24T21:28:21.528719+00:00,1779658101.5257163,dcs_bios_raw,RWR_LT_BRIGHT,53678,52706,-972,,,,,,,,,,no,no,unmapped_raw_key
P02,without_tutor,T01,10028,2026-05-24T21:28:21.662361+00:00,1779658101.6593688,dcs_bios_raw,RWR_LT_BRIGHT,52706,53678,972,,,,,,,,,,no,no,unmapped_raw_key
P02,without_tutor,T01,10029,2026-05-24T21:28:21.734422+00:00,1779658101.7319279,dcs_bios_raw,DEFOG_HANDLE,65535,65262,-273,,,,,,,,,,no,no,unmapped_raw_key
P02,without_tutor,T01,10030,2026-05-24T21:28:21.769461+00:00,1779658101.765451,dcs_bios_raw,RWR_LT_BRIGHT,53678,52706,-972,,,,,,,,,,no,no,unmapped_raw_key
P02,without_tutor,T01,10030,2026-05-24T21:28:21.769461+00:00,1779658101.765451,dcs_bios_raw,DEFOG_HANDLE,65262,64306,-956,,,,,,,,,,no,no,unmapped_raw_key
P02,without_tutor,T01,10031,2026-05-24T21:28:21.801985+00:00,1779658101.7989836,dcs_bios_raw,DEFOG_HANDLE,64306,62896,-1410,,,,,,,,,,no,no,unmapped_raw_key
P02,without_tutor,T01,10032,2026-05-24T21:28:21.839532+00:00,1779658101.8375318,dcs_bios_raw,DEFOG_HANDLE,62896,61258,-1638,,,,,,,,,,no,no,unmapped_raw_key
P02,without_tutor,T01,10033,2026-05-24T21:28:21.873073+00:00,1779658101.871073,dcs_bios_raw,DEFOG_HANDLE,61258,60348,-910,,,,,,,,,,no,no,unmapped_raw_key
P02,without_tutor,T01,10034,2026-05-24T21:28:21.912101+00:00,1779658101.9091015,dcs_bios_raw,RWR_LT_BRIGHT,52706,53678,972,,,,,,,,,,no,no,unmapped_raw_key
P02,without_tutor,T01,10034,2026-05-24T21:28:21.912101+00:00,1779658101.9091015,dcs_bios_raw,DEFOG_HANDLE,60348,58619,-1729,,,,,,,,,,no,no,unmapped_raw_key
P02,without_tutor,T01,10035,2026-05-24T21:28:21.945132+00:00,1779658101.9426281,dcs_bios_raw,DEFOG_HANDLE,58619,56344,-2275,,,,,,,,,,no,no,unmapped_raw_key
P02,without_tutor,T01,10036,2026-05-24T21:28:21.984170+00:00,1779658101.9816794,dcs_bios_raw,DEFOG_HANDLE,56344,54888,-1456,,,,,,,,,,no,no,unmapped_raw_key
P02,without_tutor,T01,10037,2026-05-24T21:28:22.017706+00:00,1779658102.0147018,dcs_bios_raw,RWR_LT_BRIGHT,53678,52706,-972,,,,,,,,,,no,no,unmapped_raw_key
P02,without_tutor,T01,10037,2026-05-24T21:28:22.017706+00:00,1779658102.0147018,dcs_bios_raw,DEFOG_HANDLE,54888,52431,-2457,,,,,,,,,,no,no,unmapped_raw_key
P02,without_tutor,T01,10038,2026-05-24T21:28:22.051295+00:00,1779658102.0483031,dcs_bios_raw,DEFOG_HANDLE,52431,50793,-1638,,,,,,,,,,no,no,unmapped_raw_key
P02,without_tutor,T01,10039,2026-05-24T21:28:22.091327+00:00,1779658102.0873263,dcs_bios_raw,DEFOG_HANDLE,50793,49200,-1593,,,,,,,,,,no,no,unmapped_raw_key
P02,without_tutor,T01,10040,2026-05-24T21:28:22.122845+00:00,1779658102.1208458,dcs_bios_raw,RWR_LT_BRIGHT,52706,53678,972,,,,,,,,,,no,no,unmapped_raw_key
P02,without_tutor,T01,10040,2026-05-24T21:28:22.122845+00:00,1779658102.1208458,dcs_bios_raw,DEFOG_HANDLE,49200,46561,-2639,,,,,,,,,,no,no,unmapped_raw_key
P02,without_tutor,T01,10041,2026-05-24T21:28:22.161886+00:00,1779658102.159887,dcs_bios_raw,DEFOG_HANDLE,46561,46789,228,,,,,,,,,,no,no,unmapped_raw_key
P02,without_tutor,T01,10042,2026-05-24T21:28:22.196928+00:00,1779658102.1924124,dcs_bios_raw,DEFOG_HANDLE,46789,46903,114,,,,,,,,,,no,no,unmapped_raw_key
P02,without_tutor,T01,10043,2026-05-24T21:28:22.236955+00:00,1779658102.2314491,dcs_bios_raw,DEFOG_HANDLE,46903,46922,19,,,,,,,,,,no,no,unmapped_raw_key
P02,without_tutor,T01,10044,2026-05-24T21:28:22.267475+00:00,1779658102.2644715,dcs_bios_raw,RWR_LT_BRIGHT,53678,52706,-972,,,,,,,,,,no,no,unmapped_raw_key
P02,without_tutor,T01,10045,2026-05-24T21:28:22.373072+00:00,1779658102.3710723,dcs_bios_raw,RWR_LT_BRIGHT,52706,53678,972,,,,,,,,,,no,no,unmapped_raw_key
P02,without_tutor,T01,10047,2026-05-24T21:28:22.484714+00:00,1779658102.4812124,dcs_bios_raw,RWR_LT_BRIGHT,53678,52706,-972,,,,,,,,,,no,no,unmapped_raw_key
P02,without_tutor,T01,10049,2026-05-24T21:28:22.622881+00:00,1779658102.6208813,dcs_bios_raw,RWR_LT_BRIGHT,52706,53678,972,,,,,,,,,,no,no,unmapped_raw_key
P02,without_tutor,T01,10050,2026-05-24T21:28:22.734476+00:00,1779658102.7319741,dcs_bios_raw,RWR_LT_BRIGHT,53678,52706,-972,,,,,,,,,,no,no,unmapped_raw_key
P02,without_tutor,T01,10051,2026-05-24T21:28:22.840617+00:00,1779658102.8376174,dcs_bios_raw,RWR_LT_BRIGHT,52706,53678,972,,,,,,,,,,no,no,unmapped_raw_key
P02,without_tutor,T01,10052,2026-05-24T21:28:22.945772+00:00,1779658102.9432585,dcs_bios_raw,DEFOG_HANDLE,46922,45784,-1138,,,,,,,,,,no,no,unmapped_raw_key
P02,without_tutor,T01,10053,2026-05-24T21:28:22.984800+00:00,1779658102.9823053,dcs_bios_raw,RWR_LT_BRIGHT,53678,52706,-972,,,,,,,,,,no,no,unmapped_raw_key
P02,without_tutor,T01,10053,2026-05-24T21:28:22.984800+00:00,1779658102.9823053,dcs_bios_raw,DEFOG_HANDLE,45784,42781,-3003,,,,,,,,,,no,no,unmapped_raw_key
P02,without_tutor,T01,10054,2026-05-24T21:28:23.018341+00:00,1779658103.015332,dcs_bios_raw,DEFOG_HANDLE,42781,40824,-1957,,,,,,,,,,no,no,unmapped_raw_key
P02,without_tutor,T01,10055,2026-05-24T21:28:23.051374+00:00,1779658103.048379,dcs_bios_raw,DEFOG_HANDLE,40824,38913,-1911,,,,,,,,,,no,no,unmapped_raw_key
P02,without_tutor,T01,10056,2026-05-24T21:28:23.090405+00:00,1779658103.0874057,dcs_bios_raw,RWR_LT_BRIGHT,52706,53678,972,,,,,,,,,,no,no,unmapped_raw_key
P02,without_tutor,T01,10056,2026-05-24T21:28:23.090405+00:00,1779658103.0874057,dcs_bios_raw,DEFOG_HANDLE,38913,36319,-2594,,,,,,,,,,no,no,unmapped_raw_key
P02,without_tutor,T01,10057,2026-05-24T21:28:23.124454+00:00,1779658103.1209528,dcs_bios_raw,DEFOG_HANDLE,36319,33816,-2503,,,,,,,,,,no,no,unmapped_raw_key
P02,without_tutor,T01,10058,2026-05-24T21:28:23.162491+00:00,1779658103.160492,dcs_bios_raw,DEFOG_HANDLE,33816,31722,-2094,,,,,,,,,,no,no,unmapped_raw_key
P02,without_tutor,T01,10059,2026-05-24T21:28:23.195541+00:00,1779658103.1930342,dcs_bios_raw,RWR_LT_BRIGHT,53678,52706,-972,,,,,,,,,,no,no,unmapped_raw_key
P02,without_tutor,T01,10059,2026-05-24T21:28:23.195541+00:00,1779658103.1930342,dcs_bios_raw,DEFOG_HANDLE,31722,29675,-2047,,,,,,,,,,no,no,unmapped_raw_key
P02,without_tutor,T01,10060,2026-05-24T21:28:23.234579+00:00,1779658103.2320771,dcs_bios_raw,DEFOG_HANDLE,29675,29447,-228,,,,,,,,,,no,no,unmapped_raw_key
P02,without_tutor,T01,10061,2026-05-24T21:28:23.267608+00:00,1779658103.2656064,dcs_bios_raw,DEFOG_HANDLE,29447,29466,19,,,,,,,,,,no,no,unmapped_raw_key
P02,without_tutor,T01,10062,2026-05-24T21:28:23.341691+00:00,1779658103.3386977,dcs_bios_raw,RWR_LT_BRIGHT,52706,53678,972,,,,,,,,,,no,no,unmapped_raw_key
P02,without_tutor,T01,10063,2026-05-24T21:28:23.446842+00:00,1779658103.4433334,dcs_bios_raw,RWR_LT_BRIGHT,53678,52706,-972,,,,,,,,,,no,no,unmapped_raw_key
P02,without_tutor,T01,10064,2026-05-24T21:28:23.591517+00:00,1779658103.5885172,dcs_bios_raw,RWR_LT_BRIGHT,52706,53678,972,,,,,,,,,,no,no,unmapped_raw_key
P02,without_tutor,T01,10065,2026-05-24T21:28:23.696620+00:00,1779658103.693112,dcs_bios_raw,RWR_LT_BRIGHT,53678,52706,-972,,,,,,,,,,no,no,unmapped_raw_key
P02,without_tutor,T01,10066,2026-05-24T21:28:23.802210+00:00,1779658103.799209,dcs_bios_raw,RWR_LT_BRIGHT,52706,53678,972,,,,,,,,,,no,no,unmapped_raw_key
P02,without_tutor,T01,10067,2026-05-24T21:28:23.913850+00:00,1779658103.9113488,dcs_bios_raw,DEFOG_HANDLE,29466,28738,-728,,,,,,,,,,no,no,unmapped_raw_key
P02,without_tutor,T01,10068,2026-05-24T21:28:23.946891+00:00,1779658103.943882,dcs_bios_raw,RWR_LT_BRIGHT,53678,52706,-972,,,,,,,,,,no,no,unmapped_raw_key
P02,without_tutor,T01,10068,2026-05-24T21:28:23.946891+00:00,1779658103.943882,dcs_bios_raw,DEFOG_HANDLE,28738,27555,-1183,,,,,,,,,,no,no,unmapped_raw_key
P02,without_tutor,T01,10069,2026-05-24T21:28:23.985936+00:00,1779658103.9824202,dcs_bios_raw,DEFOG_HANDLE,27555,26054,-1501,,,,,,,,,,no,no,unmapped_raw_key
P02,without_tutor,T01,10070,2026-05-24T21:28:24.018460+00:00,1779658104.0164602,dcs_bios_raw,DEFOG_HANDLE,26054,22640,-3414,,,,,,,,,,no,no,unmapped_raw_key
P02,without_tutor,T01,10071,2026-05-24T21:28:24.057028+00:00,1779658104.055017,dcs_bios_raw,RWR_LT_BRIGHT,52706,53678,972,,,,,,,,,,no,no,unmapped_raw_key
P02,without_tutor,T01,10071,2026-05-24T21:28:24.057028+00:00,1779658104.055017,dcs_bios_raw,DEFOG_HANDLE,22640,20320,-2320,,,,,,,,,,no,no,unmapped_raw_key
P02,without_tutor,T01,10072,2026-05-24T21:28:24.090576+00:00,1779658104.0885766,dcs_bios_raw,DEFOG_HANDLE,20320,16633,-3687,,,,,,,,,,no,no,unmapped_raw_key
P02,without_tutor,T01,10073,2026-05-24T21:28:24.124625+00:00,1779658104.1211228,dcs_bios_raw,DEFOG_HANDLE,16633,12810,-3823,,,,,,,,,,no,no,unmapped_raw_key
P02,without_tutor,T01,10074,2026-05-24T21:28:24.162682+00:00,1779658104.1606824,dcs_bios_raw,RWR_LT_BRIGHT,53678,52706,-972,,,,,,,,,,no,no,unmapped_raw_key
P02,without_tutor,T01,10074,2026-05-24T21:28:24.162682+00:00,1779658104.1606824,dcs_bios_raw,DEFOG_HANDLE,12810,11574,-1236,,,,,,,,,,no,no,unmapped_raw_key
P02,without_tutor,T01,10075,2026-05-24T21:28:24.196722+00:00,1779658104.1942127,dcs_bios_raw,DEFOG_HANDLE,11574,11783,209,,,,,,,,,,no,no,unmapped_raw_key
P02,without_tutor,T01,10076,2026-05-24T21:28:24.236780+00:00,1779658104.2322679,dcs_bios_raw,DEFOG_HANDLE,11783,11821,38,,,,,,,,,,no,no,unmapped_raw_key
P02,without_tutor,T01,10077,2026-05-24T21:28:24.301337+00:00,1779658104.2993374,dcs_bios_raw,RWR_LT_BRIGHT,52706,53678,972,,,,,,,,,,no,no,unmapped_raw_key
P02,without_tutor,T01,10078,2026-05-24T21:28:24.408506+00:00,1779658104.4055016,dcs_bios_raw,RWR_LT_BRIGHT,53678,52706,-972,,,,,,,,,,no,no,unmapped_raw_key
P02,without_tutor,T01,10079,2026-05-24T21:28:24.552747+00:00,1779658104.5497468,dcs_bios_raw,RWR_LT_BRIGHT,52706,53678,972,,,,,,,,,,no,no,unmapped_raw_key
P02,without_tutor,T01,10080,2026-05-24T21:28:24.658915+00:00,1779658104.6559036,dcs_bios_raw,RWR_LT_BRIGHT,53678,52706,-972,,,,,,,,,,no,no,unmapped_raw_key
P02,without_tutor,T01,10081,2026-05-24T21:28:24.769041+00:00,1779658104.7660382,dcs_bios_raw,RWR_LT_BRIGHT,52706,53678,972,,,,,,,,,,no,no,unmapped_raw_key
P02,without_tutor,T01,10082,2026-05-24T21:28:24.912698+00:00,1779658104.9106915,dcs_bios_raw,RWR_LT_BRIGHT,53678,52706,-972,,,,,,,,,,no,no,unmapped_raw_key
P02,without_tutor,T01,10084,2026-05-24T21:28:25.017820+00:00,1779658105.0148175,dcs_bios_raw,RWR_LT_BRIGHT,52706,53678,972,,,,,,,,,,no,no,unmapped_raw_key
P02,without_tutor,T01,10085,2026-05-24T21:28:25.129055+00:00,1779658105.1260478,dcs_bios_raw,RWR_LT_BRIGHT,53678,52706,-972,,,,,,,,,,no,no,unmapped_raw_key
P02,without_tutor,T01,10086,2026-05-24T21:28:25.267255+00:00,1779658105.2652478,dcs_bios_raw,RWR_LT_BRIGHT,52706,53678,972,,,,,,,,,,no,no,unmapped_raw_key
P02,without_tutor,T01,10087,2026-05-24T21:28:25.372842+00:00,1779658105.3708427,dcs_bios_raw,RWR_LT_BRIGHT,53678,52706,-972,,,,,,,,,,no,no,unmapped_raw_key
P02,without_tutor,T01,10088,2026-05-24T21:28:25.481023+00:00,1779658105.4770231,dcs_bios_raw,RWR_LT_BRIGHT,52706,53678,972,,,,,,,,,,no,no,unmapped_raw_key
P02,without_tutor,T01,10089,2026-05-24T21:28:25.622709+00:00,1779658105.6207147,dcs_bios_raw,RWR_LT_BRIGHT,53678,52706,-972,,,,,,,,,,no,no,unmapped_raw_key
P02,without_tutor,T01,10090,2026-05-24T21:28:25.734378+00:00,1779658105.7318761,dcs_bios_raw,RWR_LT_BRIGHT,52706,53678,972,,,,,,,,,,no,no,unmapped_raw_key
P02,without_tutor,T01,10091,2026-05-24T21:28:25.839052+00:00,1779658105.8370488,dcs_bios_raw,RWR_LT_BRIGHT,53678,52706,-972,,,,,,,,,,no,no,unmapped_raw_key
P02,without_tutor,T01,10092,2026-05-24T21:28:25.984745+00:00,1779658105.9812412,dcs_bios_raw,RWR_LT_BRIGHT,52706,53678,972,,,,,,,,,,no,no,unmapped_raw_key
P02,without_tutor,T01,10093,2026-05-24T21:28:26.090358+00:00,1779658106.087365,dcs_bios_raw,RWR_LT_BRIGHT,53678,52706,-972,,,,,,,,,,no,no,unmapped_raw_key
P02,without_tutor,T01,10094,2026-05-24T21:28:26.195455+00:00,1779658106.1929502,dcs_bios_raw,RWR_LT_BRIGHT,52706,53678,972,,,,,,,,,,no,no,unmapped_raw_key
P02,without_tutor,T01,10095,2026-05-24T21:28:26.340094+00:00,1779658106.3380945,dcs_bios_raw,RWR_LT_BRIGHT,53678,52706,-972,,,,,,,,,,no,no,unmapped_raw_key
P02,without_tutor,T01,10096,2026-05-24T21:28:26.445714+00:00,1779658106.4422107,dcs_bios_raw,RWR_LT_BRIGHT,52706,53678,972,,,,,,,,,,no,no,unmapped_raw_key
P02,without_tutor,T01,10097,2026-05-24T21:28:26.590408+00:00,1779658106.5874085,dcs_bios_raw,RWR_LT_BRIGHT,53678,52706,-972,,,,,,,,,,no,no,unmapped_raw_key
P02,without_tutor,T01,10098,2026-05-24T21:28:26.696592+00:00,1779658106.6930773,dcs_bios_raw,RWR_LT_BRIGHT,52706,53678,972,,,,,,,,,,no,no,unmapped_raw_key
P02,without_tutor,T01,10099,2026-05-24T21:28:26.801257+00:00,1779658106.798258,dcs_bios_raw,RWR_LT_BRIGHT,53678,52706,-972,,,,,,,,,,no,no,unmapped_raw_key
P02,without_tutor,T01,10100,2026-05-24T21:28:26.946984+00:00,1779658106.942449,dcs_bios_raw,RWR_LT_BRIGHT,52706,53678,972,,,,,,,,,,no,no,unmapped_raw_key
P02,without_tutor,T01,10102,2026-05-24T21:28:27.051688+00:00,1779658107.048686,dcs_bios_raw,RWR_LT_BRIGHT,53678,52706,-972,,,,,,,,,,no,no,unmapped_raw_key
P02,without_tutor,T01,10103,2026-05-24T21:28:27.162398+00:00,1779658107.1603992,dcs_bios_raw,RWR_LT_BRIGHT,52706,53678,972,,,,,,,,,,no,no,unmapped_raw_key
P02,without_tutor,T01,10104,2026-05-24T21:28:27.301591+00:00,1779658107.2985988,dcs_bios_raw,RWR_LT_BRIGHT,53678,52706,-972,,,,,,,,,,no,no,unmapped_raw_key
P02,without_tutor,T01,10105,2026-05-24T21:28:27.412189+00:00,1779658107.4101892,dcs_bios_raw,RWR_LT_BRIGHT,52706,53678,972,,,,,,,,,,no,no,unmapped_raw_key
P02,without_tutor,T01,10106,2026-05-24T21:28:27.546364+00:00,1779658107.5433457,dcs_bios_raw,RWR_LT_BRIGHT,53678,52706,-972,,,,,,,,,,no,no,unmapped_raw_key
P02,without_tutor,T01,10107,2026-05-24T21:28:27.617957+00:00,1779658107.614955,dcs_bios_raw,WSHIELD_ANTI_ICE_SW,,2,2,,,,,,,,,,no,no,unmapped_raw_key
P02,without_tutor,T01,10108,2026-05-24T21:28:27.651001+00:00,1779658107.649001,dcs_bios_raw,RWR_LT_BRIGHT,52706,53678,972,,,,,,,,,,no,no,unmapped_raw_key
P02,without_tutor,T01,10109,2026-05-24T21:28:27.786689+00:00,1779658107.7821426,dcs_bios_raw,RWR_LT_BRIGHT,53678,52706,-972,,,,,,,,,,no,no,unmapped_raw_key
P02,without_tutor,T01,10110,2026-05-24T21:28:27.884381+00:00,1779658107.8818705,dcs_bios_raw,RWR_LT_BRIGHT,52706,53678,972,,,,,,,,,,no,no,unmapped_raw_key
P02,without_tutor,T01,10112,2026-05-24T21:28:28.017547+00:00,1779658108.0155444,dcs_bios_raw,RWR_LT_BRIGHT,53678,52706,-972,,,,,,,,,,no,no,unmapped_raw_key
P02,without_tutor,T01,10113,2026-05-24T21:28:28.124179+00:00,1779658108.1206686,dcs_bios_raw,RWR_LT_BRIGHT,52706,53678,972,,,,,,,,,,no,no,unmapped_raw_key
P02,without_tutor,T01,10115,2026-05-24T21:28:28.261823+00:00,1779658108.2598228,dcs_bios_raw,RWR_LT_BRIGHT,53678,52706,-972,,,,,,,,,,no,no,unmapped_raw_key
P02,without_tutor,T01,10116,2026-05-24T21:28:28.372487+00:00,1779658108.3704724,dcs_bios_raw,RWR_LT_BRIGHT,52706,53678,972,,,,,,,,,,no,no,unmapped_raw_key
P02,without_tutor,T01,10117,2026-05-24T21:28:28.412530+00:00,1779658108.4095297,dcs_bios_raw,WSHIELD_ANTI_ICE_SW,2,1,-1,,,,,,,,,,no,no,unmapped_raw_key
P02,without_tutor,T01,10118,2026-05-24T21:28:28.481118+00:00,1779658108.4761162,dcs_bios_raw,RWR_LT_BRIGHT,53678,52706,-972,,,,,,,,,,no,no,unmapped_raw_key
P02,without_tutor,T01,10121,2026-05-24T21:28:28.622801+00:00,1779658108.6207933,dcs_bios_raw,RWR_LT_BRIGHT,52706,53678,972,,,,,,,,,,no,no,unmapped_raw_key
P02,without_tutor,T01,10122,2026-05-24T21:28:28.695916+00:00,1779658108.6924095,dcs_bios_raw,WSHIELD_ANTI_ICE_SW,1,0,-1,,,,,,,,,,no,no,unmapped_raw_key
P02,without_tutor,T01,10123,2026-05-24T21:28:28.730474+00:00,1779658108.7264822,dcs_bios_raw,RWR_LT_BRIGHT,53678,52706,-972,,,,,,,,,,no,no,unmapped_raw_key
P02,without_tutor,T01,10126,2026-05-24T21:28:28.840124+00:00,1779658108.8371243,dcs_bios_raw,RWR_LT_BRIGHT,52706,53678,972,,,,,,,,,,no,no,unmapped_raw_key
P02,without_tutor,T01,10127,2026-05-24T21:28:28.986839+00:00,1779658108.98132,dcs_bios_raw,RWR_LT_BRIGHT,53678,52706,-972,,,,,,,,,,no,no,unmapped_raw_key
P02,without_tutor,T01,10128,2026-05-24T21:28:29.089479+00:00,1779658109.0874796,dcs_bios_raw,RWR_LT_BRIGHT,52706,53678,972,,,,,,,,,,no,no,unmapped_raw_key
P02,without_tutor,T01,10129,2026-05-24T21:28:29.196643+00:00,1779658109.1931205,dcs_bios_raw,RWR_LT_BRIGHT,53678,52706,-972,,,,,,,,,,no,no,unmapped_raw_key
P02,without_tutor,T01,10131,2026-05-24T21:28:29.340344+00:00,1779658109.337344,dcs_bios_raw,RWR_LT_BRIGHT,52706,53678,972,,,,,,,,,,no,no,unmapped_raw_key
P02,without_tutor,T01,10134,2026-05-24T21:28:29.464570+00:00,1779658109.4620688,dcs_bios_raw,RWR_LT_BRIGHT,53678,52706,-972,,,,,,,,,,no,no,unmapped_raw_key
P02,without_tutor,T01,10137,2026-05-24T21:28:29.580287+00:00,1779658109.577295,dcs_bios_raw,RWR_LT_BRIGHT,52706,53678,972,,,,,,,,,,no,no,unmapped_raw_key
P02,without_tutor,T01,10139,2026-05-24T21:28:29.685932+00:00,1779658109.6834269,dcs_bios_raw,RWR_LT_BRIGHT,53678,52706,-972,,,,,,,,,,no,no,unmapped_raw_key
P02,without_tutor,T01,10143,2026-05-24T21:28:29.830664+00:00,1779658109.8276644,dcs_bios_raw,RWR_LT_BRIGHT,52706,53678,972,,,,,,,,,,no,no,unmapped_raw_key
P02,without_tutor,T01,10146,2026-05-24T21:28:29.935809+00:00,1779658109.9333115,dcs_bios_raw,RWR_LT_BRIGHT,53678,52706,-972,,,,,,,,,,no,no,unmapped_raw_key
P02,without_tutor,T01,10149,2026-05-24T21:28:30.041417+00:00,1779658110.0384169,dcs_bios_raw,RWR_LT_BRIGHT,52706,53678,972,,,,,,,,,,no,no,unmapped_raw_key
P02,without_tutor,T01,10151,2026-05-24T21:28:30.185130+00:00,1779658110.1826246,dcs_bios_raw,RWR_LT_BRIGHT,53678,52706,-972,,,,,,,,,,no,no,unmapped_raw_key
P02,without_tutor,T01,10152,2026-05-24T21:28:30.291776+00:00,1779658110.2887764,dcs_bios_raw,RWR_LT_BRIGHT,52706,53678,972,,,,,,,,,,no,no,unmapped_raw_key
P02,without_tutor,T01,10153,2026-05-24T21:28:30.396918+00:00,1779658110.3939078,dcs_bios_raw,RWR_LT_BRIGHT,53678,52706,-972,,,,,,,,,,no,no,unmapped_raw_key
P02,without_tutor,T01,10156,2026-05-24T21:28:30.541601+00:00,1779658110.5396118,dcs_bios_raw,RWR_LT_BRIGHT,52706,53678,972,,,,,,,,,,no,no,unmapped_raw_key
P02,without_tutor,T01,10157,2026-05-24T21:28:30.647231+00:00,1779658110.6447268,dcs_bios_raw,RWR_LT_BRIGHT,53678,52706,-972,,,,,,,,,,no,no,unmapped_raw_key
P02,without_tutor,T01,10161,2026-05-24T21:28:30.792953+00:00,1779658110.788953,dcs_bios_raw,RWR_LT_BRIGHT,52706,53678,972,,,,,,,,,,no,no,unmapped_raw_key
P02,without_tutor,T01,10163,2026-05-24T21:28:30.898133+00:00,1779658110.8941271,dcs_bios_raw,RWR_LT_BRIGHT,53678,52706,-972,,,,,,,,,,no,no,unmapped_raw_key
P02,without_tutor,T01,10166,2026-05-24T21:28:31.008286+00:00,1779658111.0052671,dcs_bios_raw,RWR_LT_BRIGHT,52706,53678,972,,,,,,,,,,no,no,unmapped_raw_key
P02,without_tutor,T01,10168,2026-05-24T21:28:31.146977+00:00,1779658111.1439676,dcs_bios_raw,RWR_LT_BRIGHT,53678,52706,-972,,,,,,,,,,no,no,unmapped_raw_key
P02,without_tutor,T01,10169,2026-05-24T21:28:31.257655+00:00,1779658111.2556534,dcs_bios_raw,RWR_LT_BRIGHT,52706,53678,972,,,,,,,,,,no,no,unmapped_raw_key
P02,without_tutor,T01,10172,2026-05-24T21:28:31.364834+00:00,1779658111.3613207,dcs_bios_raw,RWR_LT_BRIGHT,53678,52706,-972,,,,,,,,,,no,no,unmapped_raw_key
P02,without_tutor,T01,10175,2026-05-24T21:28:31.507489+00:00,1779658111.5054877,dcs_bios_raw,RWR_LT_BRIGHT,52706,53678,972,,,,,,,,,,no,no,unmapped_raw_key
P02,without_tutor,T01,10177,2026-05-24T21:28:31.613585+00:00,1779658111.611083,dcs_bios_raw,RWR_LT_BRIGHT,53678,52706,-972,,,,,,,,,,no,no,unmapped_raw_key
P02,without_tutor,T01,10179,2026-05-24T21:28:31.722178+00:00,1779658111.7161715,dcs_bios_raw,RWR_LT_BRIGHT,52706,53678,972,,,,,,,,,,no,no,unmapped_raw_key
P02,without_tutor,T01,10179,2026-05-24T21:28:31.722178+00:00,1779658111.7161715,dcs_bios_raw,WSHIELD_ANTI_ICE_SW,0,1,1,,,,,,,,,,no,no,unmapped_raw_key
P02,without_tutor,T01,10181,2026-05-24T21:28:31.864848+00:00,1779658111.8613408,dcs_bios_raw,RWR_LT_BRIGHT,53678,52706,-972,,,,,,,,,,no,no,unmapped_raw_key
P02,without_tutor,T01,10181,2026-05-24T21:28:31.864848+00:00,1779658111.8613408,dcs_bios_raw,WSHIELD_ANTI_ICE_SW,1,2,1,,,,,,,,,,no,no,unmapped_raw_key
P02,without_tutor,T01,10184,2026-05-24T21:28:31.968451+00:00,1779658111.9664588,dcs_bios_raw,RWR_LT_BRIGHT,52706,53678,972,,,,,,,,,,no,no,unmapped_raw_key
P02,without_tutor,T01,10186,2026-05-24T21:28:32.080599+00:00,1779658112.077599,dcs_bios_raw,RWR_LT_BRIGHT,53678,52706,-972,,,,,,,,,,no,no,unmapped_raw_key
P02,without_tutor,T01,10187,2026-05-24T21:28:32.219296+00:00,1779658112.217297,dcs_bios_raw,RWR_LT_BRIGHT,52706,53678,972,,,,,,,,,,no,no,unmapped_raw_key
P02,without_tutor,T01,10188,2026-05-24T21:28:32.330440+00:00,1779658112.3284411,dcs_bios_raw,RWR_LT_BRIGHT,53678,52706,-972,,,,,,,,,,no,no,unmapped_raw_key
P02,without_tutor,T01,10189,2026-05-24T21:28:32.451637+00:00,1779658112.4471214,dcs_bios_raw,RWR_LT_BRIGHT,52706,53678,972,,,,,,,,,,no,no,unmapped_raw_key
P02,without_tutor,T01,10190,2026-05-24T21:28:32.560834+00:00,1779658112.5578341,dcs_bios_raw,RWR_LT_BRIGHT,53678,52706,-972,,,,,,,,,,no,no,unmapped_raw_key
P02,without_tutor,T01,10191,2026-05-24T21:28:32.710046+00:00,1779658112.7080467,dcs_bios_raw,RWR_LT_BRIGHT,52706,53678,972,,,,,,,,,,no,no,unmapped_raw_key
P02,without_tutor,T01,10192,2026-05-24T21:28:32.809664+00:00,1779658112.8076642,dcs_bios_raw,RWR_LT_BRIGHT,53678,52706,-972,,,,,,,,,,no,no,unmapped_raw_key
P02,without_tutor,T01,10193,2026-05-24T21:28:32.921849+00:00,1779658112.9188492,dcs_bios_raw,RWR_LT_BRIGHT,52706,53678,972,,,,,,,,,,no,no,unmapped_raw_key
P02,without_tutor,T01,10196,2026-05-24T21:28:33.061056+00:00,1779658113.0580635,dcs_bios_raw,RWR_LT_BRIGHT,53678,52706,-972,,,,,,,,,,no,no,unmapped_raw_key
P02,without_tutor,T01,10197,2026-05-24T21:28:33.133665+00:00,1779658113.1306655,dcs_bios_raw,DEFOG_HANDLE,11821,11776,-45,,,,,,,,,,no,no,unmapped_raw_key
P02,without_tutor,T01,10198,2026-05-24T21:28:33.167231+00:00,1779658113.163722,dcs_bios_raw,RWR_LT_BRIGHT,52706,53678,972,,,,,,,,,,no,no,unmapped_raw_key
P02,without_tutor,T01,10198,2026-05-24T21:28:33.167231+00:00,1779658113.163722,dcs_bios_raw,DEFOG_HANDLE,11776,11002,-774,,,,,,,,,,no,no,unmapped_raw_key
P02,without_tutor,T01,10199,2026-05-24T21:28:33.206264+00:00,1779658113.202753,dcs_bios_raw,DEFOG_HANDLE,11002,10365,-637,,,,,,,,,,no,no,unmapped_raw_key
P02,without_tutor,T01,10200,2026-05-24T21:28:33.237801+00:00,1779658113.235794,dcs_bios_raw,DEFOG_HANDLE,10365,9228,-1137,,,,,,,,,,no,no,unmapped_raw_key
P02,without_tutor,T01,10201,2026-05-24T21:28:33.277328+00:00,1779658113.2743232,dcs_bios_raw,DEFOG_HANDLE,9228,8318,-910,,,,,,,,,,no,no,unmapped_raw_key
P02,without_tutor,T01,10202,2026-05-24T21:28:33.310852+00:00,1779658113.3078516,dcs_bios_raw,RWR_LT_BRIGHT,53678,52706,-972,,,,,,,,,,no,no,unmapped_raw_key
P02,without_tutor,T01,10202,2026-05-24T21:28:33.310852+00:00,1779658113.3078516,dcs_bios_raw,DEFOG_HANDLE,8318,6771,-1547,,,,,,,,,,no,no,unmapped_raw_key
P02,without_tutor,T01,10203,2026-05-24T21:28:33.348889+00:00,1779658113.34689,dcs_bios_raw,DEFOG_HANDLE,6771,5724,-1047,,,,,,,,,,no,no,unmapped_raw_key
P02,without_tutor,T01,10204,2026-05-24T21:28:33.389443+00:00,1779658113.386442,dcs_bios_raw,DEFOG_HANDLE,5724,3586,-2138,,,,,,,,,,no,no,unmapped_raw_key
P02,without_tutor,T01,10205,2026-05-24T21:28:33.421982+00:00,1779658113.41999,dcs_bios_raw,RWR_LT_BRIGHT,52706,53678,972,,,,,,,,,,no,no,unmapped_raw_key
P02,without_tutor,T01,10205,2026-05-24T21:28:33.421982+00:00,1779658113.41999,dcs_bios_raw,DEFOG_HANDLE,3586,263,-3323,,,,,,,,,,no,no,unmapped_raw_key
P02,without_tutor,T01,10206,2026-05-24T21:28:33.455570+00:00,1779658113.4520664,dcs_bios_raw,DEFOG_HANDLE,263,0,-263,,,,,,,,,,no,no,unmapped_raw_key
P02,without_tutor,T01,10207,2026-05-24T21:28:33.527169+00:00,1779658113.5251648,dcs_bios_raw,RWR_LT_BRIGHT,53678,52706,-972,,,,,,,,,,no,no,unmapped_raw_key
P02,without_tutor,T01,10208,2026-05-24T21:28:33.673906+00:00,1779658113.6694043,dcs_bios_raw,RWR_LT_BRIGHT,52706,53678,972,,,,,,,,,,no,no,unmapped_raw_key
P02,without_tutor,T01,10209,2026-05-24T21:28:33.777512+00:00,1779658113.7745097,dcs_bios_raw,RWR_LT_BRIGHT,53678,52706,-972,,,,,,,,,,no,no,unmapped_raw_key
P02,without_tutor,T01,10210,2026-05-24T21:28:33.888715+00:00,1779658113.8857088,dcs_bios_raw,RWR_LT_BRIGHT,52706,53678,972,,,,,,,,,,no,no,unmapped_raw_key
P02,without_tutor,T01,10211,2026-05-24T21:28:33.922265+00:00,1779658113.9192653,dcs_bios_raw,DEFOG_HANDLE,0,272,272,,,,,,,,,,no,no,unmapped_raw_key
P02,without_tutor,T01,10212,2026-05-24T21:28:33.955795+00:00,1779658113.9522908,dcs_bios_raw,DEFOG_HANDLE,272,2912,2640,,,,,,,,,,no,no,unmapped_raw_key
P02,without_tutor,T01,10213,2026-05-24T21:28:33.989335+00:00,1779658113.986328,dcs_bios_raw,DEFOG_HANDLE,2912,6280,3368,,,,,,,,,,no,no,unmapped_raw_key
P02,without_tutor,T01,10214,2026-05-24T21:28:34.024390+00:00,1779658114.0198872,dcs_bios_raw,RWR_LT_BRIGHT,53678,52706,-972,,,,,,,,,,no,no,unmapped_raw_key
P02,without_tutor,T01,10214,2026-05-24T21:28:34.024390+00:00,1779658114.0198872,dcs_bios_raw,DEFOG_HANDLE,6280,8555,2275,,,,,,,,,,no,no,unmapped_raw_key
P02,without_tutor,T01,10215,2026-05-24T21:28:34.060471+00:00,1779658114.0584717,dcs_bios_raw,DEFOG_HANDLE,8555,9874,1319,,,,,,,,,,no,no,unmapped_raw_key
P02,without_tutor,T01,10216,2026-05-24T21:28:34.099523+00:00,1779658114.096524,dcs_bios_raw,DEFOG_HANDLE,9874,13424,3550,,,,,,,,,,no,no,unmapped_raw_key
P02,without_tutor,T01,10217,2026-05-24T21:28:34.133602+00:00,1779658114.1310925,dcs_bios_raw,RWR_LT_BRIGHT,52706,53678,972,,,,,,,,,,no,no,unmapped_raw_key
P02,without_tutor,T01,10217,2026-05-24T21:28:34.133602+00:00,1779658114.1310925,dcs_bios_raw,DEFOG_HANDLE,13424,16519,3095,,,,,,,,,,no,no,unmapped_raw_key
P02,without_tutor,T01,10218,2026-05-24T21:28:34.166148+00:00,1779658114.1641436,dcs_bios_raw,DEFOG_HANDLE,16519,17520,1001,,,,,,,,,,no,no,unmapped_raw_key
P02,without_tutor,T01,10219,2026-05-24T21:28:34.205206+00:00,1779658114.2026937,dcs_bios_raw,DEFOG_HANDLE,17520,18020,500,,,,,,,,,,no,no,unmapped_raw_key
P02,without_tutor,T01,10220,2026-05-24T21:28:34.242748+00:00,1779658114.2357442,dcs_bios_raw,RWR_LT_BRIGHT,53678,52706,-972,,,,,,,,,,no,no,unmapped_raw_key
P02,without_tutor,T01,10220,2026-05-24T21:28:34.242748+00:00,1779658114.2357442,dcs_bios_raw,DEFOG_HANDLE,18020,18384,364,,,,,,,,,,no,no,unmapped_raw_key
P02,without_tutor,T01,10221,2026-05-24T21:28:34.276791+00:00,1779658114.274789,dcs_bios_raw,DEFOG_HANDLE,18384,18475,91,,,,,,,,,,no,no,unmapped_raw_key
P02,without_tutor,T01,10222,2026-05-24T21:28:34.310323+00:00,1779658114.308316,dcs_bios_raw,DEFOG_HANDLE,18475,18820,345,,,,,,,,,,no,no,unmapped_raw_key
P02,without_tutor,T01,10223,2026-05-24T21:28:34.344349+00:00,1779658114.3418481,dcs_bios_raw,DEFOG_HANDLE,18820,19503,683,,,,,,,,,,no,no,unmapped_raw_key
P02,without_tutor,T01,10224,2026-05-24T21:28:34.382922+00:00,1779658114.380923,dcs_bios_raw,RWR_LT_BRIGHT,52706,53678,972,,,,,,,,,,no,no,unmapped_raw_key
P02,without_tutor,T01,10224,2026-05-24T21:28:34.382922+00:00,1779658114.380923,dcs_bios_raw,DEFOG_HANDLE,19503,20049,546,,,,,,,,,,no,no,unmapped_raw_key
P02,without_tutor,T01,10225,2026-05-24T21:28:34.415952+00:00,1779658114.4139473,dcs_bios_raw,DEFOG_HANDLE,20049,20329,280,,,,,,,,,,no,no,unmapped_raw_key
P02,without_tutor,T01,10226,2026-05-24T21:28:34.455002+00:00,1779658114.4529865,dcs_bios_raw,DEFOG_HANDLE,20329,20492,163,,,,,,,,,,no,no,unmapped_raw_key
P02,without_tutor,T01,10227,2026-05-24T21:28:34.488548+00:00,1779658114.4855452,dcs_bios_raw,RWR_LT_BRIGHT,53678,52706,-972,,,,,,,,,,no,no,unmapped_raw_key
P02,without_tutor,T01,10227,2026-05-24T21:28:34.488548+00:00,1779658114.4855452,dcs_bios_raw,DEFOG_HANDLE,20492,20674,182,,,,,,,,,,no,no,unmapped_raw_key
P02,without_tutor,T01,10228,2026-05-24T21:28:34.522086+00:00,1779658114.5190868,dcs_bios_raw,DEFOG_HANDLE,20674,21084,410,,,,,,,,,,no,no,unmapped_raw_key
P02,without_tutor,T01,10229,2026-05-24T21:28:34.560657+00:00,1779658114.55865,dcs_bios_raw,DEFOG_HANDLE,21084,21584,500,,,,,,,,,,no,no,unmapped_raw_key
P02,without_tutor,T01,10230,2026-05-24T21:28:34.599705+00:00,1779658114.596705,dcs_bios_raw,DEFOG_HANDLE,21584,21630,46,,,,,,,,,,no,no,unmapped_raw_key
P02,without_tutor,T01,10231,2026-05-24T21:28:34.632250+00:00,1779658114.6302588,dcs_bios_raw,RWR_LT_BRIGHT,52706,53678,972,,,,,,,,,,no,no,unmapped_raw_key
P02,without_tutor,T01,10232,2026-05-24T21:28:34.666788+00:00,1779658114.6637826,dcs_bios_raw,DEFOG_HANDLE,21630,20947,-683,,,,,,,,,,no,no,unmapped_raw_key
P02,without_tutor,T01,10233,2026-05-24T21:28:34.704838+00:00,1779658114.702333,dcs_bios_raw,DEFOG_HANDLE,20947,18809,-2138,,,,,,,,,,no,no,unmapped_raw_key
P02,without_tutor,T01,10234,2026-05-24T21:28:34.738363+00:00,1779658114.7363634,dcs_bios_raw,RWR_LT_BRIGHT,53678,52706,-972,,,,,,,,,,no,no,unmapped_raw_key
P02,without_tutor,T01,10234,2026-05-24T21:28:34.738363+00:00,1779658114.7363634,dcs_bios_raw,DEFOG_HANDLE,18809,15988,-2821,,,,,,,,,,no,no,unmapped_raw_key
P02,without_tutor,T01,10235,2026-05-24T21:28:34.772404+00:00,1779658114.770404,dcs_bios_raw,DEFOG_HANDLE,15988,14532,-1456,,,,,,,,,,no,no,unmapped_raw_key
P02,without_tutor,T01,10236,2026-05-24T21:28:34.813942+00:00,1779658114.80844,dcs_bios_raw,DEFOG_HANDLE,14532,13349,-1183,,,,,,,,,,no,no,unmapped_raw_key
P02,without_tutor,T01,10237,2026-05-24T21:28:34.849477+00:00,1779658114.8464768,dcs_bios_raw,RWR_LT_BRIGHT,52706,53678,972,,,,,,,,,,no,no,unmapped_raw_key
P02,without_tutor,T01,10237,2026-05-24T21:28:34.849477+00:00,1779658114.8464768,dcs_bios_raw,DEFOG_HANDLE,13349,11984,-1365,,,,,,,,,,no,no,unmapped_raw_key
P02,without_tutor,T01,10238,2026-05-24T21:28:34.888037+00:00,1779658114.8860376,dcs_bios_raw,DEFOG_HANDLE,11984,10801,-1183,,,,,,,,,,no,no,unmapped_raw_key
P02,without_tutor,T01,10239,2026-05-24T21:28:34.924082+00:00,1779658114.9195805,dcs_bios_raw,DEFOG_HANDLE,10801,9117,-1684,,,,,,,,,,no,no,unmapped_raw_key
P02,without_tutor,T01,10240,2026-05-24T21:28:34.955661+00:00,1779658114.9531488,dcs_bios_raw,RWR_LT_BRIGHT,53678,52706,-972,,,,,,,,,,no,no,unmapped_raw_key
P02,without_tutor,T01,10240,2026-05-24T21:28:34.955661+00:00,1779658114.9531488,dcs_bios_raw,DEFOG_HANDLE,9117,8272,-845,,,,,,,,,,no,no,unmapped_raw_key
P02,without_tutor,T01,10241,2026-05-24T21:28:34.988206+00:00,1779658114.986211,dcs_bios_raw,DEFOG_HANDLE,8272,7953,-319,,,,,,,,,,no,no,unmapped_raw_key
P02,without_tutor,T01,10242,2026-05-24T21:28:35.021772+00:00,1779658115.0197725,dcs_bios_raw,DEFOG_HANDLE,7953,7699,-254,,,,,,,,,,no,no,unmapped_raw_key
P02,without_tutor,T01,10243,2026-05-24T21:28:35.060820+00:00,1779658115.05782,dcs_bios_raw,DEFOG_HANDLE,7699,7627,-72,,,,,,,,,,no,no,unmapped_raw_key
P02,without_tutor,T01,10244,2026-05-24T21:28:35.099865+00:00,1779658115.0968661,dcs_bios_raw,RWR_LT_BRIGHT,52706,53678,972,,,,,,,,,,no,no,unmapped_raw_key
P02,without_tutor,T01,10244,2026-05-24T21:28:35.099865+00:00,1779658115.0968661,dcs_bios_raw,DEFOG_HANDLE,7627,7510,-117,,,,,,,,,,no,no,unmapped_raw_key
P02,without_tutor,T01,10245,2026-05-24T21:28:35.132398+00:00,1779658115.130399,dcs_bios_raw,DEFOG_HANDLE,7510,7028,-482,,,,,,,,,,no,no,unmapped_raw_key
P02,without_tutor,T01,10246,2026-05-24T21:28:35.166438+00:00,1779658115.163922,dcs_bios_raw,DEFOG_HANDLE,7028,6346,-682,,,,,,,,,,no,no,unmapped_raw_key
P02,without_tutor,T01,10247,2026-05-24T21:28:35.206514+00:00,1779658115.203005,dcs_bios_raw,RWR_LT_BRIGHT,53678,52706,-972,,,,,,,,,,no,no,unmapped_raw_key
P02,without_tutor,T01,10247,2026-05-24T21:28:35.206514+00:00,1779658115.203005,dcs_bios_raw,DEFOG_HANDLE,6346,5709,-637,,,,,,,,,,no,no,unmapped_raw_key
P02,without_tutor,T01,10248,2026-05-24T21:28:35.238044+00:00,1779658115.2360456,dcs_bios_raw,DEFOG_HANDLE,5709,5500,-209,,,,,,,,,,no,no,unmapped_raw_key
P02,without_tutor,T01,10249,2026-05-24T21:28:35.277073+00:00,1779658115.2750714,dcs_bios_raw,DEFOG_HANDLE,5500,5519,19,,,,,,,,,,no,no,unmapped_raw_key
P02,without_tutor,T01,10250,2026-05-24T21:28:35.346684+00:00,1779658115.3421628,dcs_bios_raw,RWR_LT_BRIGHT,52706,53678,972,,,,,,,,,,no,no,unmapped_raw_key
P02,without_tutor,T01,10250,2026-05-24T21:28:35.346684+00:00,1779658115.3421628,dcs_bios_raw,DEFOG_HANDLE,5519,6111,592,,,,,,,,,,no,no,unmapped_raw_key
P02,without_tutor,T01,10251,2026-05-24T21:28:35.385741+00:00,1779658115.3802137,dcs_bios_raw,DEFOG_HANDLE,6111,7840,1729,,,,,,,,,,no,no,unmapped_raw_key
P02,without_tutor,T01,10252,2026-05-24T21:28:35.416278+00:00,1779658115.414273,dcs_bios_raw,DEFOG_HANDLE,7840,9933,2093,,,,,,,,,,no,no,unmapped_raw_key
P02,without_tutor,T01,10253,2026-05-24T21:28:35.455306+00:00,1779658115.4528012,dcs_bios_raw,RWR_LT_BRIGHT,53678,52706,-972,,,,,,,,,,no,no,unmapped_raw_key
P02,without_tutor,T01,10253,2026-05-24T21:28:35.455306+00:00,1779658115.4528012,dcs_bios_raw,DEFOG_HANDLE,9933,11480,1547,,,,,,,,,,no,no,unmapped_raw_key
P02,without_tutor,T01,10254,2026-05-24T21:28:35.488859+00:00,1779658115.485867,dcs_bios_raw,DEFOG_HANDLE,11480,12526,1046,,,,,,,,,,no,no,unmapped_raw_key
P02,without_tutor,T01,10255,2026-05-24T21:28:35.522402+00:00,1779658115.5194025,dcs_bios_raw,DEFOG_HANDLE,12526,13436,910,,,,,,,,,,no,no,unmapped_raw_key
P02,without_tutor,T01,10256,2026-05-24T21:28:35.561432+00:00,1779658115.5584326,dcs_bios_raw,RWR_LT_BRIGHT,52706,53678,972,,,,,,,,,,no,no,unmapped_raw_key
P02,without_tutor,T01,10256,2026-05-24T21:28:35.561432+00:00,1779658115.5584326,dcs_bios_raw,DEFOG_HANDLE,13436,14392,956,,,,,,,,,,no,no,unmapped_raw_key
P02,without_tutor,T01,10257,2026-05-24T21:28:35.595481+00:00,1779658115.590976,dcs_bios_raw,DEFOG_HANDLE,14392,15393,1001,,,,,,,,,,no,no,unmapped_raw_key
P02,without_tutor,T01,10258,2026-05-24T21:28:35.632039+00:00,1779658115.6300282,dcs_bios_raw,DEFOG_HANDLE,15393,15575,182,,,,,,,,,,no,no,unmapped_raw_key
P02,without_tutor,T01,10259,2026-05-24T21:28:35.705638+00:00,1779658115.7021337,dcs_bios_raw,RWR_LT_BRIGHT,53678,52706,-972,,,,,,,,,,no,no,unmapped_raw_key
P02,without_tutor,T01,10260,2026-05-24T21:28:35.777260+00:00,1779658115.7752576,dcs_bios_raw,DEFOG_HANDLE,15575,15484,-91,,,,,,,,,,no,no,unmapped_raw_key
P02,without_tutor,T01,10261,2026-05-24T21:28:35.810801+00:00,1779658115.8088007,dcs_bios_raw,RWR_LT_BRIGHT,52706,53678,972,,,,,,,,,,no,no,unmapped_raw_key
P02,without_tutor,T01,10262,2026-05-24T21:28:35.916407+00:00,1779658115.9144018,dcs_bios_raw,RWR_LT_BRIGHT,53678,52706,-972,,,,,,,,,,no,no,unmapped_raw_key
P02,without_tutor,T01,10262,2026-05-24T21:28:35.916407+00:00,1779658115.9144018,dcs_bios_raw,DEFOG_HANDLE,15484,15802,318,,,,,,,,,,no,no,unmapped_raw_key
P02,without_tutor,T01,10263,2026-05-24T21:28:35.955432+00:00,1779658115.9529285,dcs_bios_raw,DEFOG_HANDLE,15802,16439,637,,,,,,,,,,no,no,unmapped_raw_key
P02,without_tutor,T01,10264,2026-05-24T21:28:35.988968+00:00,1779658115.9859757,dcs_bios_raw,DEFOG_HANDLE,16439,17212,773,,,,,,,,,,no,no,unmapped_raw_key
P02,without_tutor,T01,10265,2026-05-24T21:28:36.022538+00:00,1779658116.0195386,dcs_bios_raw,DEFOG_HANDLE,17212,17402,190,,,,,,,,,,no,no,unmapped_raw_key
P02,without_tutor,T01,10266,2026-05-24T21:28:36.061100+00:00,1779658116.0581002,dcs_bios_raw,RWR_LT_BRIGHT,52706,53678,972,,,,,,,,,,no,no,unmapped_raw_key
P02,without_tutor,T01,10266,2026-05-24T21:28:36.061100+00:00,1779658116.0581002,dcs_bios_raw,DEFOG_HANDLE,17402,17838,436,,,,,,,,,,no,no,unmapped_raw_key
P02,without_tutor,T01,10267,2026-05-24T21:28:36.094141+00:00,1779658116.0916314,dcs_bios_raw,DEFOG_HANDLE,17838,18793,955,,,,,,,,,,no,no,unmapped_raw_key
P02,without_tutor,T01,10268,2026-05-24T21:28:36.132695+00:00,1779658116.1306958,dcs_bios_raw,DEFOG_HANDLE,18793,19521,728,,,,,,,,,,no,no,unmapped_raw_key
P02,without_tutor,T01,10269,2026-05-24T21:28:36.167293+00:00,1779658116.1642714,dcs_bios_raw,RWR_LT_BRIGHT,53678,52706,-972,,,,,,,,,,no,no,unmapped_raw_key
P02,without_tutor,T01,10269,2026-05-24T21:28:36.167293+00:00,1779658116.1642714,dcs_bios_raw,DEFOG_HANDLE,19521,20185,664,,,,,,,,,,no,no,unmapped_raw_key
P02,without_tutor,T01,10270,2026-05-24T21:28:36.205328+00:00,1779658116.2028234,dcs_bios_raw,DEFOG_HANDLE,20185,21049,864,,,,,,,,,,no,no,unmapped_raw_key
P02,without_tutor,T01,10271,2026-05-24T21:28:36.238863+00:00,1779658116.2358708,dcs_bios_raw,DEFOG_HANDLE,21049,21777,728,,,,,,,,,,no,no,unmapped_raw_key
P02,without_tutor,T01,10272,2026-05-24T21:28:36.279396+00:00,1779658116.2753937,dcs_bios_raw,DEFOG_HANDLE,21777,22460,683,,,,,,,,,,no,no,unmapped_raw_key
P02,without_tutor,T01,10273,2026-05-24T21:28:36.310917+00:00,1779658116.3079176,dcs_bios_raw,RWR_LT_BRIGHT,52706,53678,972,,,,,,,,,,no,no,unmapped_raw_key
P02,without_tutor,T01,10273,2026-05-24T21:28:36.310917+00:00,1779658116.3079176,dcs_bios_raw,DEFOG_HANDLE,22460,23506,1046,,,,,,,,,,no,no,unmapped_raw_key
P02,without_tutor,T01,10274,2026-05-24T21:28:36.343941+00:00,1779658116.3414388,dcs_bios_raw,DEFOG_HANDLE,23506,24261,755,,,,,,,,,,no,no,unmapped_raw_key
P02,without_tutor,T01,10275,2026-05-24T21:28:36.382968+00:00,1779658116.3799682,dcs_bios_raw,DEFOG_HANDLE,24261,24697,436,,,,,,,,,,no,no,unmapped_raw_key
P02,without_tutor,T01,10276,2026-05-24T21:28:36.415998+00:00,1779658116.4139934,dcs_bios_raw,RWR_LT_BRIGHT,53678,52706,-972,,,,,,,,,,no,no,unmapped_raw_key
P02,without_tutor,T01,10276,2026-05-24T21:28:36.415998+00:00,1779658116.4139934,dcs_bios_raw,DEFOG_HANDLE,24697,25834,1137,,,,,,,,,,no,no,unmapped_raw_key
P02,without_tutor,T01,10277,2026-05-24T21:28:36.455527+00:00,1779658116.4525208,dcs_bios_raw,DEFOG_HANDLE,25834,27336,1502,,,,,,,,,,no,no,unmapped_raw_key
P02,without_tutor,T01,10278,2026-05-24T21:28:36.488063+00:00,1779658116.4860632,dcs_bios_raw,DEFOG_HANDLE,27336,28818,1482,,,,,,,,,,no,no,unmapped_raw_key
P02,without_tutor,T01,10279,2026-05-24T21:28:36.527134+00:00,1779658116.525125,dcs_bios_raw,RWR_LT_BRIGHT,52706,53678,972,,,,,,,,,,no,no,unmapped_raw_key
P02,without_tutor,T01,10279,2026-05-24T21:28:36.527134+00:00,1779658116.525125,dcs_bios_raw,DEFOG_HANDLE,28818,29664,846,,,,,,,,,,no,no,unmapped_raw_key
P02,without_tutor,T01,10280,2026-05-24T21:28:36.561169+00:00,1779658116.5591698,dcs_bios_raw,DEFOG_HANDLE,29664,29846,182,,,,,,,,,,no,no,unmapped_raw_key
P02,without_tutor,T01,10281,2026-05-24T21:28:36.666800+00:00,1779658116.6637948,dcs_bios_raw,RWR_LT_BRIGHT,53678,52706,-972,,,,,,,,,,no,no,unmapped_raw_key
P02,without_tutor,T01,10282,2026-05-24T21:28:36.794489+00:00,1779658116.7919776,dcs_bios_raw,RWR_LT_BRIGHT,52706,53678,972,,,,,,,,,,no,no,unmapped_raw_key
P02,without_tutor,T01,10283,2026-05-24T21:28:36.899161+00:00,1779658116.8961616,dcs_bios_raw,RWR_LT_BRIGHT,53678,52706,-972,,,,,,,,,,no,no,unmapped_raw_key
P02,without_tutor,T01,10285,2026-05-24T21:28:36.998826+00:00,1779658116.996827,dcs_bios_raw,RWR_LT_BRIGHT,52706,53678,972,,,,,,,,,,no,no,unmapped_raw_key
P02,without_tutor,T01,10286,2026-05-24T21:28:37.137513+00:00,1779658117.135511,dcs_bios_raw,RWR_LT_BRIGHT,53678,52706,-972,,,,,,,,,,no,no,unmapped_raw_key
P02,without_tutor,T01,10287,2026-05-24T21:28:37.238178+00:00,1779658117.235176,dcs_bios_raw,RWR_LT_BRIGHT,52706,53678,972,,,,,,,,,,no,no,unmapped_raw_key
P02,without_tutor,T01,10288,2026-05-24T21:28:37.387818+00:00,1779658117.385818,dcs_bios_raw,RWR_LT_BRIGHT,53678,52706,-972,,,,,,,,,,no,no,unmapped_raw_key
P02,without_tutor,T01,10288,2026-05-24T21:28:37.387818+00:00,1779658117.385818,dcs_bios_raw,DEFOG_HANDLE,29846,29664,-182,,,,,,,,,,no,no,unmapped_raw_key
P02,without_tutor,T01,10289,2026-05-24T21:28:37.421351+00:00,1779658117.4183512,dcs_bios_raw,DEFOG_HANDLE,29664,29118,-546,,,,,,,,,,no,no,unmapped_raw_key
P02,without_tutor,T01,10290,2026-05-24T21:28:37.459898+00:00,1779658117.4578984,dcs_bios_raw,DEFOG_HANDLE,29118,28344,-774,,,,,,,,,,no,no,unmapped_raw_key
P02,without_tutor,T01,10291,2026-05-24T21:28:37.493932+00:00,1779658117.4914217,dcs_bios_raw,RWR_LT_BRIGHT,52706,53678,972,,,,,,,,,,no,no,unmapped_raw_key
P02,without_tutor,T01,10291,2026-05-24T21:28:37.493932+00:00,1779658117.4914217,dcs_bios_raw,DEFOG_HANDLE,28344,27116,-1228,,,,,,,,,,no,no,unmapped_raw_key
P02,without_tutor,T01,10292,2026-05-24T21:28:37.532458+00:00,1779658117.530459,dcs_bios_raw,DEFOG_HANDLE,27116,26024,-1092,,,,,,,,,,no,no,unmapped_raw_key
P02,without_tutor,T01,10293,2026-05-24T21:28:37.565989+00:00,1779658117.5624826,dcs_bios_raw,DEFOG_HANDLE,26024,24613,-1411,,,,,,,,,,no,no,unmapped_raw_key
P02,without_tutor,T01,10294,2026-05-24T21:28:37.604024+00:00,1779658117.6015215,dcs_bios_raw,RWR_LT_BRIGHT,53678,52706,-972,,,,,,,,,,no,no,unmapped_raw_key
P02,without_tutor,T01,10294,2026-05-24T21:28:37.604024+00:00,1779658117.6015215,dcs_bios_raw,DEFOG_HANDLE,24613,23248,-1365,,,,,,,,,,no,no,unmapped_raw_key
P02,without_tutor,T01,10295,2026-05-24T21:28:37.637553+00:00,1779658117.6355507,dcs_bios_raw,DEFOG_HANDLE,23248,22748,-500,,,,,,,,,,no,no,unmapped_raw_key
P02,without_tutor,T01,10296,2026-05-24T21:28:37.674079+00:00,1779658117.668578,dcs_bios_raw,DEFOG_HANDLE,22748,21974,-774,,,,,,,,,,no,no,unmapped_raw_key
P02,without_tutor,T01,10297,2026-05-24T21:28:37.709624+00:00,1779658117.707624,dcs_bios_raw,DEFOG_HANDLE,21974,20928,-1046,,,,,,,,,,no,no,unmapped_raw_key
P02,without_tutor,T01,10298,2026-05-24T21:28:37.743672+00:00,1779658117.7411635,dcs_bios_raw,RWR_LT_BRIGHT,52706,53678,972,,,,,,,,,,no,no,unmapped_raw_key
P02,without_tutor,T01,10298,2026-05-24T21:28:37.743672+00:00,1779658117.7411635,dcs_bios_raw,DEFOG_HANDLE,20928,20063,-865,,,,,,,,,,no,no,unmapped_raw_key
P02,without_tutor,T01,10299,2026-05-24T21:28:37.782741+00:00,1779658117.7797494,dcs_bios_raw,DEFOG_HANDLE,20063,19153,-910,,,,,,,,,,no,no,unmapped_raw_key
P02,without_tutor,T01,10300,2026-05-24T21:28:37.815778+00:00,1779658117.8122723,dcs_bios_raw,DEFOG_HANDLE,19153,18425,-728,,,,,,,,,,no,no,unmapped_raw_key
P02,without_tutor,T01,10301,2026-05-24T21:28:37.849311+00:00,1779658117.846312,dcs_bios_raw,RWR_LT_BRIGHT,53678,52706,-972,,,,,,,,,,no,no,unmapped_raw_key
P02,without_tutor,T01,10301,2026-05-24T21:28:37.849311+00:00,1779658117.846312,dcs_bios_raw,DEFOG_HANDLE,18425,17561,-864,,,,,,,,,,no,no,unmapped_raw_key
P02,without_tutor,T01,10302,2026-05-24T21:28:37.887856+00:00,1779658117.885857,dcs_bios_raw,DEFOG_HANDLE,17561,16423,-1138,,,,,,,,,,no,no,unmapped_raw_key
P02,without_tutor,T01,10303,2026-05-24T21:28:37.921389+00:00,1779658117.918389,dcs_bios_raw,DEFOG_HANDLE,16423,14831,-1592,,,,,,,,,,no,no,unmapped_raw_key
P02,without_tutor,T01,10304,2026-05-24T21:28:37.959941+00:00,1779658117.9579413,dcs_bios_raw,RWR_LT_BRIGHT,52706,53678,972,,,,,,,,,,no,no,unmapped_raw_key
P02,without_tutor,T01,10304,2026-05-24T21:28:37.959941+00:00,1779658117.9579413,dcs_bios_raw,DEFOG_HANDLE,14831,13694,-1137,,,,,,,,,,no,no,unmapped_raw_key
P02,without_tutor,T01,10305,2026-05-24T21:28:37.993966+00:00,1779658117.9914644,dcs_bios_raw,DEFOG_HANDLE,13694,12147,-1547,,,,,,,,,,no,no,unmapped_raw_key
P02,without_tutor,T01,10306,2026-05-24T21:28:38.032494+00:00,1779658118.0304942,dcs_bios_raw,DEFOG_HANDLE,12147,11510,-637,,,,,,,,,,no,no,unmapped_raw_key
P02,without_tutor,T01,10307,2026-05-24T21:28:38.066026+00:00,1779658118.0625198,dcs_bios_raw,DEFOG_HANDLE,11510,11146,-364,,,,,,,,,,no,no,unmapped_raw_key
P02,without_tutor,T01,10308,2026-05-24T21:28:38.105071+00:00,1779658118.1025572,dcs_bios_raw,RWR_LT_BRIGHT,53678,52706,-972,,,,,,,,,,no,no,unmapped_raw_key
P02,without_tutor,T01,10309,2026-05-24T21:28:38.209651+00:00,1779658118.207652,dcs_bios_raw,RWR_LT_BRIGHT,52706,53678,972,,,,,,,,,,no,no,unmapped_raw_key
P02,without_tutor,T01,10310,2026-05-24T21:28:38.315733+00:00,1779658118.3122282,dcs_bios_raw,RWR_LT_BRIGHT,53678,52706,-972,,,,,,,,,,no,no,unmapped_raw_key
P02,without_tutor,T01,10311,2026-05-24T21:28:38.460889+00:00,1779658118.4578867,dcs_bios_raw,RWR_LT_BRIGHT,52706,53678,972,,,,,,,,,,no,no,unmapped_raw_key
P02,without_tutor,T01,10312,2026-05-24T21:28:38.566024+00:00,1779658118.5625145,dcs_bios_raw,RWR_LT_BRIGHT,53678,52706,-972,,,,,,,,,,no,no,unmapped_raw_key
P02,without_tutor,T01,10313,2026-05-24T21:28:38.705683+00:00,1779658118.7021766,dcs_bios_raw,RWR_LT_BRIGHT,52706,53678,972,,,,,,,,,,no,no,unmapped_raw_key
P02,without_tutor,T01,10314,2026-05-24T21:28:38.815815+00:00,1779658118.812309,dcs_bios_raw,RWR_LT_BRIGHT,53678,52706,-972,,,,,,,,,,no,no,unmapped_raw_key
P02,without_tutor,T01,10315,2026-05-24T21:28:38.921430+00:00,1779658118.9194298,dcs_bios_raw,RWR_LT_BRIGHT,52706,53678,972,,,,,,,,,,no,no,unmapped_raw_key
P02,without_tutor,T01,10317,2026-05-24T21:28:39.066137+00:00,1779658119.0636313,dcs_bios_raw,RWR_LT_BRIGHT,53678,52706,-972,,,,,,,,,,no,no,unmapped_raw_key
P02,without_tutor,T01,10318,2026-05-24T21:28:39.170783+00:00,1779658119.1687832,dcs_bios_raw,RWR_LT_BRIGHT,52706,53678,972,,,,,,,,,,no,no,unmapped_raw_key
P02,without_tutor,T01,10319,2026-05-24T21:28:39.309493+00:00,1779658119.3074934,dcs_bios_raw,RWR_LT_BRIGHT,53678,52706,-972,,,,,,,,,,no,no,unmapped_raw_key
P02,without_tutor,T01,10320,2026-05-24T21:28:39.388083+00:00,1779658119.3850813,dcs_bios_raw,FLOOD_DIMMER,,272,272,,,,,,,,,,no,no,unmapped_raw_key
P02,without_tutor,T01,10321,2026-05-24T21:28:39.421613+00:00,1779658119.4186056,dcs_bios_raw,FLOOD_DIMMER,272,7918,7646,,,,,,,,,,no,no,unmapped_raw_key
P02,without_tutor,T01,10321,2026-05-24T21:28:39.421613+00:00,1779658119.4186056,dcs_bios_raw,RWR_LT_BRIGHT,52706,53678,972,,,,,,,,,,no,no,unmapped_raw_key
P02,without_tutor,T01,10322,2026-05-24T21:28:39.460175+00:00,1779658119.4576712,dcs_bios_raw,FLOOD_DIMMER,7918,21844,13926,,,,,,,,,,no,no,unmapped_raw_key
P02,without_tutor,T01,10323,2026-05-24T21:28:39.495228+00:00,1779658119.4917169,dcs_bios_raw,FLOOD_DIMMER,21844,37408,15564,,,,,,,,,,no,no,unmapped_raw_key
P02,without_tutor,T01,10324,2026-05-24T21:28:39.532784+00:00,1779658119.5297742,dcs_bios_raw,FLOOD_DIMMER,37408,55430,18022,,,,,,,,,,no,no,unmapped_raw_key
P02,without_tutor,T01,10324,2026-05-24T21:28:39.532784+00:00,1779658119.5297742,dcs_bios_raw,RWR_LT_BRIGHT,53678,52706,-972,,,,,,,,,,no,no,unmapped_raw_key
P02,without_tutor,T01,10325,2026-05-24T21:28:39.566356+00:00,1779658119.5638487,dcs_bios_raw,FLOOD_DIMMER,55430,65535,10105,,,,,,,,,,no,no,unmapped_raw_key
P02,without_tutor,T01,10326,2026-05-24T21:28:39.637942+00:00,1779658119.6359427,dcs_bios_raw,RWR_LT_BRIGHT,52706,53678,972,,,,,,,,,,no,no,unmapped_raw_key
P02,without_tutor,T01,10327,2026-05-24T21:28:39.782101+00:00,1779658119.7801025,dcs_bios_raw,RWR_LT_BRIGHT,53678,52706,-972,,,,,,,,,,no,no,unmapped_raw_key
P02,without_tutor,T01,10328,2026-05-24T21:28:39.888199+00:00,1779658119.8851964,dcs_bios_raw,RWR_LT_BRIGHT,52706,53678,972,,,,,,,,,,no,no,unmapped_raw_key
P02,without_tutor,T01,10330,2026-05-24T21:28:40.026913+00:00,1779658120.0239046,dcs_bios_raw,RWR_LT_BRIGHT,53678,52706,-972,,,,,,,,,,no,no,unmapped_raw_key
P02,without_tutor,T01,10331,2026-05-24T21:28:40.140114+00:00,1779658120.1361146,dcs_bios_raw,RWR_LT_BRIGHT,52706,53678,972,,,,,,,,,,no,no,unmapped_raw_key
P02,without_tutor,T01,10332,2026-05-24T21:28:40.243783+00:00,1779658120.2407827,dcs_bios_raw,RWR_LT_BRIGHT,53678,52706,-972,,,,,,,,,,no,no,unmapped_raw_key
P02,without_tutor,T01,10333,2026-05-24T21:28:40.387487+00:00,1779658120.3854783,dcs_bios_raw,RWR_LT_BRIGHT,52706,53678,972,,,,,,,,,,no,no,unmapped_raw_key
P02,without_tutor,T01,10334,2026-05-24T21:28:40.493651+00:00,1779658120.491149,dcs_bios_raw,RWR_LT_BRIGHT,53678,52706,-972,,,,,,,,,,no,no,unmapped_raw_key
P02,without_tutor,T01,10335,2026-05-24T21:28:40.632812+00:00,1779658120.6298194,dcs_bios_raw,RWR_LT_BRIGHT,52706,53678,972,,,,,,,,,,no,no,unmapped_raw_key
P02,without_tutor,T01,10336,2026-05-24T21:28:40.732403+00:00,1779658120.7294037,dcs_bios_raw,FLOOD_DIMMER,65535,64443,-1092,,,,,,,,,,no,no,unmapped_raw_key
P02,without_tutor,T01,10336,2026-05-24T21:28:40.732403+00:00,1779658120.7294037,dcs_bios_raw,RWR_LT_BRIGHT,53678,52706,-972,,,,,,,,,,no,no,unmapped_raw_key
P02,without_tutor,T01,10337,2026-05-24T21:28:40.765972+00:00,1779658120.7639675,dcs_bios_raw,FLOOD_DIMMER,64443,60620,-3823,,,,,,,,,,no,no,unmapped_raw_key
P02,without_tutor,T01,10338,2026-05-24T21:28:40.799542+00:00,1779658120.7965424,dcs_bios_raw,FLOOD_DIMMER,60620,51609,-9011,,,,,,,,,,no,no,unmapped_raw_key
P02,without_tutor,T01,10339,2026-05-24T21:28:40.832079+00:00,1779658120.8300872,dcs_bios_raw,FLOOD_DIMMER,51609,42051,-9558,,,,,,,,,,no,no,unmapped_raw_key
P02,without_tutor,T01,10340,2026-05-24T21:28:40.866646+00:00,1779658120.8636427,dcs_bios_raw,FLOOD_DIMMER,42051,31130,-10921,,,,,,,,,,no,no,unmapped_raw_key
P02,without_tutor,T01,10340,2026-05-24T21:28:40.866646+00:00,1779658120.8636427,dcs_bios_raw,RWR_LT_BRIGHT,52706,53678,972,,,,,,,,,,no,no,unmapped_raw_key
P02,without_tutor,T01,10341,2026-05-24T21:28:40.900178+00:00,1779658120.8971782,dcs_bios_raw,FLOOD_DIMMER,31130,19115,-12015,,,,,,,,,,no,no,unmapped_raw_key
P02,without_tutor,T01,10342,2026-05-24T21:28:40.933727+00:00,1779658120.9307206,dcs_bios_raw,FLOOD_DIMMER,19115,2185,-16930,,,,,,,,,,no,no,unmapped_raw_key
P02,without_tutor,T01,10343,2026-05-24T21:28:40.966287+00:00,1779658120.9627807,dcs_bios_raw,FLOOD_DIMMER,2185,0,-2185,,,,,,,,,,no,no,unmapped_raw_key
P02,without_tutor,T01,10343,2026-05-24T21:28:40.966287+00:00,1779658120.9627807,dcs_bios_raw,RWR_LT_BRIGHT,53678,52706,-972,,,,,,,,,,no,no,unmapped_raw_key
P02,without_tutor,T01,10344,2026-05-24T21:28:41.032413+00:00,1779658121.0304139,dcs_bios_raw,FLOOD_DIMMER,0,342,342,,,,,,,,,,no,no,unmapped_raw_key
P02,without_tutor,T01,10345,2026-05-24T21:28:41.070966+00:00,1779658121.068966,dcs_bios_raw,FLOOD_DIMMER,342,1943,1601,,,,,,,,,,no,no,unmapped_raw_key
P02,without_tutor,T01,10346,2026-05-24T21:28:41.105004+00:00,1779658121.1024985,dcs_bios_raw,FLOOD_DIMMER,1943,3657,1714,,,,,,,,,,no,no,unmapped_raw_key
P02,without_tutor,T01,10346,2026-05-24T21:28:41.105004+00:00,1779658121.1024985,dcs_bios_raw,RWR_LT_BRIGHT,52706,53678,972,,,,,,,,,,no,no,unmapped_raw_key
P02,without_tutor,T01,10347,2026-05-24T21:28:41.138532+00:00,1779658121.1355302,dcs_bios_raw,FLOOD_DIMMER,3657,4914,1257,,,,,,,,,,no,no,unmapped_raw_key
P02,without_tutor,T01,10348,2026-05-24T21:28:41.171579+00:00,1779658121.1685798,dcs_bios_raw,FLOOD_DIMMER,4914,6172,1258,,,,,,,,,,no,no,unmapped_raw_key
P02,without_tutor,T01,10349,2026-05-24T21:28:41.211623+00:00,1779658121.2076292,dcs_bios_raw,FLOOD_DIMMER,6172,7315,1143,,,,,,,,,,no,no,unmapped_raw_key
P02,without_tutor,T01,10349,2026-05-24T21:28:41.211623+00:00,1779658121.2076292,dcs_bios_raw,RWR_LT_BRIGHT,53678,52706,-972,,,,,,,,,,no,no,unmapped_raw_key
P02,without_tutor,T01,10350,2026-05-24T21:28:41.244648+00:00,1779658121.2411442,dcs_bios_raw,FLOOD_DIMMER,7315,7544,229,,,,,,,,,,no,no,unmapped_raw_key
P02,without_tutor,T01,10351,2026-05-24T21:28:41.315722+00:00,1779658121.3137202,dcs_bios_raw,RWR_LT_BRIGHT,52706,53678,972,,,,,,,,,,no,no,unmapped_raw_key
P02,without_tutor,T01,10352,2026-05-24T21:28:41.461899+00:00,1779658121.4583957,dcs_bios_raw,RWR_LT_BRIGHT,53678,52706,-972,,,,,,,,,,no,no,unmapped_raw_key
P02,without_tutor,T01,10353,2026-05-24T21:28:41.560095+00:00,1779658121.5580957,dcs_bios_raw,RWR_LT_BRIGHT,52706,53678,972,,,,,,,,,,no,no,unmapped_raw_key
P02,without_tutor,T01,10354,2026-05-24T21:28:41.704811+00:00,1779658121.702307,dcs_bios_raw,RWR_LT_BRIGHT,53678,52706,-972,,,,,,,,,,no,no,unmapped_raw_key
P02,without_tutor,T01,10355,2026-05-24T21:28:41.810423+00:00,1779658121.807423,dcs_bios_raw,RWR_LT_BRIGHT,52706,53678,972,,,,,,,,,,no,no,unmapped_raw_key
P02,without_tutor,T01,10356,2026-05-24T21:28:41.888015+00:00,1779658121.8860154,dcs_bios_raw,FLOOD_DIMMER,7544,7659,115,,,,,,,,,,no,no,unmapped_raw_key
P02,without_tutor,T01,10357,2026-05-24T21:28:41.921543+00:00,1779658121.9185436,dcs_bios_raw,FLOOD_DIMMER,7659,6408,-1251,,,,,,,,,,no,no,unmapped_raw_key
P02,without_tutor,T01,10357,2026-05-24T21:28:41.921543+00:00,1779658121.9185436,dcs_bios_raw,RWR_LT_BRIGHT,53678,52706,-972,,,,,,,,,,no,no,unmapped_raw_key
P02,without_tutor,T01,10358,2026-05-24T21:28:41.960592+00:00,1779658121.9575922,dcs_bios_raw,FLOOD_DIMMER,6408,4339,-2069,,,,,,,,,,no,no,unmapped_raw_key
P02,without_tutor,T01,10359,2026-05-24T21:28:41.994180+00:00,1779658121.9916782,dcs_bios_raw,FLOOD_DIMMER,4339,244,-4095,,,,,,,,,,no,no,unmapped_raw_key
P02,without_tutor,T01,10360,2026-05-24T21:28:42.026741+00:00,1779658122.0247388,dcs_bios_raw,FLOOD_DIMMER,244,0,-244,,,,,,,,,,no,no,unmapped_raw_key
P02,without_tutor,T01,10361,2026-05-24T21:28:42.060271+00:00,1779658122.058272,dcs_bios_raw,RWR_LT_BRIGHT,52706,53678,972,,,,,,,,,,no,no,unmapped_raw_key
P02,without_tutor,T01,10362,2026-05-24T21:28:42.171889+00:00,1779658122.1688893,dcs_bios_raw,RWR_LT_BRIGHT,53678,52706,-972,,,,,,,,,,no,no,unmapped_raw_key
P02,without_tutor,T01,10363,2026-05-24T21:28:42.277510+00:00,1779658122.2755084,dcs_bios_raw,RWR_LT_BRIGHT,52706,53678,972,,,,,,,,,,no,no,unmapped_raw_key
P02,without_tutor,T01,10364,2026-05-24T21:28:42.422216+00:00,1779658122.4192162,dcs_bios_raw,RWR_LT_BRIGHT,53678,52706,-972,,,,,,,,,,no,no,unmapped_raw_key
P02,without_tutor,T01,10365,2026-05-24T21:28:42.527338+00:00,1779658122.524333,dcs_bios_raw,RWR_LT_BRIGHT,52706,53678,972,,,,,,,,,,no,no,unmapped_raw_key
P02,without_tutor,T01,10366,2026-05-24T21:28:42.638475+00:00,1779658122.635474,dcs_bios_raw,CONSOLES_DIMMER,,272,272,,,,,,,,,,no,no,unmapped_raw_key
P02,without_tutor,T01,10367,2026-05-24T21:28:42.671526+00:00,1779658122.6695201,dcs_bios_raw,CONSOLES_DIMMER,272,3434,3162,,,,,,,,,,no,no,unmapped_raw_key
P02,without_tutor,T01,10367,2026-05-24T21:28:42.671526+00:00,1779658122.6695201,dcs_bios_raw,RWR_LT_BRIGHT,53678,52706,-972,,,,,,,,,,no,no,unmapped_raw_key
P02,without_tutor,T01,10368,2026-05-24T21:28:42.710585+00:00,1779658122.7085857,dcs_bios_raw,CONSOLES_DIMMER,3434,14630,11196,,,,,,,,,,no,no,unmapped_raw_key
P02,without_tutor,T01,10369,2026-05-24T21:28:42.743114+00:00,1779658122.7411077,dcs_bios_raw,CONSOLES_DIMMER,14630,33471,18841,,,,,,,,,,no,no,unmapped_raw_key
P02,without_tutor,T01,10370,2026-05-24T21:28:42.777155+00:00,1779658122.7741506,dcs_bios_raw,CONSOLES_DIMMER,33471,52859,19388,,,,,,,,,,no,no,unmapped_raw_key
P02,without_tutor,T01,10370,2026-05-24T21:28:42.777155+00:00,1779658122.7741506,dcs_bios_raw,RWR_LT_BRIGHT,52706,53678,972,,,,,,,,,,no,no,unmapped_raw_key
P02,without_tutor,T01,10371,2026-05-24T21:28:42.810698+00:00,1779658122.8077047,dcs_bios_raw,CONSOLES_DIMMER,52859,65535,12676,,,,,,,,,,no,no,unmapped_raw_key
P02,without_tutor,T01,10372,2026-05-24T21:28:42.882282+00:00,1779658122.8802826,dcs_bios_raw,RWR_LT_BRIGHT,53678,52706,-972,,,,,,,,,,no,no,unmapped_raw_key
P02,without_tutor,T01,10374,2026-05-24T21:28:43.033050+00:00,1779658123.0300508,dcs_bios_raw,RWR_LT_BRIGHT,52706,53678,972,,,,,,,,,,no,no,unmapped_raw_key
P02,without_tutor,T01,10375,2026-05-24T21:28:43.133735+00:00,1779658123.1302316,dcs_bios_raw,RWR_LT_BRIGHT,53678,52706,-972,,,,,,,,,,no,no,unmapped_raw_key
P02,without_tutor,T01,10376,2026-05-24T21:28:43.238931+00:00,1779658123.2359312,dcs_bios_raw,RWR_LT_BRIGHT,52706,53678,972,,,,,,,,,,no,no,unmapped_raw_key
P02,without_tutor,T01,10377,2026-05-24T21:28:43.383659+00:00,1779658123.3811579,dcs_bios_raw,RWR_LT_BRIGHT,53678,52706,-972,,,,,,,,,,no,no,unmapped_raw_key
P02,without_tutor,T01,10378,2026-05-24T21:28:43.488290+00:00,1779658123.4862814,dcs_bios_raw,RWR_LT_BRIGHT,52706,53678,972,,,,,,,,,,no,no,unmapped_raw_key
P02,without_tutor,T01,10379,2026-05-24T21:28:43.593929+00:00,1779658123.5914278,dcs_bios_raw,INST_PNL_DIMMER,,1637,1637,,,,,,,,,,no,no,unmapped_raw_key
P02,without_tutor,T01,10379,2026-05-24T21:28:43.593929+00:00,1779658123.5914278,dcs_bios_raw,RWR_LT_BRIGHT,53678,52706,-972,,,,,,,,,,no,no,unmapped_raw_key
P02,without_tutor,T01,10380,2026-05-24T21:28:43.632480+00:00,1779658123.6304696,dcs_bios_raw,INST_PNL_DIMMER,1637,7371,5734,,,,,,,,,,no,no,unmapped_raw_key
P02,without_tutor,T01,10381,2026-05-24T21:28:43.667553+00:00,1779658123.6645386,dcs_bios_raw,INST_PNL_DIMMER,7371,22936,15565,,,,,,,,,,no,no,unmapped_raw_key
P02,without_tutor,T01,10382,2026-05-24T21:28:43.705590+00:00,1779658123.703086,dcs_bios_raw,INST_PNL_DIMMER,22936,41231,18295,,,,,,,,,,no,no,unmapped_raw_key
P02,without_tutor,T01,10383,2026-05-24T21:28:43.740119+00:00,1779658123.7371166,dcs_bios_raw,INST_PNL_DIMMER,41231,60346,19115,,,,,,,,,,no,no,unmapped_raw_key
P02,without_tutor,T01,10383,2026-05-24T21:28:43.740119+00:00,1779658123.7371166,dcs_bios_raw,RWR_LT_BRIGHT,52706,53678,972,,,,,,,,,,no,no,unmapped_raw_key
P02,without_tutor,T01,10384,2026-05-24T21:28:43.772646+00:00,1779658123.7696462,dcs_bios_raw,INST_PNL_DIMMER,60346,65535,5189,,,,,,,,,,no,no,unmapped_raw_key
P02,without_tutor,T01,10385,2026-05-24T21:28:43.844709+00:00,1779658123.8422046,dcs_bios_raw,RWR_LT_BRIGHT,53678,52706,-972,,,,,,,,,,no,no,unmapped_raw_key
P02,without_tutor,T01,10386,2026-05-24T21:28:43.988939+00:00,1779658123.9859464,dcs_bios_raw,RWR_LT_BRIGHT,52706,53678,972,,,,,,,,,,no,no,unmapped_raw_key
P02,without_tutor,T01,10387,2026-05-24T21:28:44.095048+00:00,1779658124.0915515,dcs_bios_raw,RWR_LT_BRIGHT,53678,52706,-972,,,,,,,,,,no,no,unmapped_raw_key
P02,without_tutor,T01,10388,2026-05-24T21:28:44.200669+00:00,1779658124.1976774,dcs_bios_raw,RWR_LT_BRIGHT,52706,53678,972,,,,,,,,,,no,no,unmapped_raw_key
P02,without_tutor,T01,10389,2026-05-24T21:28:44.344438+00:00,1779658124.341937,dcs_bios_raw,RWR_LT_BRIGHT,53678,52706,-972,,,,,,,,,,no,no,unmapped_raw_key
P02,without_tutor,T01,10390,2026-05-24T21:28:44.451584+00:00,1779658124.4475906,dcs_bios_raw,RWR_LT_BRIGHT,52706,53678,972,,,,,,,,,,no,no,unmapped_raw_key
P02,without_tutor,T01,10391,2026-05-24T21:28:44.584213+00:00,1779658124.580711,dcs_bios_raw,RWR_LT_BRIGHT,53678,52706,-972,,,,,,,,,,no,no,unmapped_raw_key
P02,without_tutor,T01,10392,2026-05-24T21:28:44.682314+00:00,1779658124.6803145,dcs_bios_raw,RWR_LT_BRIGHT,52706,53678,972,,,,,,,,,,no,no,unmapped_raw_key
P02,without_tutor,T01,10393,2026-05-24T21:28:44.817034+00:00,1779658124.8140302,dcs_bios_raw,RWR_LT_BRIGHT,53678,52706,-972,,,,,,,,,,no,no,unmapped_raw_key
P02,without_tutor,T01,10394,2026-05-24T21:28:44.916681+00:00,1779658124.9146793,dcs_bios_raw,RWR_LT_BRIGHT,52706,53678,972,,,,,,,,,,no,no,unmapped_raw_key
P02,without_tutor,T01,10396,2026-05-24T21:28:45.061417+00:00,1779658125.0584252,dcs_bios_raw,RWR_LT_BRIGHT,53678,52706,-972,,,,,,,,,,no,no,unmapped_raw_key
P02,without_tutor,T01,10397,2026-05-24T21:28:45.167048+00:00,1779658125.164042,dcs_bios_raw,RWR_LT_BRIGHT,52706,53678,972,,,,,,,,,,no,no,unmapped_raw_key
P02,without_tutor,T01,10398,2026-05-24T21:28:45.311774+00:00,1779658125.3087673,dcs_bios_raw,RWR_LT_BRIGHT,53678,52706,-972,,,,,,,,,,no,no,unmapped_raw_key
P02,without_tutor,T01,10399,2026-05-24T21:28:45.416900+00:00,1779658125.4138966,dcs_bios_raw,RWR_LT_BRIGHT,52706,53678,972,,,,,,,,,,no,no,unmapped_raw_key
P02,without_tutor,T01,10400,2026-05-24T21:28:45.522515+00:00,1779658125.5195148,dcs_bios_raw,RWR_LT_BRIGHT,53678,52706,-972,,,,,,,,,,no,no,unmapped_raw_key
P02,without_tutor,T01,10402,2026-05-24T21:28:45.672217+00:00,1779658125.6692173,dcs_bios_raw,RWR_LT_BRIGHT,52706,53678,972,,,,,,,,,,no,no,unmapped_raw_key
P02,without_tutor,T01,10403,2026-05-24T21:28:45.772884+00:00,1779658125.7698774,dcs_bios_raw,RWR_LT_BRIGHT,53678,52706,-972,,,,,,,,,,no,no,unmapped_raw_key
P02,without_tutor,T01,10404,2026-05-24T21:28:45.883040+00:00,1779658125.8810408,dcs_bios_raw,RWR_LT_BRIGHT,52706,53678,972,,,,,,,,,,no,no,unmapped_raw_key
P02,without_tutor,T01,10408,2026-05-24T21:28:46.022776+00:00,1779658126.0197837,dcs_bios_raw,RWR_LT_BRIGHT,53678,52706,-972,,,,,,,,,,no,no,unmapped_raw_key
P02,without_tutor,T01,10409,2026-05-24T21:28:46.127923+00:00,1779658126.1259112,dcs_bios_raw,RWR_LT_BRIGHT,52706,53678,972,,,,,,,,,,no,no,unmapped_raw_key
P02,without_tutor,T01,10410,2026-05-24T21:28:46.166988+00:00,1779658126.163979,dcs_bios_raw,WARN_CAUTION_DIMMER,,51881,51881,,,,,,,,,,no,no,unmapped_raw_key
P02,without_tutor,T01,10411,2026-05-24T21:28:46.205554+00:00,1779658126.2030418,dcs_bios_raw,WARN_CAUTION_DIMMER,51881,60347,8466,,,,,,,,,,no,no,unmapped_raw_key
P02,without_tutor,T01,10412,2026-05-24T21:28:46.242114+00:00,1779658126.2361078,dcs_bios_raw,RWR_LT_BRIGHT,53678,52706,-972,,,,,,,,,,no,no,unmapped_raw_key
P02,without_tutor,T01,10412,2026-05-24T21:28:46.242114+00:00,1779658126.2361078,dcs_bios_raw,WARN_CAUTION_DIMMER,60347,65535,5188,,,,,,,,,,no,no,unmapped_raw_key
P02,without_tutor,T01,10413,2026-05-24T21:28:46.382279+00:00,1779658126.380279,dcs_bios_raw,RWR_LT_BRIGHT,52706,53678,972,,,,,,,,,,no,no,unmapped_raw_key
P02,without_tutor,T01,10414,2026-05-24T21:28:46.488435+00:00,1779658126.4864347,dcs_bios_raw,RWR_LT_BRIGHT,53678,52706,-972,,,,,,,,,,no,no,unmapped_raw_key
P02,without_tutor,T01,10415,2026-05-24T21:28:46.594585+00:00,1779658126.5920835,dcs_bios_raw,RWR_LT_BRIGHT,52706,53678,972,,,,,,,,,,no,no,unmapped_raw_key
P02,without_tutor,T01,10416,2026-05-24T21:28:46.733717+00:00,1779658126.7307165,dcs_bios_raw,RWR_LT_BRIGHT,53678,52706,-972,,,,,,,,,,no,no,unmapped_raw_key
P02,without_tutor,T01,10417,2026-05-24T21:28:46.866426+00:00,1779658126.8644245,dcs_bios_raw,RWR_LT_BRIGHT,52706,53678,972,,,,,,,,,,no,no,unmapped_raw_key
P02,without_tutor,T01,10418,2026-05-24T21:28:46.967057+00:00,1779658126.9640484,dcs_bios_raw,RWR_LT_BRIGHT,53678,52706,-972,,,,,,,,,,no,no,unmapped_raw_key
P02,without_tutor,T01,10419,2026-05-24T21:28:47.099777+00:00,1779658127.0967772,dcs_bios_raw,RWR_LT_BRIGHT,52706,53678,972,,,,,,,,,,no,no,unmapped_raw_key
P02,without_tutor,T01,10420,2026-05-24T21:28:47.205973+00:00,1779658127.2024481,dcs_bios_raw,RWR_LT_BRIGHT,53678,52706,-972,,,,,,,,,,no,no,unmapped_raw_key
P02,without_tutor,T01,10421,2026-05-24T21:28:47.345736+00:00,1779658127.3422143,dcs_bios_raw,RWR_LT_BRIGHT,52706,53678,972,,,,,,,,,,no,no,unmapped_raw_key
P02,without_tutor,T01,10422,2026-05-24T21:28:47.455903+00:00,1779658127.4523973,dcs_bios_raw,RWR_LT_BRIGHT,53678,52706,-972,,,,,,,,,,no,no,unmapped_raw_key
P02,without_tutor,T01,10424,2026-05-24T21:28:47.561602+00:00,1779658127.5585947,dcs_bios_raw,RWR_LT_BRIGHT,52706,53678,972,,,,,,,,,,no,no,unmapped_raw_key
P02,without_tutor,T01,10425,2026-05-24T21:28:47.594130+00:00,1779658127.5916283,dcs_bios_raw,CHART_DIMMER,,2183,2183,,,,,,,,,,no,no,unmapped_raw_key
P02,without_tutor,T01,10426,2026-05-24T21:28:47.633665+00:00,1779658127.6306653,dcs_bios_raw,CHART_DIMMER,2183,9010,6827,,,,,,,,,,no,no,unmapped_raw_key
P02,without_tutor,T01,10427,2026-05-24T21:28:47.666697+00:00,1779658127.663693,dcs_bios_raw,CHART_DIMMER,9010,16656,7646,,,,,,,,,,no,no,unmapped_raw_key
P02,without_tutor,T01,10428,2026-05-24T21:28:47.705243+00:00,1779658127.7027388,dcs_bios_raw,CHART_DIMMER,16656,22664,6008,,,,,,,,,,no,no,unmapped_raw_key
P02,without_tutor,T01,10428,2026-05-24T21:28:47.705243+00:00,1779658127.7027388,dcs_bios_raw,RWR_LT_BRIGHT,53678,52706,-972,,,,,,,,,,no,no,unmapped_raw_key
P02,without_tutor,T01,10429,2026-05-24T21:28:47.739784+00:00,1779658127.7367845,dcs_bios_raw,CHART_DIMMER,22664,33040,10376,,,,,,,,,,no,no,unmapped_raw_key
P02,without_tutor,T01,10430,2026-05-24T21:28:47.772827+00:00,1779658127.7703228,dcs_bios_raw,CHART_DIMMER,33040,40413,7373,,,,,,,,,,no,no,unmapped_raw_key
P02,without_tutor,T01,10431,2026-05-24T21:28:47.810897+00:00,1779658127.8088968,dcs_bios_raw,RWR_LT_BRIGHT,52706,53678,972,,,,,,,,,,no,no,unmapped_raw_key
P02,without_tutor,T01,10431,2026-05-24T21:28:47.810897+00:00,1779658127.8088968,dcs_bios_raw,CHART_DIMMER,40413,46694,6281,,,,,,,,,,no,no,unmapped_raw_key
P02,without_tutor,T01,10432,2026-05-24T21:28:47.845938+00:00,1779658127.841421,dcs_bios_raw,CHART_DIMMER,46694,58437,11743,,,,,,,,,,no,no,unmapped_raw_key
P02,without_tutor,T01,10433,2026-05-24T21:28:47.882997+00:00,1779658127.8809977,dcs_bios_raw,CHART_DIMMER,58437,64717,6280,,,,,,,,,,no,no,unmapped_raw_key
P02,without_tutor,T01,10434,2026-05-24T21:28:47.917077+00:00,1779658127.9140654,dcs_bios_raw,RWR_LT_BRIGHT,53678,52706,-972,,,,,,,,,,no,no,unmapped_raw_key
P02,without_tutor,T01,10434,2026-05-24T21:28:47.917077+00:00,1779658127.9140654,dcs_bios_raw,CHART_DIMMER,64717,65535,818,,,,,,,,,,no,no,unmapped_raw_key
P02,without_tutor,T01,10436,2026-05-24T21:28:48.061797+00:00,1779658128.0587902,dcs_bios_raw,RWR_LT_BRIGHT,52706,53678,972,,,,,,,,,,no,no,unmapped_raw_key
P02,without_tutor,T01,10437,2026-05-24T21:28:48.128870+00:00,1779658128.1258764,dcs_bios_raw,CHART_DIMMER,65535,64443,-1092,,,,,,,,,,no,no,unmapped_raw_key
P02,without_tutor,T01,10438,2026-05-24T21:28:48.167921+00:00,1779658128.1639159,dcs_bios_raw,CHART_DIMMER,64443,63351,-1092,,,,,,,,,,no,no,unmapped_raw_key
P02,without_tutor,T01,10438,2026-05-24T21:28:48.167921+00:00,1779658128.1639159,dcs_bios_raw,RWR_LT_BRIGHT,53678,52706,-972,,,,,,,,,,no,no,unmapped_raw_key
P02,without_tutor,T01,10439,2026-05-24T21:28:48.205501+00:00,1779658128.2029963,dcs_bios_raw,CHART_DIMMER,63351,60894,-2457,,,,,,,,,,no,no,unmapped_raw_key
P02,without_tutor,T01,10440,2026-05-24T21:28:48.239025+00:00,1779658128.2360253,dcs_bios_raw,CHART_DIMMER,60894,46148,-14746,,,,,,,,,,no,no,unmapped_raw_key
P02,without_tutor,T01,10441,2026-05-24T21:28:48.272061+00:00,1779658128.2695572,dcs_bios_raw,CHART_DIMMER,46148,39322,-6826,,,,,,,,,,no,no,unmapped_raw_key
P02,without_tutor,T01,10442,2026-05-24T21:28:48.311103+00:00,1779658128.3081028,dcs_bios_raw,RWR_LT_BRIGHT,52706,53678,972,,,,,,,,,,no,no,unmapped_raw_key
P02,without_tutor,T01,10442,2026-05-24T21:28:48.311103+00:00,1779658128.3081028,dcs_bios_raw,CHART_DIMMER,39322,29765,-9557,,,,,,,,,,no,no,unmapped_raw_key
P02,without_tutor,T01,10443,2026-05-24T21:28:48.344143+00:00,1779658128.341642,dcs_bios_raw,CHART_DIMMER,29765,15566,-14199,,,,,,,,,,no,no,unmapped_raw_key
P02,without_tutor,T01,10444,2026-05-24T21:28:48.382206+00:00,1779658128.3801994,dcs_bios_raw,CHART_DIMMER,15566,3824,-11742,,,,,,,,,,no,no,unmapped_raw_key
P02,without_tutor,T01,10445,2026-05-24T21:28:48.417251+00:00,1779658128.4142468,dcs_bios_raw,RWR_LT_BRIGHT,53678,52706,-972,,,,,,,,,,no,no,unmapped_raw_key
P02,without_tutor,T01,10445,2026-05-24T21:28:48.417251+00:00,1779658128.4142468,dcs_bios_raw,CHART_DIMMER,3824,0,-3824,,,,,,,,,,no,no,unmapped_raw_key
P02,without_tutor,T01,10446,2026-05-24T21:28:48.521911+00:00,1779658128.5199122,dcs_bios_raw,RWR_LT_BRIGHT,52706,53678,972,,,,,,,,,,no,no,unmapped_raw_key
P02,without_tutor,T01,10447,2026-05-24T21:28:48.667099+00:00,1779658128.6640935,dcs_bios_raw,RWR_LT_BRIGHT,53678,52706,-972,,,,,,,,,,no,no,unmapped_raw_key
P02,without_tutor,T01,10448,2026-05-24T21:28:48.772231+00:00,1779658128.7697365,dcs_bios_raw,RWR_LT_BRIGHT,52706,53678,972,,,,,,,,,,no,no,unmapped_raw_key
P02,without_tutor,T01,10449,2026-05-24T21:28:48.882427+00:00,1779658128.8804348,dcs_bios_raw,RWR_LT_BRIGHT,53678,52706,-972,,,,,,,,,,no,no,unmapped_raw_key
P02,without_tutor,T01,10451,2026-05-24T21:28:49.022117+00:00,1779658129.0201175,dcs_bios_raw,RWR_LT_BRIGHT,52706,53678,972,,,,,,,,,,no,no,unmapped_raw_key
P02,without_tutor,T01,10452,2026-05-24T21:28:49.133733+00:00,1779658129.131222,dcs_bios_raw,RWR_LT_BRIGHT,53678,52706,-972,,,,,,,,,,no,no,unmapped_raw_key
P02,without_tutor,T01,10453,2026-05-24T21:28:49.238864+00:00,1779658129.2358646,dcs_bios_raw,RWR_LT_BRIGHT,52706,53678,972,,,,,,,,,,no,no,unmapped_raw_key
P02,without_tutor,T01,10454,2026-05-24T21:28:49.383019+00:00,1779658129.3810194,dcs_bios_raw,RWR_LT_BRIGHT,53678,52706,-972,,,,,,,,,,no,no,unmapped_raw_key
P02,without_tutor,T01,10455,2026-05-24T21:28:49.489657+00:00,1779658129.4866574,dcs_bios_raw,RWR_LT_BRIGHT,52706,53678,972,,,,,,,,,,no,no,unmapped_raw_key
P02,without_tutor,T01,10456,2026-05-24T21:28:49.594777+00:00,1779658129.5922601,dcs_bios_raw,RWR_LT_BRIGHT,53678,52706,-972,,,,,,,,,,no,no,unmapped_raw_key
P02,without_tutor,T01,10457,2026-05-24T21:28:49.739540+00:00,1779658129.7365317,dcs_bios_raw,RWR_LT_BRIGHT,52706,53678,972,,,,,,,,,,no,no,unmapped_raw_key
P02,without_tutor,T01,10458,2026-05-24T21:28:49.844730+00:00,1779658129.8422263,dcs_bios_raw,RWR_LT_BRIGHT,53678,52706,-972,,,,,,,,,,no,no,unmapped_raw_key
P02,without_tutor,T01,10459,2026-05-24T21:28:49.989453+00:00,1779658129.9864533,dcs_bios_raw,RWR_LT_BRIGHT,52706,53678,972,,,,,,,,,,no,no,unmapped_raw_key
P02,without_tutor,T01,10460,2026-05-24T21:28:50.061077+00:00,1779658130.0580766,dcs_bios_raw,COCKKPIT_LIGHT_MODE_SW,,1,1,,,,,,,,,,no,no,unmapped_raw_key
P02,without_tutor,T01,10461,2026-05-24T21:28:50.096130+00:00,1779658130.0926156,dcs_bios_raw,RWR_LT_BRIGHT,53678,52706,-972,,,,,,,,,,no,no,unmapped_raw_key
P02,without_tutor,T01,10462,2026-05-24T21:28:50.200284+00:00,1779658130.197284,dcs_bios_raw,RWR_LT_BRIGHT,52706,53685,979,,,,,,,,,,no,no,unmapped_raw_key
P02,without_tutor,T01,10463,2026-05-24T21:28:50.346018+00:00,1779658130.3414993,dcs_bios_raw,RWR_LT_BRIGHT,53685,52706,-979,,,,,,,,,,no,no,unmapped_raw_key
P02,without_tutor,T01,10464,2026-05-24T21:28:50.458301+00:00,1779658130.4527955,dcs_bios_raw,RWR_LT_BRIGHT,52706,53709,1003,,,,,,,,,,no,no,unmapped_raw_key
P02,without_tutor,T01,10465,2026-05-24T21:28:50.562446+00:00,1779658130.5584443,dcs_bios_raw,RWR_LT_BRIGHT,53709,52706,-1003,,,,,,,,,,no,no,unmapped_raw_key
P02,without_tutor,T01,10466,2026-05-24T21:28:50.700123+00:00,1779658130.6971238,dcs_bios_raw,RWR_LT_BRIGHT,52706,53713,1007,,,,,,,,,,no,no,unmapped_raw_key
P02,without_tutor,T01,10467,2026-05-24T21:28:50.739179+00:00,1779658130.7371798,dcs_bios_raw,COCKKPIT_LIGHT_MODE_SW,1,2,1,,,,,,,,,,no,no,unmapped_raw_key
P02,without_tutor,T01,10468,2026-05-24T21:28:50.812285+00:00,1779658130.8082929,dcs_bios_raw,RWR_LT_BRIGHT,53713,52706,-1007,,,,,,,,,,no,no,unmapped_raw_key
P02,without_tutor,T01,10469,2026-05-24T21:28:50.916428+00:00,1779658130.9144247,dcs_bios_raw,RWR_LT_BRIGHT,52706,53716,1010,,,,,,,,,,no,no,unmapped_raw_key
P02,without_tutor,T01,10471,2026-05-24T21:28:51.061076+00:00,1779658131.0590768,dcs_bios_raw,RWR_LT_BRIGHT,53716,52706,-1010,,,,,,,,,,no,no,unmapped_raw_key
P02,without_tutor,T01,10472,2026-05-24T21:28:51.161163+00:00,1779658131.1581635,dcs_bios_raw,RWR_LT_BRIGHT,52706,53716,1010,,,,,,,,,,no,no,unmapped_raw_key
P02,without_tutor,T01,10473,2026-05-24T21:28:51.310862+00:00,1779658131.30887,dcs_bios_raw,RWR_LT_BRIGHT,53716,52706,-1010,,,,,,,,,,no,no,unmapped_raw_key
P02,without_tutor,T01,10474,2026-05-24T21:28:51.411044+00:00,1779658131.4090447,dcs_bios_raw,RWR_LT_BRIGHT,52706,53716,1010,,,,,,,,,,no,no,unmapped_raw_key
P02,without_tutor,T01,10475,2026-05-24T21:28:51.517235+00:00,1779658131.5142214,dcs_bios_raw,RWR_LT_BRIGHT,53716,52706,-1010,,,,,,,,,,no,no,unmapped_raw_key
P02,without_tutor,T01,10476,2026-05-24T21:28:51.550783+00:00,1779658131.5477805,dcs_bios_raw,COCKKPIT_LIGHT_MODE_SW,2,1,-1,,,,,,,,,,no,no,unmapped_raw_key
P02,without_tutor,T01,10478,2026-05-24T21:28:51.649376+00:00,1779658131.6473758,dcs_bios_raw,RWR_LT_BRIGHT,52706,53716,1010,,,,,,,,,,no,no,unmapped_raw_key
P02,without_tutor,T01,10479,2026-05-24T21:28:51.783037+00:00,1779658131.7810378,dcs_bios_raw,RWR_LT_BRIGHT,53716,52706,-1010,,,,,,,,,,no,no,unmapped_raw_key
P02,without_tutor,T01,10480,2026-05-24T21:28:51.817089+00:00,1779658131.814079,dcs_bios_raw,COCKKPIT_LIGHT_MODE_SW,1,0,-1,,,,,,,,,,no,no,unmapped_raw_key
P02,without_tutor,T01,10481,2026-05-24T21:28:51.883667+00:00,1779658131.880669,dcs_bios_raw,RWR_LT_BRIGHT,52706,53714,1008,,,,,,,,,,no,no,unmapped_raw_key
P02,without_tutor,T01,10483,2026-05-24T21:28:52.022306+00:00,1779658132.020308,dcs_bios_raw,RWR_LT_BRIGHT,53714,52706,-1008,,,,,,,,,,no,no,unmapped_raw_key
P02,without_tutor,T01,10484,2026-05-24T21:28:52.135938+00:00,1779658132.1314294,dcs_bios_raw,RWR_LT_BRIGHT,52706,53683,977,,,,,,,,,,no,no,unmapped_raw_key
P02,without_tutor,T01,10485,2026-05-24T21:28:52.272160+00:00,1779658132.2701604,dcs_bios_raw,RWR_LT_BRIGHT,53683,52706,-977,,,,,,,,,,no,no,unmapped_raw_key
P02,without_tutor,T01,10486,2026-05-24T21:28:52.383817+00:00,1779658132.3808243,dcs_bios_raw,RWR_LT_BRIGHT,52706,53678,972,,,,,,,,,,no,no,unmapped_raw_key
P02,without_tutor,T01,10487,2026-05-24T21:28:52.488974+00:00,1779658132.4869742,dcs_bios_raw,RWR_LT_BRIGHT,53678,52706,-972,,,,,,,,,,no,no,unmapped_raw_key
P02,without_tutor,T01,10488,2026-05-24T21:28:52.594112+00:00,1779658132.5916104,dcs_bios_raw,RWR_LT_BRIGHT,52706,53678,972,,,,,,,,,,no,no,unmapped_raw_key
P02,without_tutor,T01,10489,2026-05-24T21:28:52.738841+00:00,1779658132.7368412,dcs_bios_raw,RWR_LT_BRIGHT,53678,52706,-972,,,,,,,,,,no,no,unmapped_raw_key
P02,without_tutor,T01,10490,2026-05-24T21:28:52.844998+00:00,1779658132.8424828,dcs_bios_raw,RWR_LT_BRIGHT,52706,53678,972,,,,,,,,,,no,no,unmapped_raw_key
P02,without_tutor,T01,10491,2026-05-24T21:28:52.991205+00:00,1779658132.9872053,dcs_bios_raw,RWR_LT_BRIGHT,53678,52706,-972,,,,,,,,,,no,no,unmapped_raw_key
P02,without_tutor,T01,10492,2026-05-24T21:28:53.094347+00:00,1779658133.0918348,dcs_bios_raw,RWR_LT_BRIGHT,52706,53678,972,,,,,,,,,,no,no,unmapped_raw_key
P02,without_tutor,T01,10493,2026-05-24T21:28:53.199978+00:00,1779658133.197978,dcs_bios_raw,RWR_LT_BRIGHT,53678,52706,-972,,,,,,,,,,no,no,unmapped_raw_key
P02,without_tutor,T01,10494,2026-05-24T21:28:53.344166+00:00,1779658133.3416562,dcs_bios_raw,RWR_LT_BRIGHT,52706,53678,972,,,,,,,,,,no,no,unmapped_raw_key
P02,without_tutor,T01,10495,2026-05-24T21:28:53.449850+00:00,1779658133.447851,dcs_bios_raw,RWR_LT_BRIGHT,53678,52706,-972,,,,,,,,,,no,no,unmapped_raw_key
P02,without_tutor,T01,10496,2026-05-24T21:28:53.561006+00:00,1779658133.559007,dcs_bios_raw,RWR_LT_BRIGHT,52706,53678,972,,,,,,,,,,no,no,unmapped_raw_key
P02,without_tutor,T01,10497,2026-05-24T21:28:53.667138+00:00,1779658133.6641333,dcs_bios_raw,LIGHTS_TEST_SW,0,1,1,lights_test_button,S07,,,,,,,,no,no,
P02,without_tutor,T01,10498,2026-05-24T21:28:53.702193+00:00,1779658133.6981926,dcs_bios_raw,RWR_LT_BRIGHT,53678,52706,-972,,,,,,,,,,no,no,unmapped_raw_key
P02,without_tutor,T01,10500,2026-05-24T21:28:53.806364+00:00,1779658133.8038568,dcs_bios_raw,RWR_LT_BRIGHT,52706,53508,802,,,,,,,,,,no,no,unmapped_raw_key
P02,without_tutor,T01,10501,2026-05-24T21:28:53.951053+00:00,1779658133.9480608,dcs_bios_raw,RWR_LT_BRIGHT,53508,52706,-802,,,,,,,,,,no,no,unmapped_raw_key
P02,without_tutor,T01,10503,2026-05-24T21:28:54.056230+00:00,1779658134.0537148,dcs_bios_raw,RWR_LT_BRIGHT,52706,53479,773,,,,,,,,,,no,no,unmapped_raw_key
P02,without_tutor,T01,10504,2026-05-24T21:28:54.166321+00:00,1779658134.1643145,dcs_bios_raw,RWR_LT_BRIGHT,53479,52706,-773,,,,,,,,,,no,no,unmapped_raw_key
P02,without_tutor,T01,10505,2026-05-24T21:28:54.305527+00:00,1779658134.3030226,dcs_bios_raw,RWR_LT_BRIGHT,52706,53479,773,,,,,,,,,,no,no,unmapped_raw_key
P02,without_tutor,T01,10506,2026-05-24T21:28:54.411204+00:00,1779658134.409205,dcs_bios_raw,RWR_LT_BRIGHT,53479,52706,-773,,,,,,,,,,no,no,unmapped_raw_key
P02,without_tutor,T01,10508,2026-05-24T21:28:54.516338+00:00,1779658134.514334,dcs_bios_raw,RWR_LT_BRIGHT,52706,53479,773,,,,,,,,,,no,no,unmapped_raw_key
P02,without_tutor,T01,10510,2026-05-24T21:28:54.650561+00:00,1779658134.647562,dcs_bios_raw,RWR_LT_BRIGHT,53479,52705,-774,,,,,,,,,,no,no,unmapped_raw_key
P02,without_tutor,T01,10511,2026-05-24T21:28:54.783760+00:00,1779658134.781251,dcs_bios_raw,RWR_LT_BRIGHT,52705,53479,774,,,,,,,,,,no,no,unmapped_raw_key
P02,without_tutor,T01,10513,2026-05-24T21:28:54.883911+00:00,1779658134.8809092,dcs_bios_raw,RWR_LT_BRIGHT,53479,52706,-773,,,,,,,,,,no,no,unmapped_raw_key
P02,without_tutor,T01,10515,2026-05-24T21:28:55.022596+00:00,1779658135.020604,dcs_bios_raw,RWR_LT_BRIGHT,52706,53479,773,,,,,,,,,,no,no,unmapped_raw_key
P02,without_tutor,T01,10516,2026-05-24T21:28:55.133770+00:00,1779658135.1307716,dcs_bios_raw,RWR_LT_BRIGHT,53479,52706,-773,,,,,,,,,,no,no,unmapped_raw_key
P02,without_tutor,T01,10517,2026-05-24T21:28:55.272481+00:00,1779658135.2694805,dcs_bios_raw,RWR_LT_BRIGHT,52706,53479,773,,,,,,,,,,no,no,unmapped_raw_key
P02,without_tutor,T01,10518,2026-05-24T21:28:55.379649+00:00,1779658135.3766418,dcs_bios_raw,RWR_LT_BRIGHT,53479,52706,-773,,,,,,,,,,no,no,unmapped_raw_key
P02,without_tutor,T01,10519,2026-05-24T21:28:55.490309+00:00,1779658135.4873064,dcs_bios_raw,RWR_LT_BRIGHT,52706,53479,773,,,,,,,,,,no,no,unmapped_raw_key
P02,without_tutor,T01,10520,2026-05-24T21:28:55.627986+00:00,1779658135.625986,dcs_bios_raw,RWR_LT_BRIGHT,53479,52706,-773,,,,,,,,,,no,no,unmapped_raw_key
P02,without_tutor,T01,10522,2026-05-24T21:28:55.735168+00:00,1779658135.7316635,dcs_bios_raw,RWR_LT_BRIGHT,52706,53479,773,,,,,,,,,,no,no,unmapped_raw_key
P02,without_tutor,T01,10524,2026-05-24T21:28:55.841870+00:00,1779658135.8368704,dcs_bios_raw,RWR_LT_BRIGHT,53479,52705,-774,,,,,,,,,,no,no,unmapped_raw_key
P02,without_tutor,T01,10525,2026-05-24T21:28:55.984598+00:00,1779658135.982094,dcs_bios_raw,RWR_LT_BRIGHT,52705,53479,774,,,,,,,,,,no,no,unmapped_raw_key
P02,without_tutor,T01,10527,2026-05-24T21:28:56.092789+00:00,1779658136.087791,dcs_bios_raw,RWR_LT_BRIGHT,53479,52706,-773,,,,,,,,,,no,no,unmapped_raw_key
P02,without_tutor,T01,10529,2026-05-24T21:28:56.196452+00:00,1779658136.1929376,dcs_bios_raw,RWR_LT_BRIGHT,52706,53479,773,,,,,,,,,,no,no,unmapped_raw_key
P02,without_tutor,T01,10530,2026-05-24T21:28:56.339634+00:00,1779658136.3366346,dcs_bios_raw,RWR_LT_BRIGHT,53479,52706,-773,,,,,,,,,,no,no,unmapped_raw_key
P02,without_tutor,T01,10531,2026-05-24T21:28:56.450790+00:00,1779658136.4477909,dcs_bios_raw,LIGHTS_TEST_SW,1,0,-1,lights_test_button,S07,,,,,,,,no,no,
P02,without_tutor,T01,10531,2026-05-24T21:28:56.450790+00:00,1779658136.4477909,dcs_bios_raw,RWR_LT_BRIGHT,52706,53479,773,,,,,,,,,,no,no,unmapped_raw_key
P02,without_tutor,T01,10533,2026-05-24T21:28:56.556926+00:00,1779658136.553914,dcs_bios_raw,RWR_LT_BRIGHT,53479,52706,-773,,,,,,,,,,no,no,unmapped_raw_key
P02,without_tutor,T01,10534,2026-05-24T21:28:56.696118+00:00,1779658136.6926136,dcs_bios_raw,RWR_LT_BRIGHT,52706,53649,943,,,,,,,,,,no,no,unmapped_raw_key
P02,without_tutor,T01,10535,2026-05-24T21:28:56.806221+00:00,1779658136.8042161,dcs_bios_raw,RWR_LT_BRIGHT,53649,52706,-943,,,,,,,,,,no,no,unmapped_raw_key
P02,without_tutor,T01,10536,2026-05-24T21:28:56.944971+00:00,1779658136.942467,dcs_bios_raw,RWR_LT_BRIGHT,52706,53678,972,,,,,,,,,,no,no,unmapped_raw_key
P02,without_tutor,T01,10538,2026-05-24T21:28:57.059591+00:00,1779658137.0545866,dcs_bios_raw,RWR_LT_BRIGHT,53678,52706,-972,,,,,,,,,,no,no,unmapped_raw_key
P02,without_tutor,T01,10539,2026-05-24T21:28:57.162691+00:00,1779658137.159692,dcs_bios_raw,RWR_LT_BRIGHT,52706,53678,972,,,,,,,,,,no,no,unmapped_raw_key
P02,without_tutor,T01,10540,2026-05-24T21:28:57.306348+00:00,1779658137.3038409,dcs_bios_raw,RWR_LT_BRIGHT,53678,52706,-972,,,,,,,,,,no,no,unmapped_raw_key
P02,without_tutor,T01,10541,2026-05-24T21:28:57.411468+00:00,1779658137.4094682,dcs_bios_raw,RWR_LT_BRIGHT,52706,53678,972,,,,,,,,,,no,no,unmapped_raw_key
P02,without_tutor,T01,10542,2026-05-24T21:28:57.517120+00:00,1779658137.515118,dcs_bios_raw,RWR_LT_BRIGHT,53678,52706,-972,,,,,,,,,,no,no,unmapped_raw_key
P02,without_tutor,T01,10543,2026-05-24T21:28:57.661299+00:00,1779658137.6593003,dcs_bios_raw,RWR_LT_BRIGHT,52706,53678,972,,,,,,,,,,no,no,unmapped_raw_key
P02,without_tutor,T01,10544,2026-05-24T21:28:57.767462+00:00,1779658137.76546,dcs_bios_raw,RWR_LT_BRIGHT,53678,52706,-972,,,,,,,,,,no,no,unmapped_raw_key
P02,without_tutor,T01,10545,2026-05-24T21:28:57.911643+00:00,1779658137.9096518,dcs_bios_raw,RWR_LT_BRIGHT,52706,53678,972,,,,,,,,,,no,no,unmapped_raw_key
P02,without_tutor,T01,10547,2026-05-24T21:28:58.016859+00:00,1779658138.0148644,dcs_bios_raw,RWR_LT_BRIGHT,53678,52706,-972,,,,,,,,,,no,no,unmapped_raw_key
P02,without_tutor,T01,10548,2026-05-24T21:28:58.128982+00:00,1779658138.1259823,dcs_bios_raw,RWR_LT_BRIGHT,52706,53678,972,,,,,,,,,,no,no,unmapped_raw_key
P02,without_tutor,T01,10549,2026-05-24T21:28:58.268634+00:00,1779658138.2656322,dcs_bios_raw,RWR_LT_BRIGHT,53678,52706,-972,,,,,,,,,,no,no,unmapped_raw_key
P02,without_tutor,T01,10550,2026-05-24T21:28:58.368267+00:00,1779658138.366268,dcs_bios_raw,RWR_LT_BRIGHT,52706,53678,972,,,,,,,,,,no,no,unmapped_raw_key
P02,without_tutor,T01,10551,2026-05-24T21:28:58.513968+00:00,1779658138.5114737,dcs_bios_raw,RWR_LT_BRIGHT,53678,52706,-972,,,,,,,,,,no,no,unmapped_raw_key
P02,without_tutor,T01,10552,2026-05-24T21:28:58.619128+00:00,1779658138.6161358,dcs_bios_raw,RWR_LT_BRIGHT,52706,53678,972,,,,,,,,,,no,no,unmapped_raw_key
P02,without_tutor,T01,10553,2026-05-24T21:28:58.724287+00:00,1779658138.7217765,dcs_bios_raw,RWR_LT_BRIGHT,53678,52706,-972,,,,,,,,,,no,no,unmapped_raw_key
P02,without_tutor,T01,10554,2026-05-24T21:28:58.868976+00:00,1779658138.8659763,dcs_bios_raw,RWR_LT_BRIGHT,52706,53678,972,,,,,,,,,,no,no,unmapped_raw_key
P02,without_tutor,T01,10555,2026-05-24T21:28:58.977135+00:00,1779658138.9716213,dcs_bios_raw,RWR_LT_BRIGHT,53678,52706,-972,,,,,,,,,,no,no,unmapped_raw_key
P02,without_tutor,T01,10556,2026-05-24T21:28:59.085258+00:00,1779658139.082747,dcs_bios_raw,RWR_LT_BRIGHT,52706,53678,972,,,,,,,,,,no,no,unmapped_raw_key
P02,without_tutor,T01,10557,2026-05-24T21:28:59.224507+00:00,1779658139.222006,dcs_bios_raw,RWR_LT_BRIGHT,53678,52706,-972,,,,,,,,,,no,no,unmapped_raw_key
P02,without_tutor,T01,10558,2026-05-24T21:28:59.335667+00:00,1779658139.332163,dcs_bios_raw,RWR_LT_BRIGHT,52706,53678,972,,,,,,,,,,no,no,unmapped_raw_key
P02,without_tutor,T01,10559,2026-05-24T21:28:59.440335+00:00,1779658139.4383428,dcs_bios_raw,RWR_LT_BRIGHT,53678,52706,-972,,,,,,,,,,no,no,unmapped_raw_key
P02,without_tutor,T01,10560,2026-05-24T21:28:59.588057+00:00,1779658139.5830402,dcs_bios_raw,RWR_LT_BRIGHT,52706,53678,972,,,,,,,,,,no,no,unmapped_raw_key
P02,without_tutor,T01,10561,2026-05-24T21:28:59.685164+00:00,1779658139.6826475,dcs_bios_raw,RWR_LT_BRIGHT,53678,52706,-972,,,,,,,,,,no,no,unmapped_raw_key
P02,without_tutor,T01,10562,2026-05-24T21:28:59.824377+00:00,1779658139.8218644,dcs_bios_raw,RWR_LT_BRIGHT,52706,53678,972,,,,,,,,,,no,no,unmapped_raw_key
P02,without_tutor,T01,10563,2026-05-24T21:28:59.925022+00:00,1779658139.9215171,dcs_bios_raw,RWR_LT_BRIGHT,53678,52706,-972,,,,,,,,,,no,no,unmapped_raw_key
P02,without_tutor,T01,10565,2026-05-24T21:29:00.057288+00:00,1779658140.0552857,dcs_bios_raw,RWR_LT_BRIGHT,52706,53678,972,,,,,,,,,,no,no,unmapped_raw_key
P02,without_tutor,T01,10566,2026-05-24T21:29:00.157943+00:00,1779658140.1549418,dcs_bios_raw,RWR_LT_BRIGHT,53678,52706,-972,,,,,,,,,,no,no,unmapped_raw_key
P02,without_tutor,T01,10567,2026-05-24T21:29:00.296162+00:00,1779658140.2941568,dcs_bios_raw,RWR_LT_BRIGHT,52706,53678,972,,,,,,,,,,no,no,unmapped_raw_key
P02,without_tutor,T01,10568,2026-05-24T21:29:00.407300+00:00,1779658140.4052963,dcs_bios_raw,RWR_LT_BRIGHT,53678,52706,-972,,,,,,,,,,no,no,unmapped_raw_key
P02,without_tutor,T01,10569,2026-05-24T21:29:00.548029+00:00,1779658140.5440238,dcs_bios_raw,RWR_LT_BRIGHT,52706,53678,972,,,,,,,,,,no,no,unmapped_raw_key
P02,without_tutor,T01,10571,2026-05-24T21:29:00.652679+00:00,1779658140.6496792,dcs_bios_raw,RWR_LT_BRIGHT,53678,52706,-972,,,,,,,,,,no,no,unmapped_raw_key
P02,without_tutor,T01,10572,2026-05-24T21:29:00.763839+00:00,1779658140.7598398,dcs_bios_raw,RWR_LT_BRIGHT,52706,53675,969,,,,,,,,,,no,no,unmapped_raw_key
P02,without_tutor,T01,10573,2026-05-24T21:29:00.906590+00:00,1779658140.904586,dcs_bios_raw,RWR_LT_BRIGHT,53675,52706,-969,,,,,,,,,,no,no,unmapped_raw_key
P02,without_tutor,T01,10575,2026-05-24T21:29:01.012290+00:00,1779658141.00929,dcs_bios_raw,RWR_LT_BRIGHT,52706,53674,968,,,,,,,,,,no,no,unmapped_raw_key
P02,without_tutor,T01,10576,2026-05-24T21:29:01.123951+00:00,1779658141.1214492,dcs_bios_raw,RWR_LT_BRIGHT,53674,52706,-968,,,,,,,,,,no,no,unmapped_raw_key
P02,without_tutor,T01,10577,2026-05-24T21:29:01.269693+00:00,1779658141.2656817,dcs_bios_raw,RWR_LT_BRIGHT,52706,53674,968,,,,,,,,,,no,no,unmapped_raw_key
P02,without_tutor,T01,10578,2026-05-24T21:29:01.373867+00:00,1779658141.3713646,dcs_bios_raw,RWR_LT_BRIGHT,53674,52706,-968,,,,,,,,,,no,no,unmapped_raw_key
P02,without_tutor,T01,10579,2026-05-24T21:29:01.479472+00:00,1779658141.4764726,dcs_bios_raw,RWR_LT_BRIGHT,52706,53674,968,,,,,,,,,,no,no,unmapped_raw_key
P02,without_tutor,T01,10580,2026-05-24T21:29:01.622690+00:00,1779658141.6206906,dcs_bios_raw,RWR_LT_BRIGHT,53674,52706,-968,,,,,,,,,,no,no,unmapped_raw_key
P02,without_tutor,T01,10581,2026-05-24T21:29:01.729937+00:00,1779658141.72693,dcs_bios_raw,RWR_LT_BRIGHT,52706,53674,968,,,,,,,,,,no,no,unmapped_raw_key
P02,without_tutor,T01,10582,2026-05-24T21:29:01.840132+00:00,1779658141.8381326,dcs_bios_raw,RWR_LT_BRIGHT,53674,52706,-968,,,,,,,,,,no,no,unmapped_raw_key
P02,without_tutor,T01,10583,2026-05-24T21:29:01.978841+00:00,1779658141.9768517,dcs_bios_raw,RWR_LT_BRIGHT,52706,53674,968,,,,,,,,,,no,no,unmapped_raw_key
P02,without_tutor,T01,10584,2026-05-24T21:29:02.085006+00:00,1779658142.0825,dcs_bios_raw,RWR_LT_BRIGHT,53674,52706,-968,,,,,,,,,,no,no,unmapped_raw_key
P02,without_tutor,T01,10585,2026-05-24T21:29:02.218746+00:00,1779658142.2167466,dcs_bios_raw,RWR_LT_BRIGHT,52706,53674,968,,,,,,,,,,no,no,unmapped_raw_key
P02,without_tutor,T01,10586,2026-05-24T21:29:02.318374+00:00,1779658142.3153632,dcs_bios_raw,RWR_LT_BRIGHT,53674,52706,-968,,,,,,,,,,no,no,unmapped_raw_key
P02,without_tutor,T01,10587,2026-05-24T21:29:02.451568+00:00,1779658142.448576,dcs_bios_raw,RWR_LT_BRIGHT,52706,53674,968,,,,,,,,,,no,no,unmapped_raw_key
P02,without_tutor,T01,10588,2026-05-24T21:29:02.590215+00:00,1779658142.5882158,dcs_bios_raw,RWR_LT_BRIGHT,53674,52706,-968,,,,,,,,,,no,no,unmapped_raw_key
P02,without_tutor,T01,10589,2026-05-24T21:29:02.689839+00:00,1779658142.6878471,dcs_bios_raw,RWR_LT_BRIGHT,52706,53674,968,,,,,,,,,,no,no,unmapped_raw_key
P02,without_tutor,T01,10590,2026-05-24T21:29:02.801509+00:00,1779658142.7995102,dcs_bios_raw,RWR_LT_BRIGHT,53674,52706,-968,,,,,,,,,,no,no,unmapped_raw_key
P02,without_tutor,T01,10591,2026-05-24T21:29:02.947730+00:00,1779658142.943222,dcs_bios_raw,RWR_LT_BRIGHT,52706,53674,968,,,,,,,,,,no,no,unmapped_raw_key
P02,without_tutor,T01,10593,2026-05-24T21:29:03.051395+00:00,1779658143.049395,dcs_bios_raw,RWR_LT_BRIGHT,53674,52706,-968,,,,,,,,,,no,no,unmapped_raw_key
P02,without_tutor,T01,10594,2026-05-24T21:29:03.162017+00:00,1779658143.1600175,dcs_bios_raw,RWR_LT_BRIGHT,52706,53674,968,,,,,,,,,,no,no,unmapped_raw_key
P02,without_tutor,T01,10595,2026-05-24T21:29:03.301159+00:00,1779658143.299159,dcs_bios_raw,RWR_LT_BRIGHT,53674,52706,-968,,,,,,,,,,no,no,unmapped_raw_key
P02,without_tutor,T01,10596,2026-05-24T21:29:03.412767+00:00,1779658143.4097674,dcs_bios_raw,RWR_LT_BRIGHT,52706,53674,968,,,,,,,,,,no,no,unmapped_raw_key
P02,without_tutor,T01,10597,2026-05-24T21:29:03.551890+00:00,1779658143.5488904,dcs_bios_raw,RWR_LT_BRIGHT,53674,52706,-968,,,,,,,,,,no,no,unmapped_raw_key
P02,without_tutor,T01,10598,2026-05-24T21:29:03.662989+00:00,1779658143.6599896,dcs_bios_raw,RWR_LT_BRIGHT,52706,53674,968,,,,,,,,,,no,no,unmapped_raw_key
P02,without_tutor,T01,10599,2026-05-24T21:29:03.762589+00:00,1779658143.7595897,dcs_bios_raw,RWR_LT_BRIGHT,53674,52706,-968,,,,,,,,,,no,no,unmapped_raw_key
P02,without_tutor,T01,10600,2026-05-24T21:29:03.907254+00:00,1779658143.9042487,dcs_bios_raw,RWR_LT_BRIGHT,52706,53674,968,,,,,,,,,,no,no,unmapped_raw_key
P02,without_tutor,T01,10602,2026-05-24T21:29:04.013854+00:00,1779658144.0103514,dcs_bios_raw,RWR_LT_BRIGHT,53674,52706,-968,,,,,,,,,,no,no,unmapped_raw_key
P02,without_tutor,T01,10603,2026-05-24T21:29:04.123949+00:00,1779658144.120949,dcs_bios_raw,RWR_LT_BRIGHT,52706,53674,968,,,,,,,,,,no,no,unmapped_raw_key
P02,without_tutor,T01,10604,2026-05-24T21:29:04.263111+00:00,1779658144.2601113,dcs_bios_raw,RWR_LT_BRIGHT,53674,52706,-968,,,,,,,,,,no,no,unmapped_raw_key
P02,without_tutor,T01,10605,2026-05-24T21:29:04.372746+00:00,1779658144.3707392,dcs_bios_raw,RWR_LT_BRIGHT,52706,53674,968,,,,,,,,,,no,no,unmapped_raw_key
P02,without_tutor,T01,10606,2026-05-24T21:29:04.479354+00:00,1779658144.476354,dcs_bios_raw,RWR_LT_BRIGHT,53674,52706,-968,,,,,,,,,,no,no,unmapped_raw_key
P02,without_tutor,T01,10607,2026-05-24T21:29:04.622521+00:00,1779658144.6205215,dcs_bios_raw,RWR_LT_BRIGHT,52706,53674,968,,,,,,,,,,no,no,unmapped_raw_key
P02,without_tutor,T01,10608,2026-05-24T21:29:04.734661+00:00,1779658144.7321467,dcs_bios_raw,RWR_LT_BRIGHT,53674,52706,-968,,,,,,,,,,no,no,unmapped_raw_key
P02,without_tutor,T01,10609,2026-05-24T21:29:04.840749+00:00,1779658144.8377497,dcs_bios_raw,RWR_LT_BRIGHT,52706,53674,968,,,,,,,,,,no,no,unmapped_raw_key
P02,without_tutor,T01,10610,2026-05-24T21:29:04.980887+00:00,1779658144.976886,dcs_bios_raw,RWR_LT_BRIGHT,53674,52706,-968,,,,,,,,,,no,no,unmapped_raw_key
P02,without_tutor,T01,10612,2026-05-24T21:29:05.090000+00:00,1779658145.0880003,dcs_bios_raw,RWR_LT_BRIGHT,52706,53674,968,,,,,,,,,,no,no,unmapped_raw_key
P02,without_tutor,T01,10613,2026-05-24T21:29:05.195631+00:00,1779658145.1931264,dcs_bios_raw,RWR_LT_BRIGHT,53674,52706,-968,,,,,,,,,,no,no,unmapped_raw_key
P02,without_tutor,T01,10614,2026-05-24T21:29:05.340767+00:00,1779658145.3377593,dcs_bios_raw,RWR_LT_BRIGHT,52706,53674,968,,,,,,,,,,no,no,unmapped_raw_key
P02,without_tutor,T01,10615,2026-05-24T21:29:05.445359+00:00,1779658145.4428556,dcs_bios_raw,RWR_LT_BRIGHT,53674,52706,-968,,,,,,,,,,no,no,unmapped_raw_key
P02,without_tutor,T01,10616,2026-05-24T21:29:05.592007+00:00,1779658145.5880072,dcs_bios_raw,RWR_LT_BRIGHT,52706,53674,968,,,,,,,,,,no,no,unmapped_raw_key
P02,without_tutor,T01,10617,2026-05-24T21:29:05.695609+00:00,1779658145.6926038,dcs_bios_raw,RWR_LT_BRIGHT,53674,52706,-968,,,,,,,,,,no,no,unmapped_raw_key
P02,without_tutor,T01,10618,2026-05-24T21:29:05.801236+00:00,1779658145.799236,dcs_bios_raw,RWR_LT_BRIGHT,52706,53674,968,,,,,,,,,,no,no,unmapped_raw_key
P02,without_tutor,T01,10619,2026-05-24T21:29:05.945397+00:00,1779658145.9428911,dcs_bios_raw,RWR_LT_BRIGHT,53674,52706,-968,,,,,,,,,,no,no,unmapped_raw_key
P02,without_tutor,T01,10621,2026-05-24T21:29:06.051031+00:00,1779658146.0490317,dcs_bios_raw,RWR_LT_BRIGHT,52706,53674,968,,,,,,,,,,no,no,unmapped_raw_key
P02,without_tutor,T01,10622,2026-05-24T21:29:06.162654+00:00,1779658146.1596544,dcs_bios_raw,RWR_LT_BRIGHT,53674,52706,-968,,,,,,,,,,no,no,unmapped_raw_key
P02,without_tutor,T01,10623,2026-05-24T21:29:06.301819+00:00,1779658146.2988262,dcs_bios_raw,RWR_LT_BRIGHT,52706,53674,968,,,,,,,,,,no,no,unmapped_raw_key
P02,without_tutor,T01,10624,2026-05-24T21:29:06.412936+00:00,1779658146.4099371,dcs_bios_raw,RWR_LT_BRIGHT,53674,52706,-968,,,,,,,,,,no,no,unmapped_raw_key
P02,without_tutor,T01,10625,2026-05-24T21:29:06.546571+00:00,1779658146.5430574,dcs_bios_raw,RWR_LT_BRIGHT,52706,53674,968,,,,,,,,,,no,no,unmapped_raw_key
P02,without_tutor,T01,10626,2026-05-24T21:29:06.651156+00:00,1779658146.6491566,dcs_bios_raw,RWR_LT_BRIGHT,53674,52706,-968,,,,,,,,,,no,no,unmapped_raw_key
P02,without_tutor,T01,10627,2026-05-24T21:29:06.785788+00:00,1779658146.782279,dcs_bios_raw,RWR_LT_BRIGHT,52706,53674,968,,,,,,,,,,no,no,unmapped_raw_key
P02,without_tutor,T01,10628,2026-05-24T21:29:06.884380+00:00,1779658146.8818693,dcs_bios_raw,RWR_LT_BRIGHT,53674,52706,-968,,,,,,,,,,no,no,unmapped_raw_key
P02,without_tutor,T01,10629,2026-05-24T21:29:06.985986+00:00,1779658146.9824693,dcs_bios_raw,ENG_ANTIICE_SW,,2,2,,,,,,,,,,no,no,unmapped_raw_key
P02,without_tutor,T01,10630,2026-05-24T21:29:07.019031+00:00,1779658147.0160203,dcs_bios_raw,RWR_LT_BRIGHT,52706,53674,968,,,,,,,,,,no,no,unmapped_raw_key
P02,without_tutor,T01,10631,2026-05-24T21:29:07.122627+00:00,1779658147.1206279,dcs_bios_raw,RWR_LT_BRIGHT,53674,52706,-968,,,,,,,,,,no,no,unmapped_raw_key
P02,without_tutor,T01,10632,2026-05-24T21:29:07.262305+00:00,1779658147.2603054,dcs_bios_raw,RWR_LT_BRIGHT,52706,53685,979,,,,,,,,,,no,no,unmapped_raw_key
P02,without_tutor,T01,10633,2026-05-24T21:29:07.373946+00:00,1779658147.371444,dcs_bios_raw,RWR_LT_BRIGHT,53685,52706,-979,,,,,,,,,,no,no,unmapped_raw_key
P02,without_tutor,T01,10634,2026-05-24T21:29:07.512575+00:00,1779658147.5095754,dcs_bios_raw,RWR_LT_BRIGHT,52706,53687,981,,,,,,,,,,no,no,unmapped_raw_key
P02,without_tutor,T01,10635,2026-05-24T21:29:07.617683+00:00,1779658147.615676,dcs_bios_raw,RWR_LT_BRIGHT,53687,52706,-981,,,,,,,,,,no,no,unmapped_raw_key
P02,without_tutor,T01,10636,2026-05-24T21:29:07.728797+00:00,1779658147.7267973,dcs_bios_raw,RWR_LT_BRIGHT,52706,53687,981,,,,,,,,,,no,no,unmapped_raw_key
P02,without_tutor,T01,10637,2026-05-24T21:29:07.839894+00:00,1779658147.8378942,dcs_bios_raw,RWR_LT_BRIGHT,53687,52706,-981,,,,,,,,,,no,no,unmapped_raw_key
P02,without_tutor,T01,10638,2026-05-24T21:29:07.980512+00:00,1779658147.976512,dcs_bios_raw,RWR_LT_BRIGHT,52706,53687,981,,,,,,,,,,no,no,unmapped_raw_key
P02,without_tutor,T01,10639,2026-05-24T21:29:08.090620+00:00,1779658148.0876281,dcs_bios_raw,RWR_LT_BRIGHT,53687,52706,-981,,,,,,,,,,no,no,unmapped_raw_key
P02,without_tutor,T01,10640,2026-05-24T21:29:08.195733+00:00,1779658148.1932368,dcs_bios_raw,RWR_LT_BRIGHT,52706,53687,981,,,,,,,,,,no,no,unmapped_raw_key
P02,without_tutor,T01,10641,2026-05-24T21:29:08.339860+00:00,1779658148.3378606,dcs_bios_raw,RWR_LT_BRIGHT,53687,52706,-981,,,,,,,,,,no,no,unmapped_raw_key
P02,without_tutor,T01,10642,2026-05-24T21:29:08.445963+00:00,1779658148.4439607,dcs_bios_raw,RWR_LT_BRIGHT,52706,53687,981,,,,,,,,,,no,no,unmapped_raw_key
P02,without_tutor,T01,10643,2026-05-24T21:29:08.584597+00:00,1779658148.5820863,dcs_bios_raw,RWR_LT_BRIGHT,53687,52706,-981,,,,,,,,,,no,no,unmapped_raw_key
P02,without_tutor,T01,10644,2026-05-24T21:29:08.690202+00:00,1779658148.6882024,dcs_bios_raw,RWR_LT_BRIGHT,52706,53687,981,,,,,,,,,,no,no,unmapped_raw_key
P02,without_tutor,T01,10645,2026-05-24T21:29:08.801822+00:00,1779658148.7988195,dcs_bios_raw,RWR_LT_BRIGHT,53687,52706,-981,,,,,,,,,,no,no,unmapped_raw_key
P02,without_tutor,T01,10646,2026-05-24T21:29:08.945954+00:00,1779658148.9439514,dcs_bios_raw,RWR_LT_BRIGHT,52706,53687,981,,,,,,,,,,no,no,unmapped_raw_key
P02,without_tutor,T01,10648,2026-05-24T21:29:09.054048+00:00,1779658149.0485444,dcs_bios_raw,RWR_LT_BRIGHT,53687,52706,-981,,,,,,,,,,no,no,unmapped_raw_key
P02,without_tutor,T01,10649,2026-05-24T21:29:09.164146+00:00,1779658149.1596441,dcs_bios_raw,RWR_LT_BRIGHT,52706,53687,981,,,,,,,,,,no,no,unmapped_raw_key
P02,without_tutor,T01,10650,2026-05-24T21:29:09.301796+00:00,1779658149.2987936,dcs_bios_raw,RWR_LT_BRIGHT,53687,52706,-981,,,,,,,,,,no,no,unmapped_raw_key
P02,without_tutor,T01,10651,2026-05-24T21:29:09.412943+00:00,1779658149.409943,dcs_bios_raw,RWR_LT_BRIGHT,52706,53687,981,,,,,,,,,,no,no,unmapped_raw_key
P02,without_tutor,T01,10652,2026-05-24T21:29:09.552564+00:00,1779658149.549564,dcs_bios_raw,RWR_LT_BRIGHT,53687,52706,-981,,,,,,,,,,no,no,unmapped_raw_key
P02,without_tutor,T01,10653,2026-05-24T21:29:09.662655+00:00,1779658149.660655,dcs_bios_raw,RWR_LT_BRIGHT,52706,53687,981,,,,,,,,,,no,no,unmapped_raw_key
P02,without_tutor,T01,10654,2026-05-24T21:29:09.762280+00:00,1779658149.760281,dcs_bios_raw,RWR_LT_BRIGHT,53687,52706,-981,,,,,,,,,,no,no,unmapped_raw_key
P02,without_tutor,T01,10655,2026-05-24T21:29:09.912951+00:00,1779658149.9099514,dcs_bios_raw,RWR_LT_BRIGHT,52706,53687,981,,,,,,,,,,no,no,unmapped_raw_key
P02,without_tutor,T01,10657,2026-05-24T21:29:10.014040+00:00,1779658150.0105386,dcs_bios_raw,RWR_LT_BRIGHT,53687,52706,-981,,,,,,,,,,no,no,unmapped_raw_key
P02,without_tutor,T01,10658,2026-05-24T21:29:10.124132+00:00,1779658150.1216307,dcs_bios_raw,RWR_LT_BRIGHT,52706,53687,981,,,,,,,,,,no,no,unmapped_raw_key
P02,without_tutor,T01,10659,2026-05-24T21:29:10.262234+00:00,1779658150.2602339,dcs_bios_raw,RWR_LT_BRIGHT,53687,52706,-981,,,,,,,,,,no,no,unmapped_raw_key
P02,without_tutor,T01,10660,2026-05-24T21:29:10.373341+00:00,1779658150.3713422,dcs_bios_raw,RWR_LT_BRIGHT,52706,53687,981,,,,,,,,,,no,no,unmapped_raw_key
P02,without_tutor,T01,10661,2026-05-24T21:29:10.512461+00:00,1779658150.5104618,dcs_bios_raw,RWR_LT_BRIGHT,53687,52706,-981,,,,,,,,,,no,no,unmapped_raw_key
P02,without_tutor,T01,10662,2026-05-24T21:29:10.622575+00:00,1779658150.6205683,dcs_bios_raw,RWR_LT_BRIGHT,52706,53687,981,,,,,,,,,,no,no,unmapped_raw_key
P02,without_tutor,T01,10663,2026-05-24T21:29:10.734203+00:00,1779658150.732691,dcs_bios_raw,RWR_LT_BRIGHT,53687,52706,-981,,,,,,,,,,no,no,unmapped_raw_key
P02,without_tutor,T01,10664,2026-05-24T21:29:10.839824+00:00,1779658150.8378246,dcs_bios_raw,RWR_LT_BRIGHT,52706,53687,981,,,,,,,,,,no,no,unmapped_raw_key
P02,without_tutor,T01,10665,2026-05-24T21:29:10.979461+00:00,1779658150.9764693,dcs_bios_raw,RWR_LT_BRIGHT,53687,52706,-981,,,,,,,,,,no,no,unmapped_raw_key
P02,without_tutor,T01,10666,2026-05-24T21:29:11.090588+00:00,1779658151.087588,dcs_bios_raw,RWR_LT_BRIGHT,52706,53687,981,,,,,,,,,,no,no,unmapped_raw_key
P02,without_tutor,T01,10667,2026-05-24T21:29:11.195706+00:00,1779658151.193202,dcs_bios_raw,RWR_LT_BRIGHT,53687,52706,-981,,,,,,,,,,no,no,unmapped_raw_key
P02,without_tutor,T01,10668,2026-05-24T21:29:11.341855+00:00,1779658151.3378541,dcs_bios_raw,RWR_LT_BRIGHT,52706,53687,981,,,,,,,,,,no,no,unmapped_raw_key
P02,without_tutor,T01,10669,2026-05-24T21:29:11.445961+00:00,1779658151.4424562,dcs_bios_raw,RWR_LT_BRIGHT,53687,52706,-981,,,,,,,,,,no,no,unmapped_raw_key
P02,without_tutor,T01,10670,2026-05-24T21:29:11.591597+00:00,1779658151.5876038,dcs_bios_raw,RWR_LT_BRIGHT,52706,53687,981,,,,,,,,,,no,no,unmapped_raw_key
P02,without_tutor,T01,10671,2026-05-24T21:29:11.690201+00:00,1779658151.6882012,dcs_bios_raw,RWR_LT_BRIGHT,53687,52706,-981,,,,,,,,,,no,no,unmapped_raw_key
P02,without_tutor,T01,10672,2026-05-24T21:29:11.801819+00:00,1779658151.7993176,dcs_bios_raw,RWR_LT_BRIGHT,52706,53687,981,,,,,,,,,,no,no,unmapped_raw_key
P02,without_tutor,T01,10673,2026-05-24T21:29:11.945963+00:00,1779658151.943459,dcs_bios_raw,RWR_LT_BRIGHT,53687,52706,-981,,,,,,,,,,no,no,unmapped_raw_key
P02,without_tutor,T01,10675,2026-05-24T21:29:12.051587+00:00,1779658152.048587,dcs_bios_raw,RWR_LT_BRIGHT,52706,53687,981,,,,,,,,,,no,no,unmapped_raw_key
P02,without_tutor,T01,10676,2026-05-24T21:29:12.162694+00:00,1779658152.1596942,dcs_bios_raw,RWR_LT_BRIGHT,53687,52706,-981,,,,,,,,,,no,no,unmapped_raw_key
P02,without_tutor,T01,10677,2026-05-24T21:29:12.301820+00:00,1779658152.299318,dcs_bios_raw,RWR_LT_BRIGHT,52706,53687,981,,,,,,,,,,no,no,unmapped_raw_key
P02,without_tutor,T01,10678,2026-05-24T21:29:12.414428+00:00,1779658152.4099262,dcs_bios_raw,RWR_LT_BRIGHT,53687,52706,-981,,,,,,,,,,no,no,unmapped_raw_key
P02,without_tutor,T01,10679,2026-05-24T21:29:12.552598+00:00,1779658152.5495968,dcs_bios_raw,RWR_LT_BRIGHT,52706,53687,981,,,,,,,,,,no,no,unmapped_raw_key
P02,without_tutor,T01,10680,2026-05-24T21:29:12.662694+00:00,1779658152.6606946,dcs_bios_raw,RWR_LT_BRIGHT,53687,52706,-981,,,,,,,,,,no,no,unmapped_raw_key
P02,without_tutor,T01,10681,2026-05-24T21:29:12.764823+00:00,1779658152.7603195,dcs_bios_raw,RWR_LT_BRIGHT,52706,53687,981,,,,,,,,,,no,no,unmapped_raw_key
P02,without_tutor,T01,10682,2026-05-24T21:29:12.913015+00:00,1779658152.9100153,dcs_bios_raw,RWR_LT_BRIGHT,53687,52706,-981,,,,,,,,,,no,no,unmapped_raw_key
P02,without_tutor,T01,10684,2026-05-24T21:29:13.012113+00:00,1779658153.0101063,dcs_bios_raw,RWR_LT_BRIGHT,52706,53687,981,,,,,,,,,,no,no,unmapped_raw_key
P02,without_tutor,T01,10685,2026-05-24T21:29:13.124208+00:00,1779658153.1217008,dcs_bios_raw,RWR_LT_BRIGHT,53687,52706,-981,,,,,,,,,,no,no,unmapped_raw_key
P02,without_tutor,T01,10686,2026-05-24T21:29:13.262841+00:00,1779658153.259841,dcs_bios_raw,RWR_LT_BRIGHT,52706,53687,981,,,,,,,,,,no,no,unmapped_raw_key
P02,without_tutor,T01,10687,2026-05-24T21:29:13.374961+00:00,1779658153.3714452,dcs_bios_raw,RWR_LT_BRIGHT,53687,52706,-981,,,,,,,,,,no,no,unmapped_raw_key
P02,without_tutor,T01,10688,2026-05-24T21:29:13.479075+00:00,1779658153.4770765,dcs_bios_raw,RWR_LT_BRIGHT,52706,53687,981,,,,,,,,,,no,no,unmapped_raw_key
P02,without_tutor,T01,10689,2026-05-24T21:29:13.624719+00:00,1779658153.6212173,dcs_bios_raw,RWR_LT_BRIGHT,53687,52706,-981,,,,,,,,,,no,no,unmapped_raw_key
P02,without_tutor,T01,10690,2026-05-24T21:29:13.732325+00:00,1779658153.7273185,dcs_bios_raw,RWR_LT_BRIGHT,52706,53687,981,,,,,,,,,,no,no,unmapped_raw_key
P02,without_tutor,T01,10691,2026-05-24T21:29:13.840446+00:00,1779658153.837447,dcs_bios_raw,RWR_LT_BRIGHT,53687,52706,-981,,,,,,,,,,no,no,unmapped_raw_key
P02,without_tutor,T01,10692,2026-05-24T21:29:13.979101+00:00,1779658153.9771016,dcs_bios_raw,RWR_LT_BRIGHT,52706,53687,981,,,,,,,,,,no,no,unmapped_raw_key
P02,without_tutor,T01,10693,2026-05-24T21:29:14.091266+00:00,1779658154.0882592,dcs_bios_raw,RWR_LT_BRIGHT,53687,52706,-981,,,,,,,,,,no,no,unmapped_raw_key
P02,without_tutor,T01,10694,2026-05-24T21:29:14.195864+00:00,1779658154.193349,dcs_bios_raw,RWR_LT_BRIGHT,52706,53687,981,,,,,,,,,,no,no,unmapped_raw_key
P02,without_tutor,T01,10695,2026-05-24T21:29:14.340030+00:00,1779658154.338023,dcs_bios_raw,RWR_LT_BRIGHT,53687,52706,-981,,,,,,,,,,no,no,unmapped_raw_key
P02,without_tutor,T01,10696,2026-05-24T21:29:14.445620+00:00,1779658154.4431157,dcs_bios_raw,RWR_LT_BRIGHT,52706,53687,981,,,,,,,,,,no,no,unmapped_raw_key
P02,without_tutor,T01,10697,2026-05-24T21:29:14.590753+00:00,1779658154.5877533,dcs_bios_raw,RWR_LT_BRIGHT,53687,52706,-981,,,,,,,,,,no,no,unmapped_raw_key
P02,without_tutor,T01,10698,2026-05-24T21:29:14.696343+00:00,1779658154.6928358,dcs_bios_raw,RWR_LT_BRIGHT,52706,53687,981,,,,,,,,,,no,no,unmapped_raw_key
P02,without_tutor,T01,10699,2026-05-24T21:29:14.801414+00:00,1779658154.7994146,dcs_bios_raw,RWR_LT_BRIGHT,53687,52706,-981,,,,,,,,,,no,no,unmapped_raw_key
P02,without_tutor,T01,10700,2026-05-24T21:29:14.945556+00:00,1779658154.943052,dcs_bios_raw,RWR_LT_BRIGHT,52706,53687,981,,,,,,,,,,no,no,unmapped_raw_key
P02,without_tutor,T01,10702,2026-05-24T21:29:15.051646+00:00,1779658155.0486467,dcs_bios_raw,RWR_LT_BRIGHT,53687,52706,-981,,,,,,,,,,no,no,unmapped_raw_key
P02,without_tutor,T01,10703,2026-05-24T21:29:15.162245+00:00,1779658155.160245,dcs_bios_raw,RWR_LT_BRIGHT,52706,53687,981,,,,,,,,,,no,no,unmapped_raw_key
P02,without_tutor,T01,10704,2026-05-24T21:29:15.300897+00:00,1779658155.2989051,dcs_bios_raw,RWR_LT_BRIGHT,53687,52706,-981,,,,,,,,,,no,no,unmapped_raw_key
P02,without_tutor,T01,10705,2026-05-24T21:29:15.412496+00:00,1779658155.410496,dcs_bios_raw,RWR_LT_BRIGHT,52706,53687,981,,,,,,,,,,no,no,unmapped_raw_key
P02,without_tutor,T01,10706,2026-05-24T21:29:15.552117+00:00,1779658155.5491126,dcs_bios_raw,RWR_LT_BRIGHT,53687,52706,-981,,,,,,,,,,no,no,unmapped_raw_key
P02,without_tutor,T01,10707,2026-05-24T21:29:15.663224+00:00,1779658155.6602256,dcs_bios_raw,RWR_LT_BRIGHT,52706,53687,981,,,,,,,,,,no,no,unmapped_raw_key
P02,without_tutor,T01,10710,2026-05-24T21:29:15.762827+00:00,1779658155.7598276,dcs_bios_raw,RWR_LT_BRIGHT,53687,52706,-981,,,,,,,,,,no,no,unmapped_raw_key
P02,without_tutor,T01,10711,2026-05-24T21:29:15.912493+00:00,1779658155.9104934,dcs_bios_raw,RWR_LT_BRIGHT,52706,53687,981,,,,,,,,,,no,no,unmapped_raw_key
P02,without_tutor,T01,10714,2026-05-24T21:29:16.012605+00:00,1779658156.0106049,dcs_bios_raw,RWR_LT_BRIGHT,53687,52706,-981,,,,,,,,,,no,no,unmapped_raw_key
P02,without_tutor,T01,10715,2026-05-24T21:29:16.125701+00:00,1779658156.1211967,dcs_bios_raw,RWR_LT_BRIGHT,52706,53687,981,,,,,,,,,,no,no,unmapped_raw_key
P02,without_tutor,T01,10716,2026-05-24T21:29:16.262342+00:00,1779658156.2603428,dcs_bios_raw,RWR_LT_BRIGHT,53687,52706,-981,,,,,,,,,,no,no,unmapped_raw_key
P02,without_tutor,T01,10717,2026-05-24T21:29:16.374484+00:00,1779658156.371964,dcs_bios_raw,RWR_LT_BRIGHT,52706,53687,981,,,,,,,,,,no,no,unmapped_raw_key
P02,without_tutor,T01,10718,2026-05-24T21:29:16.479579+00:00,1779658156.4765787,dcs_bios_raw,RWR_LT_BRIGHT,53687,52706,-981,,,,,,,,,,no,no,unmapped_raw_key
P02,without_tutor,T01,10719,2026-05-24T21:29:16.618687+00:00,1779658156.615686,dcs_bios_raw,RWR_LT_BRIGHT,52706,53687,981,,,,,,,,,,no,no,unmapped_raw_key
P02,without_tutor,T01,10720,2026-05-24T21:29:16.729781+00:00,1779658156.7267814,dcs_bios_raw,RWR_LT_BRIGHT,53687,52706,-981,,,,,,,,,,no,no,unmapped_raw_key
P02,without_tutor,T01,10721,2026-05-24T21:29:16.842927+00:00,1779658156.8389275,dcs_bios_raw,RWR_LT_BRIGHT,52706,53687,981,,,,,,,,,,no,no,unmapped_raw_key
P02,without_tutor,T01,10722,2026-05-24T21:29:16.979575+00:00,1779658156.9765744,dcs_bios_raw,RWR_LT_BRIGHT,53687,52706,-981,,,,,,,,,,no,no,unmapped_raw_key
P02,without_tutor,T01,10723,2026-05-24T21:29:17.090691+00:00,1779658157.0876908,dcs_bios_raw,RWR_LT_BRIGHT,52706,53687,981,,,,,,,,,,no,no,unmapped_raw_key
P02,without_tutor,T01,10724,2026-05-24T21:29:17.230815+00:00,1779658157.2268152,dcs_bios_raw,RWR_LT_BRIGHT,53687,52706,-981,,,,,,,,,,no,no,unmapped_raw_key
P02,without_tutor,T01,10725,2026-05-24T21:29:17.340930+00:00,1779658157.3379302,dcs_bios_raw,RWR_LT_BRIGHT,52706,53687,981,,,,,,,,,,no,no,unmapped_raw_key
P02,without_tutor,T01,10726,2026-05-24T21:29:17.440548+00:00,1779658157.4385476,dcs_bios_raw,RWR_LT_BRIGHT,53687,52706,-981,,,,,,,,,,no,no,unmapped_raw_key
P02,without_tutor,T01,10727,2026-05-24T21:29:17.585691+00:00,1779658157.583178,dcs_bios_raw,RWR_LT_BRIGHT,52706,53687,981,,,,,,,,,,no,no,unmapped_raw_key
P02,without_tutor,T01,10728,2026-05-24T21:29:17.690277+00:00,1779658157.6882775,dcs_bios_raw,RWR_LT_BRIGHT,53687,52706,-981,,,,,,,,,,no,no,unmapped_raw_key
P02,without_tutor,T01,10729,2026-05-24T21:29:17.803372+00:00,1779658157.7993717,dcs_bios_raw,RWR_LT_BRIGHT,52706,53687,981,,,,,,,,,,no,no,unmapped_raw_key
P02,without_tutor,T01,10730,2026-05-24T21:29:17.948017+00:00,1779658157.9435105,dcs_bios_raw,RWR_LT_BRIGHT,53687,52706,-981,,,,,,,,,,no,no,unmapped_raw_key
P02,without_tutor,T01,10732,2026-05-24T21:29:18.051640+00:00,1779658158.0486398,dcs_bios_raw,RWR_LT_BRIGHT,52706,53687,981,,,,,,,,,,no,no,unmapped_raw_key
P02,without_tutor,T01,10733,2026-05-24T21:29:18.157739+00:00,1779658158.1547346,dcs_bios_raw,RWR_LT_BRIGHT,53687,52706,-981,,,,,,,,,,no,no,unmapped_raw_key
P02,without_tutor,T01,10734,2026-05-24T21:29:18.301382+00:00,1779658158.2993822,dcs_bios_raw,RWR_LT_BRIGHT,52706,53687,981,,,,,,,,,,no,no,unmapped_raw_key
P02,without_tutor,T01,10735,2026-05-24T21:29:18.408009+00:00,1779658158.4055,dcs_bios_raw,RWR_LT_BRIGHT,53687,52706,-981,,,,,,,,,,no,no,unmapped_raw_key
P02,without_tutor,T01,10736,2026-05-24T21:29:18.551647+00:00,1779658158.549647,dcs_bios_raw,RWR_LT_BRIGHT,52706,53687,981,,,,,,,,,,no,no,unmapped_raw_key
P02,without_tutor,T01,10737,2026-05-24T21:29:18.662742+00:00,1779658158.659742,dcs_bios_raw,RWR_LT_BRIGHT,53687,52706,-981,,,,,,,,,,no,no,unmapped_raw_key
P02,without_tutor,T01,10738,2026-05-24T21:29:18.762342+00:00,1779658158.7603426,dcs_bios_raw,RWR_LT_BRIGHT,52706,53687,981,,,,,,,,,,no,no,unmapped_raw_key
P02,without_tutor,T01,10739,2026-05-24T21:29:18.913017+00:00,1779658158.910017,dcs_bios_raw,RWR_LT_BRIGHT,53687,52706,-981,,,,,,,,,,no,no,unmapped_raw_key
P02,without_tutor,T01,10741,2026-05-24T21:29:19.012612+00:00,1779658159.0106127,dcs_bios_raw,RWR_LT_BRIGHT,52706,53687,981,,,,,,,,,,no,no,unmapped_raw_key
P02,without_tutor,T01,10742,2026-05-24T21:29:19.124193+00:00,1779658159.1216927,dcs_bios_raw,RWR_LT_BRIGHT,53687,52706,-981,,,,,,,,,,no,no,unmapped_raw_key
P02,without_tutor,T01,10743,2026-05-24T21:29:19.264332+00:00,1779658159.2603302,dcs_bios_raw,RWR_LT_BRIGHT,52706,53687,981,,,,,,,,,,no,no,unmapped_raw_key
P02,without_tutor,T01,10744,2026-05-24T21:29:19.373463+00:00,1779658159.3714635,dcs_bios_raw,RWR_LT_BRIGHT,53687,52706,-981,,,,,,,,,,no,no,unmapped_raw_key
P02,without_tutor,T01,10745,2026-05-24T21:29:19.479568+00:00,1779658159.4765685,dcs_bios_raw,RWR_LT_BRIGHT,52706,53687,981,,,,,,,,,,no,no,unmapped_raw_key
P02,without_tutor,T01,10746,2026-05-24T21:29:19.618735+00:00,1779658159.6157331,dcs_bios_raw,RWR_LT_BRIGHT,53687,52706,-981,,,,,,,,,,no,no,unmapped_raw_key
P02,without_tutor,T01,10747,2026-05-24T21:29:19.729833+00:00,1779658159.726833,dcs_bios_raw,RWR_LT_BRIGHT,52706,53687,981,,,,,,,,,,no,no,unmapped_raw_key
P02,without_tutor,T01,10748,2026-05-24T21:29:19.869504+00:00,1779658159.8655014,dcs_bios_raw,RWR_LT_BRIGHT,53687,52706,-981,,,,,,,,,,no,no,unmapped_raw_key
P02,without_tutor,T01,10749,2026-05-24T21:29:19.979617+00:00,1779658159.976624,dcs_bios_raw,RWR_LT_BRIGHT,52706,53687,981,,,,,,,,,,no,no,unmapped_raw_key
P02,without_tutor,T01,10750,2026-05-24T21:29:20.090731+00:00,1779658160.0877306,dcs_bios_raw,RWR_LT_BRIGHT,53687,52706,-981,,,,,,,,,,no,no,unmapped_raw_key
P02,without_tutor,T01,10751,2026-05-24T21:29:20.229864+00:00,1779658160.2268634,dcs_bios_raw,RWR_LT_BRIGHT,52706,53687,981,,,,,,,,,,no,no,unmapped_raw_key
P02,without_tutor,T01,10752,2026-05-24T21:29:20.339987+00:00,1779658160.3379807,dcs_bios_raw,RWR_LT_BRIGHT,53687,52706,-981,,,,,,,,,,no,no,unmapped_raw_key
P02,without_tutor,T01,10753,2026-05-24T21:29:20.443574+00:00,1779658160.4385743,dcs_bios_raw,RWR_LT_BRIGHT,52706,53687,981,,,,,,,,,,no,no,unmapped_raw_key
P02,without_tutor,T01,10754,2026-05-24T21:29:20.590779+00:00,1779658160.58878,dcs_bios_raw,RWR_LT_BRIGHT,53687,52706,-981,,,,,,,,,,no,no,unmapped_raw_key
P02,without_tutor,T01,10755,2026-05-24T21:29:20.696876+00:00,1779658160.6933699,dcs_bios_raw,RWR_LT_BRIGHT,52706,53687,981,,,,,,,,,,no,no,unmapped_raw_key
P02,without_tutor,T01,10756,2026-05-24T21:29:20.801470+00:00,1779658160.7994707,dcs_bios_raw,RWR_LT_BRIGHT,53687,52706,-981,,,,,,,,,,no,no,unmapped_raw_key
P02,without_tutor,T01,10757,2026-05-24T21:29:20.940646+00:00,1779658160.9376466,dcs_bios_raw,RWR_LT_BRIGHT,52706,53687,981,,,,,,,,,,no,no,unmapped_raw_key
P02,without_tutor,T01,10759,2026-05-24T21:29:21.051754+00:00,1779658161.048754,dcs_bios_raw,RWR_LT_BRIGHT,53687,52706,-981,,,,,,,,,,no,no,unmapped_raw_key
P02,without_tutor,T01,10760,2026-05-24T21:29:21.156879+00:00,1779658161.1548738,dcs_bios_raw,RWR_LT_BRIGHT,52706,53687,981,,,,,,,,,,no,no,unmapped_raw_key
P02,without_tutor,T01,10761,2026-05-24T21:29:21.302533+00:00,1779658161.2995338,dcs_bios_raw,RWR_LT_BRIGHT,53687,52706,-981,,,,,,,,,,no,no,unmapped_raw_key
P02,without_tutor,T01,10762,2026-05-24T21:29:21.408660+00:00,1779658161.4046547,dcs_bios_raw,RWR_LT_BRIGHT,52706,53687,981,,,,,,,,,,no,no,unmapped_raw_key
P02,without_tutor,T01,10763,2026-05-24T21:29:21.551783+00:00,1779658161.5497832,dcs_bios_raw,RWR_LT_BRIGHT,53687,52706,-981,,,,,,,,,,no,no,unmapped_raw_key
P02,without_tutor,T01,10764,2026-05-24T21:29:21.657876+00:00,1779658161.6548724,dcs_bios_raw,RWR_LT_BRIGHT,52706,53687,981,,,,,,,,,,no,no,unmapped_raw_key
P02,without_tutor,T01,10765,2026-05-24T21:29:21.763500+00:00,1779658161.7605002,dcs_bios_raw,RWR_LT_BRIGHT,53687,52706,-981,,,,,,,,,,no,no,unmapped_raw_key
P02,without_tutor,T01,10766,2026-05-24T21:29:21.907642+00:00,1779658161.9046378,dcs_bios_raw,RWR_LT_BRIGHT,52706,53687,981,,,,,,,,,,no,no,unmapped_raw_key
P02,without_tutor,T01,10768,2026-05-24T21:29:22.012768+00:00,1779658162.010252,dcs_bios_raw,RWR_LT_BRIGHT,53687,52706,-981,,,,,,,,,,no,no,unmapped_raw_key
P02,without_tutor,T01,10769,2026-05-24T21:29:22.124380+00:00,1779658162.1218698,dcs_bios_raw,RWR_LT_BRIGHT,52706,53687,981,,,,,,,,,,no,no,unmapped_raw_key
P02,without_tutor,T01,10770,2026-05-24T21:29:22.263508+00:00,1779658162.2615075,dcs_bios_raw,RWR_LT_BRIGHT,53687,52706,-981,,,,,,,,,,no,no,unmapped_raw_key
P02,without_tutor,T01,10771,2026-05-24T21:29:22.375149+00:00,1779658162.3716407,dcs_bios_raw,RWR_LT_BRIGHT,52706,53687,981,,,,,,,,,,no,no,unmapped_raw_key
P02,without_tutor,T01,10772,2026-05-24T21:29:22.480750+00:00,1779658162.4777493,dcs_bios_raw,RWR_LT_BRIGHT,53687,52706,-981,,,,,,,,,,no,no,unmapped_raw_key
P02,without_tutor,T01,10773,2026-05-24T21:29:22.625400+00:00,1779658162.622896,dcs_bios_raw,RWR_LT_BRIGHT,52706,53687,981,,,,,,,,,,no,no,unmapped_raw_key
P02,without_tutor,T01,10774,2026-05-24T21:29:22.729997+00:00,1779658162.7279975,dcs_bios_raw,RWR_LT_BRIGHT,53687,52706,-981,,,,,,,,,,no,no,unmapped_raw_key
P02,without_tutor,T01,10775,2026-05-24T21:29:22.868623+00:00,1779658162.8666227,dcs_bios_raw,RWR_LT_BRIGHT,52706,53687,981,,,,,,,,,,no,no,unmapped_raw_key
P02,without_tutor,T01,10776,2026-05-24T21:29:22.980222+00:00,1779658162.97723,dcs_bios_raw,RWR_LT_BRIGHT,53687,52706,-981,,,,,,,,,,no,no,unmapped_raw_key
P02,without_tutor,T01,10777,2026-05-24T21:29:23.092832+00:00,1779658163.0888317,dcs_bios_raw,RWR_LT_BRIGHT,52706,53687,981,,,,,,,,,,no,no,unmapped_raw_key
P02,without_tutor,T01,10778,2026-05-24T21:29:23.197444+00:00,1779658163.1944385,dcs_bios_raw,RWR_LT_BRIGHT,53687,52706,-981,,,,,,,,,,no,no,unmapped_raw_key
P02,without_tutor,T01,10779,2026-05-24T21:29:23.341083+00:00,1779658163.339083,dcs_bios_raw,RWR_LT_BRIGHT,52706,53687,981,,,,,,,,,,no,no,unmapped_raw_key
P02,without_tutor,T01,10780,2026-05-24T21:29:23.441666+00:00,1779658163.4396744,dcs_bios_raw,RWR_LT_BRIGHT,53687,52706,-981,,,,,,,,,,no,no,unmapped_raw_key
P02,without_tutor,T01,10781,2026-05-24T21:29:23.585814+00:00,1779658163.5833006,dcs_bios_raw,RWR_LT_BRIGHT,52706,53687,981,,,,,,,,,,no,no,unmapped_raw_key
P02,without_tutor,T01,10782,2026-05-24T21:29:23.690412+00:00,1779658163.688413,dcs_bios_raw,RWR_LT_BRIGHT,53687,52706,-981,,,,,,,,,,no,no,unmapped_raw_key
P02,without_tutor,T01,10783,2026-05-24T21:29:23.801530+00:00,1779658163.7995307,dcs_bios_raw,RWR_LT_BRIGHT,52706,53687,981,,,,,,,,,,no,no,unmapped_raw_key
P02,without_tutor,T01,10784,2026-05-24T21:29:23.948697+00:00,1779658163.9431913,dcs_bios_raw,RWR_LT_BRIGHT,53687,52706,-981,,,,,,,,,,no,no,unmapped_raw_key
P02,without_tutor,T01,10786,2026-05-24T21:29:24.046801+00:00,1779658164.0432944,dcs_bios_raw,RWR_LT_BRIGHT,52706,53687,981,,,,,,,,,,no,no,unmapped_raw_key
P02,without_tutor,T01,10787,2026-05-24T21:29:24.192928+00:00,1779658164.1879349,dcs_bios_raw,RWR_LT_BRIGHT,53687,52706,-981,,,,,,,,,,no,no,unmapped_raw_key
P02,without_tutor,T01,10788,2026-05-24T21:29:24.301524+00:00,1779658164.2995245,dcs_bios_raw,RWR_LT_BRIGHT,52706,53687,981,,,,,,,,,,no,no,unmapped_raw_key
P02,without_tutor,T01,10789,2026-05-24T21:29:24.413157+00:00,1779658164.4101567,dcs_bios_raw,RWR_LT_BRIGHT,53687,52706,-981,,,,,,,,,,no,no,unmapped_raw_key
P02,without_tutor,T01,10790,2026-05-24T21:29:24.551282+00:00,1779658164.5492828,dcs_bios_raw,RWR_LT_BRIGHT,52706,53687,981,,,,,,,,,,no,no,unmapped_raw_key
P02,without_tutor,T01,10791,2026-05-24T21:29:24.662883+00:00,1779658164.6608834,dcs_bios_raw,RWR_LT_BRIGHT,53687,52706,-981,,,,,,,,,,no,no,unmapped_raw_key
P02,without_tutor,T01,10792,2026-05-24T21:29:24.762987+00:00,1779658164.7599869,dcs_bios_raw,RWR_LT_BRIGHT,52706,53687,981,,,,,,,,,,no,no,unmapped_raw_key
P02,without_tutor,T01,10793,2026-05-24T21:29:24.907652+00:00,1779658164.904647,dcs_bios_raw,RWR_LT_BRIGHT,53687,52706,-981,,,,,,,,,,no,no,unmapped_raw_key
P02,without_tutor,T01,10795,2026-05-24T21:29:25.014755+00:00,1779658165.010252,dcs_bios_raw,RWR_LT_BRIGHT,52706,53687,981,,,,,,,,,,no,no,unmapped_raw_key
P02,without_tutor,T01,10796,2026-05-24T21:29:25.118842+00:00,1779658165.1158402,dcs_bios_raw,RWR_LT_BRIGHT,53687,52706,-981,,,,,,,,,,no,no,unmapped_raw_key
P02,without_tutor,T01,10797,2026-05-24T21:29:25.262965+00:00,1779658165.2599654,dcs_bios_raw,RWR_LT_BRIGHT,52706,53687,981,,,,,,,,,,no,no,unmapped_raw_key
P02,without_tutor,T01,10798,2026-05-24T21:29:25.368570+00:00,1779658165.3655677,dcs_bios_raw,RWR_LT_BRIGHT,53687,52706,-981,,,,,,,,,,no,no,unmapped_raw_key
P02,without_tutor,T01,10799,2026-05-24T21:29:25.512721+00:00,1779658165.5107217,dcs_bios_raw,RWR_LT_BRIGHT,52706,53687,981,,,,,,,,,,no,no,unmapped_raw_key
P02,without_tutor,T01,10800,2026-05-24T21:29:25.625337+00:00,1779658165.6218321,dcs_bios_raw,RWR_LT_BRIGHT,53687,52706,-981,,,,,,,,,,no,no,unmapped_raw_key
P02,without_tutor,T01,10801,2026-05-24T21:29:25.730939+00:00,1779658165.7269495,dcs_bios_raw,RWR_LT_BRIGHT,52706,53687,981,,,,,,,,,,no,no,unmapped_raw_key
P02,without_tutor,T01,10803,2026-05-24T21:29:25.868567+00:00,1779658165.8655655,dcs_bios_raw,RWR_LT_BRIGHT,53687,52706,-981,,,,,,,,,,no,no,unmapped_raw_key
P02,without_tutor,T01,10804,2026-05-24T21:29:25.979697+00:00,1779658165.9766972,dcs_bios_raw,RWR_LT_BRIGHT,52706,53684,978,,,,,,,,,,no,no,unmapped_raw_key
P02,without_tutor,T01,10805,2026-05-24T21:29:26.084788+00:00,1779658166.0822854,dcs_bios_raw,RWR_LT_BRIGHT,53684,52706,-978,,,,,,,,,,no,no,unmapped_raw_key
P02,without_tutor,T01,10806,2026-05-24T21:29:26.229440+00:00,1779658166.2274406,dcs_bios_raw,RWR_LT_BRIGHT,52706,53683,977,,,,,,,,,,no,no,unmapped_raw_key
P02,without_tutor,T01,10807,2026-05-24T21:29:26.341043+00:00,1779658166.3380508,dcs_bios_raw,RWR_LT_BRIGHT,53683,52706,-977,,,,,,,,,,no,no,unmapped_raw_key
P02,without_tutor,T01,10808,2026-05-24T21:29:26.440159+00:00,1779658166.438167,dcs_bios_raw,RWR_LT_BRIGHT,52706,53683,977,,,,,,,,,,no,no,unmapped_raw_key
P02,without_tutor,T01,10809,2026-05-24T21:29:26.585307+00:00,1779658166.5827873,dcs_bios_raw,RWR_LT_BRIGHT,53683,52706,-977,,,,,,,,,,no,no,unmapped_raw_key
P02,without_tutor,T01,10810,2026-05-24T21:29:26.690897+00:00,1779658166.6878974,dcs_bios_raw,RWR_LT_BRIGHT,52706,53683,977,,,,,,,,,,no,no,unmapped_raw_key
P02,without_tutor,T01,10811,2026-05-24T21:29:26.795984+00:00,1779658166.7934868,dcs_bios_raw,RWR_LT_BRIGHT,53683,52706,-977,,,,,,,,,,no,no,unmapped_raw_key
P02,without_tutor,T01,10812,2026-05-24T21:29:26.942117+00:00,1779658166.9391165,dcs_bios_raw,RWR_LT_BRIGHT,52706,53683,977,,,,,,,,,,no,no,unmapped_raw_key
P02,without_tutor,T01,10814,2026-05-24T21:29:27.046206+00:00,1779658167.0427012,dcs_bios_raw,RWR_LT_BRIGHT,53683,52706,-977,,,,,,,,,,no,no,unmapped_raw_key
P02,without_tutor,T01,10815,2026-05-24T21:29:27.190853+00:00,1779658167.1878536,dcs_bios_raw,RWR_LT_BRIGHT,52706,53683,977,,,,,,,,,,no,no,unmapped_raw_key
P02,without_tutor,T01,10816,2026-05-24T21:29:27.302965+00:00,1779658167.298965,dcs_bios_raw,RWR_LT_BRIGHT,53683,52706,-977,,,,,,,,,,no,no,unmapped_raw_key
P02,without_tutor,T01,10817,2026-05-24T21:29:27.407069+00:00,1779658167.4050634,dcs_bios_raw,RWR_LT_BRIGHT,52706,53683,977,,,,,,,,,,no,no,unmapped_raw_key
P02,without_tutor,T01,10818,2026-05-24T21:29:27.546208+00:00,1779658167.5427036,dcs_bios_raw,RWR_LT_BRIGHT,53683,52706,-977,,,,,,,,,,no,no,unmapped_raw_key
P02,without_tutor,T01,10819,2026-05-24T21:29:27.657318+00:00,1779658167.654314,dcs_bios_raw,RWR_LT_BRIGHT,52706,53683,977,,,,,,,,,,no,no,unmapped_raw_key
P02,without_tutor,T01,10820,2026-05-24T21:29:27.762903+00:00,1779658167.7599032,dcs_bios_raw,RWR_LT_BRIGHT,53683,52706,-977,,,,,,,,,,no,no,unmapped_raw_key
P02,without_tutor,T01,10821,2026-05-24T21:29:27.907039+00:00,1779658167.9050343,dcs_bios_raw,RWR_LT_BRIGHT,52706,53683,977,,,,,,,,,,no,no,unmapped_raw_key
P02,without_tutor,T01,10823,2026-05-24T21:29:28.012650+00:00,1779658168.0106509,dcs_bios_raw,RWR_LT_BRIGHT,53683,52706,-977,,,,,,,,,,no,no,unmapped_raw_key
P02,without_tutor,T01,10824,2026-05-24T21:29:28.118266+00:00,1779658168.1157637,dcs_bios_raw,RWR_LT_BRIGHT,52706,53683,977,,,,,,,,,,no,no,unmapped_raw_key
P02,without_tutor,T01,10825,2026-05-24T21:29:28.262920+00:00,1779658168.2599204,dcs_bios_raw,RWR_LT_BRIGHT,53683,52706,-977,,,,,,,,,,no,no,unmapped_raw_key
P02,without_tutor,T01,10826,2026-05-24T21:29:28.373048+00:00,1779658168.3720405,dcs_bios_raw,RWR_LT_BRIGHT,52706,53683,977,,,,,,,,,,no,no,unmapped_raw_key
P02,without_tutor,T01,10827,2026-05-24T21:29:28.512693+00:00,1779658168.5106936,dcs_bios_raw,RWR_LT_BRIGHT,53683,52706,-977,,,,,,,,,,no,no,unmapped_raw_key
P02,without_tutor,T01,10828,2026-05-24T21:29:28.619303+00:00,1779658168.6167977,dcs_bios_raw,RWR_LT_BRIGHT,52706,53683,977,,,,,,,,,,no,no,unmapped_raw_key
P02,without_tutor,T01,10829,2026-05-24T21:29:28.729403+00:00,1779658168.7274039,dcs_bios_raw,RWR_LT_BRIGHT,53683,52706,-977,,,,,,,,,,no,no,unmapped_raw_key
P02,without_tutor,T01,10830,2026-05-24T21:29:28.869041+00:00,1779658168.8660393,dcs_bios_raw,RWR_LT_BRIGHT,52706,53683,977,,,,,,,,,,no,no,unmapped_raw_key
P02,without_tutor,T01,10831,2026-05-24T21:29:28.979144+00:00,1779658168.9771523,dcs_bios_raw,RWR_LT_BRIGHT,53683,52706,-977,,,,,,,,,,no,no,unmapped_raw_key
P02,without_tutor,T01,10832,2026-05-24T21:29:29.085277+00:00,1779658169.082762,dcs_bios_raw,RWR_LT_BRIGHT,52706,53683,977,,,,,,,,,,no,no,unmapped_raw_key
P02,without_tutor,T01,10833,2026-05-24T21:29:29.229410+00:00,1779658169.2274084,dcs_bios_raw,RWR_LT_BRIGHT,53683,52706,-977,,,,,,,,,,no,no,unmapped_raw_key
P02,without_tutor,T01,10834,2026-05-24T21:29:29.335516+00:00,1779658169.3330116,dcs_bios_raw,RWR_LT_BRIGHT,52706,53683,977,,,,,,,,,,no,no,unmapped_raw_key
P02,without_tutor,T01,10835,2026-05-24T21:29:29.441091+00:00,1779658169.438099,dcs_bios_raw,RWR_LT_BRIGHT,53683,52706,-977,,,,,,,,,,no,no,unmapped_raw_key
P02,without_tutor,T01,10836,2026-05-24T21:29:29.590259+00:00,1779658169.588269,dcs_bios_raw,RWR_LT_BRIGHT,52706,53683,977,,,,,,,,,,no,no,unmapped_raw_key
P02,without_tutor,T01,10837,2026-05-24T21:29:29.690875+00:00,1779658169.6878753,dcs_bios_raw,RWR_LT_BRIGHT,53683,52706,-977,,,,,,,,,,no,no,unmapped_raw_key
P02,without_tutor,T01,10838,2026-05-24T21:29:29.801982+00:00,1779658169.7989824,dcs_bios_raw,RWR_LT_BRIGHT,52706,53683,977,,,,,,,,,,no,no,unmapped_raw_key
P02,without_tutor,T01,10839,2026-05-24T21:29:29.941129+00:00,1779658169.938129,dcs_bios_raw,RWR_LT_BRIGHT,53683,52706,-977,,,,,,,,,,no,no,unmapped_raw_key
P02,without_tutor,T01,10841,2026-05-24T21:29:30.015202+00:00,1779658170.0106957,dcs_bios_raw,SUIT_TEMP,,21291,21291,,,,,,,,,,no,no,unmapped_raw_key
P02,without_tutor,T01,10842,2026-05-24T21:29:30.046243+00:00,1779658170.0442395,dcs_bios_raw,SUIT_TEMP,21291,24021,2730,,,,,,,,,,no,no,unmapped_raw_key
P02,without_tutor,T01,10842,2026-05-24T21:29:30.046243+00:00,1779658170.0442395,dcs_bios_raw,RWR_LT_BRIGHT,52706,53683,977,,,,,,,,,,no,no,unmapped_raw_key
P02,without_tutor,T01,10843,2026-05-24T21:29:30.085296+00:00,1779658170.0827794,dcs_bios_raw,SUIT_TEMP,24021,25841,1820,,,,,,,,,,no,no,unmapped_raw_key
P02,without_tutor,T01,10844,2026-05-24T21:29:30.118829+00:00,1779658170.115827,dcs_bios_raw,SUIT_TEMP,25841,30937,5096,,,,,,,,,,no,no,unmapped_raw_key
P02,without_tutor,T01,10845,2026-05-24T21:29:30.160377+00:00,1779658170.155376,dcs_bios_raw,SUIT_TEMP,30937,34213,3276,,,,,,,,,,no,no,unmapped_raw_key
P02,without_tutor,T01,10846,2026-05-24T21:29:30.190908+00:00,1779658170.1889079,dcs_bios_raw,SUIT_TEMP,34213,38035,3822,,,,,,,,,,no,no,unmapped_raw_key
P02,without_tutor,T01,10846,2026-05-24T21:29:30.190908+00:00,1779658170.1889079,dcs_bios_raw,RWR_LT_BRIGHT,53683,52706,-977,,,,,,,,,,no,no,unmapped_raw_key
P02,without_tutor,T01,10847,2026-05-24T21:29:30.231442+00:00,1779658170.2274425,dcs_bios_raw,SUIT_TEMP,38035,41129,3094,,,,,,,,,,no,no,unmapped_raw_key
P02,without_tutor,T01,10848,2026-05-24T21:29:30.262962+00:00,1779658170.260962,dcs_bios_raw,SUIT_TEMP,41129,47136,6007,,,,,,,,,,no,no,unmapped_raw_key
P02,without_tutor,T01,10849,2026-05-24T21:29:30.297007+00:00,1779658170.2935002,dcs_bios_raw,SUIT_TEMP,47136,60243,13107,,,,,,,,,,no,no,unmapped_raw_key
P02,without_tutor,T01,10849,2026-05-24T21:29:30.297007+00:00,1779658170.2935002,dcs_bios_raw,RWR_LT_BRIGHT,52706,53683,977,,,,,,,,,,no,no,unmapped_raw_key
P02,without_tutor,T01,10850,2026-05-24T21:29:30.335538+00:00,1779658170.3330345,dcs_bios_raw,SUIT_TEMP,60243,65535,5292,,,,,,,,,,no,no,unmapped_raw_key
P02,without_tutor,T01,10851,2026-05-24T21:29:30.407094+00:00,1779658170.4050894,dcs_bios_raw,RWR_LT_BRIGHT,53683,52706,-977,,,,,,,,,,no,no,unmapped_raw_key
P02,without_tutor,T01,10852,2026-05-24T21:29:30.513674+00:00,1779658170.5106738,dcs_bios_raw,SUIT_TEMP,65535,64989,-546,,,,,,,,,,no,no,unmapped_raw_key
P02,without_tutor,T01,10853,2026-05-24T21:29:30.547208+00:00,1779658170.5437021,dcs_bios_raw,SUIT_TEMP,64989,63897,-1092,,,,,,,,,,no,no,unmapped_raw_key
P02,without_tutor,T01,10853,2026-05-24T21:29:30.547208+00:00,1779658170.5437021,dcs_bios_raw,RWR_LT_BRIGHT,52706,53683,977,,,,,,,,,,no,no,unmapped_raw_key
P02,without_tutor,T01,10854,2026-05-24T21:29:30.585235+00:00,1779658170.5827339,dcs_bios_raw,SUIT_TEMP,63897,61531,-2366,,,,,,,,,,no,no,unmapped_raw_key
P02,without_tutor,T01,10855,2026-05-24T21:29:30.620269+00:00,1779658170.6167665,dcs_bios_raw,SUIT_TEMP,61531,56798,-4733,,,,,,,,,,no,no,unmapped_raw_key
P02,without_tutor,T01,10856,2026-05-24T21:29:30.652797+00:00,1779658170.6497972,dcs_bios_raw,SUIT_TEMP,56798,53704,-3094,,,,,,,,,,no,no,unmapped_raw_key
P02,without_tutor,T01,10856,2026-05-24T21:29:30.652797+00:00,1779658170.6497972,dcs_bios_raw,RWR_LT_BRIGHT,53683,52706,-977,,,,,,,,,,no,no,unmapped_raw_key
P02,without_tutor,T01,10857,2026-05-24T21:29:30.685832+00:00,1779658170.683319,dcs_bios_raw,SUIT_TEMP,53704,51520,-2184,,,,,,,,,,no,no,unmapped_raw_key
P02,without_tutor,T01,10858,2026-05-24T21:29:30.724368+00:00,1779658170.721866,dcs_bios_raw,SUIT_TEMP,51520,49336,-2184,,,,,,,,,,no,no,unmapped_raw_key
P02,without_tutor,T01,10859,2026-05-24T21:29:30.762896+00:00,1779658170.760896,dcs_bios_raw,SUIT_TEMP,49336,45696,-3640,,,,,,,,,,no,no,unmapped_raw_key
P02,without_tutor,T01,10859,2026-05-24T21:29:30.762896+00:00,1779658170.760896,dcs_bios_raw,RWR_LT_BRIGHT,52706,53683,977,,,,,,,,,,no,no,unmapped_raw_key
P02,without_tutor,T01,10860,2026-05-24T21:29:30.796938+00:00,1779658170.794432,dcs_bios_raw,SUIT_TEMP,45696,41146,-4550,,,,,,,,,,no,no,unmapped_raw_key
P02,without_tutor,T01,10861,2026-05-24T21:29:30.835485+00:00,1779658170.83298,dcs_bios_raw,SUIT_TEMP,41146,36413,-4733,,,,,,,,,,no,no,unmapped_raw_key
P02,without_tutor,T01,10862,2026-05-24T21:29:30.869010+00:00,1779658170.8660083,dcs_bios_raw,SUIT_TEMP,36413,28767,-7646,,,,,,,,,,no,no,unmapped_raw_key
P02,without_tutor,T01,10863,2026-05-24T21:29:30.908048+00:00,1779658170.905043,dcs_bios_raw,SUIT_TEMP,28767,24399,-4368,,,,,,,,,,no,no,unmapped_raw_key
P02,without_tutor,T01,10863,2026-05-24T21:29:30.908048+00:00,1779658170.905043,dcs_bios_raw,RWR_LT_BRIGHT,53683,52706,-977,,,,,,,,,,no,no,unmapped_raw_key
P02,without_tutor,T01,10864,2026-05-24T21:29:30.941083+00:00,1779658170.9380834,dcs_bios_raw,SUIT_TEMP,24399,20941,-3458,,,,,,,,,,no,no,unmapped_raw_key
P02,without_tutor,T01,10865,2026-05-24T21:29:30.977111+00:00,1779658170.9716127,dcs_bios_raw,SUIT_TEMP,20941,20289,-652,,,,,,,,,,no,no,unmapped_raw_key
P02,without_tutor,T01,10866,2026-05-24T21:29:31.016151+00:00,1779658171.0106459,dcs_bios_raw,SUIT_TEMP,20289,20107,-182,,,,,,,,,,no,no,unmapped_raw_key
P02,without_tutor,T01,10866,2026-05-24T21:29:31.016151+00:00,1779658171.0106459,dcs_bios_raw,RWR_LT_BRIGHT,52706,53683,977,,,,,,,,,,no,no,unmapped_raw_key
P02,without_tutor,T01,10867,2026-05-24T21:29:31.118757+00:00,1779658171.1157548,dcs_bios_raw,RWR_LT_BRIGHT,53683,52706,-977,,,,,,,,,,no,no,unmapped_raw_key
P02,without_tutor,T01,10868,2026-05-24T21:29:31.262905+00:00,1779658171.2609053,dcs_bios_raw,RWR_LT_BRIGHT,52706,53683,977,,,,,,,,,,no,no,unmapped_raw_key
P02,without_tutor,T01,10869,2026-05-24T21:29:31.369029+00:00,1779658171.3660274,dcs_bios_raw,RWR_LT_BRIGHT,53683,52706,-977,,,,,,,,,,no,no,unmapped_raw_key
P02,without_tutor,T01,10870,2026-05-24T21:29:31.513656+00:00,1779658171.5106575,dcs_bios_raw,RWR_LT_BRIGHT,52706,53683,977,,,,,,,,,,no,no,unmapped_raw_key
P02,without_tutor,T01,10871,2026-05-24T21:29:31.619754+00:00,1779658171.6167543,dcs_bios_raw,RWR_LT_BRIGHT,53683,52706,-977,,,,,,,,,,no,no,unmapped_raw_key
P02,without_tutor,T01,10872,2026-05-24T21:29:31.725363+00:00,1779658171.7218556,dcs_bios_raw,RWR_LT_BRIGHT,52706,53683,977,,,,,,,,,,no,no,unmapped_raw_key
P02,without_tutor,T01,10873,2026-05-24T21:29:31.869032+00:00,1779658171.8660305,dcs_bios_raw,RWR_LT_BRIGHT,53683,52706,-977,,,,,,,,,,no,no,unmapped_raw_key
P02,without_tutor,T01,10874,2026-05-24T21:29:31.974608+00:00,1779658171.9716074,dcs_bios_raw,RWR_LT_BRIGHT,52706,53683,977,,,,,,,,,,no,no,unmapped_raw_key
P02,without_tutor,T01,10875,2026-05-24T21:29:32.047184+00:00,1779658172.043677,dcs_bios_raw,CABIN_TEMP,,21291,21291,,,,,,,,,,no,no,unmapped_raw_key
P02,without_tutor,T01,10876,2026-05-24T21:29:32.087216+00:00,1779658172.0827088,dcs_bios_raw,CABIN_TEMP,21291,23839,2548,,,,,,,,,,no,no,unmapped_raw_key
P02,without_tutor,T01,10876,2026-05-24T21:29:32.087216+00:00,1779658172.0827088,dcs_bios_raw,RWR_LT_BRIGHT,53683,52706,-977,,,,,,,,,,no,no,unmapped_raw_key
P02,without_tutor,T01,10877,2026-05-24T21:29:32.118748+00:00,1779658172.1167488,dcs_bios_raw,CABIN_TEMP,23839,27115,3276,,,,,,,,,,no,no,unmapped_raw_key
P02,without_tutor,T01,10878,2026-05-24T21:29:32.158310+00:00,1779658172.155301,dcs_bios_raw,CABIN_TEMP,27115,29299,2184,,,,,,,,,,no,no,unmapped_raw_key
P02,without_tutor,T01,10879,2026-05-24T21:29:32.190832+00:00,1779658172.1888323,dcs_bios_raw,CABIN_TEMP,29299,31847,2548,,,,,,,,,,no,no,unmapped_raw_key
P02,without_tutor,T01,10880,2026-05-24T21:29:32.224367+00:00,1779658172.2218616,dcs_bios_raw,CABIN_TEMP,31847,33302,1455,,,,,,,,,,no,no,unmapped_raw_key
P02,without_tutor,T01,10880,2026-05-24T21:29:32.224367+00:00,1779658172.2218616,dcs_bios_raw,RWR_LT_BRIGHT,52706,53683,977,,,,,,,,,,no,no,unmapped_raw_key
P02,without_tutor,T01,10881,2026-05-24T21:29:32.262892+00:00,1779658172.2608926,dcs_bios_raw,CABIN_TEMP,33302,34030,728,,,,,,,,,,no,no,unmapped_raw_key
P02,without_tutor,T01,10882,2026-05-24T21:29:32.296937+00:00,1779658172.294428,dcs_bios_raw,CABIN_TEMP,34030,33954,-76,,,,,,,,,,no,no,unmapped_raw_key
P02,without_tutor,T01,10883,2026-05-24T21:29:32.335490+00:00,1779658172.3329732,dcs_bios_raw,RWR_LT_BRIGHT,53683,52706,-977,,,,,,,,,,no,no,unmapped_raw_key
P02,without_tutor,T01,10884,2026-05-24T21:29:32.441093+00:00,1779658172.4380934,dcs_bios_raw,RWR_LT_BRIGHT,52706,53683,977,,,,,,,,,,no,no,unmapped_raw_key
P02,without_tutor,T01,10885,2026-05-24T21:29:32.587234+00:00,1779658172.5827272,dcs_bios_raw,RWR_LT_BRIGHT,53683,52706,-977,,,,,,,,,,no,no,unmapped_raw_key
P02,without_tutor,T01,10886,2026-05-24T21:29:32.691828+00:00,1779658172.688829,dcs_bios_raw,CABIN_TEMP,33954,32938,-1016,,,,,,,,,,no,no,unmapped_raw_key
P02,without_tutor,T01,10886,2026-05-24T21:29:32.691828+00:00,1779658172.688829,dcs_bios_raw,RWR_LT_BRIGHT,52706,53683,977,,,,,,,,,,no,no,unmapped_raw_key
P02,without_tutor,T01,10887,2026-05-24T21:29:32.724353+00:00,1779658172.7213485,dcs_bios_raw,CABIN_TEMP,32938,31665,-1273,,,,,,,,,,no,no,unmapped_raw_key
P02,without_tutor,T01,10888,2026-05-24T21:29:32.764383+00:00,1779658172.760879,dcs_bios_raw,CABIN_TEMP,31665,30391,-1274,,,,,,,,,,no,no,unmapped_raw_key
P02,without_tutor,T01,10889,2026-05-24T21:29:32.796911+00:00,1779658172.7944033,dcs_bios_raw,CABIN_TEMP,30391,29193,-1198,,,,,,,,,,no,no,unmapped_raw_key
P02,without_tutor,T01,10889,2026-05-24T21:29:32.796911+00:00,1779658172.7944033,dcs_bios_raw,RWR_LT_BRIGHT,53683,52706,-977,,,,,,,,,,no,no,unmapped_raw_key
P02,without_tutor,T01,10890,2026-05-24T21:29:32.837448+00:00,1779658172.832941,dcs_bios_raw,CABIN_TEMP,29193,28465,-728,,,,,,,,,,no,no,unmapped_raw_key
P02,without_tutor,T01,10891,2026-05-24T21:29:32.869975+00:00,1779658172.8659716,dcs_bios_raw,CABIN_TEMP,28465,27191,-1274,,,,,,,,,,no,no,unmapped_raw_key
P02,without_tutor,T01,10892,2026-05-24T21:29:32.908001+00:00,1779658172.904997,dcs_bios_raw,CABIN_TEMP,27191,26281,-910,,,,,,,,,,no,no,unmapped_raw_key
P02,without_tutor,T01,10893,2026-05-24T21:29:32.941027+00:00,1779658172.9390273,dcs_bios_raw,CABIN_TEMP,26281,25629,-652,,,,,,,,,,no,no,unmapped_raw_key
P02,without_tutor,T01,10893,2026-05-24T21:29:32.941027+00:00,1779658172.9390273,dcs_bios_raw,RWR_LT_BRIGHT,52706,53683,977,,,,,,,,,,no,no,unmapped_raw_key
P02,without_tutor,T01,10894,2026-05-24T21:29:32.974552+00:00,1779658172.971553,dcs_bios_raw,CABIN_TEMP,25629,24901,-728,,,,,,,,,,no,no,unmapped_raw_key
P02,without_tutor,T01,10895,2026-05-24T21:29:33.013585+00:00,1779658173.0105848,dcs_bios_raw,CABIN_TEMP,24901,24977,76,,,,,,,,,,no,no,unmapped_raw_key
P02,without_tutor,T01,10896,2026-05-24T21:29:33.047119+00:00,1779658173.043612,dcs_bios_raw,CABIN_TEMP,24977,24689,-288,,,,,,,,,,no,no,unmapped_raw_key
P02,without_tutor,T01,10896,2026-05-24T21:29:33.047119+00:00,1779658173.043612,dcs_bios_raw,RWR_LT_BRIGHT,53683,52706,-977,,,,,,,,,,no,no,unmapped_raw_key
P02,without_tutor,T01,10897,2026-05-24T21:29:33.085153+00:00,1779658173.0826423,dcs_bios_raw,CABIN_TEMP,24689,24143,-546,,,,,,,,,,no,no,unmapped_raw_key
P02,without_tutor,T01,10898,2026-05-24T21:29:33.118679+00:00,1779658173.1156769,dcs_bios_raw,CABIN_TEMP,24143,23779,-364,,,,,,,,,,no,no,unmapped_raw_key
P02,without_tutor,T01,10899,2026-05-24T21:29:33.157217+00:00,1779658173.1552134,dcs_bios_raw,CABIN_TEMP,23779,23597,-182,,,,,,,,,,no,no,unmapped_raw_key
P02,without_tutor,T01,10900,2026-05-24T21:29:33.190739+00:00,1779658173.1887398,dcs_bios_raw,CABIN_TEMP,23597,22945,-652,,,,,,,,,,no,no,unmapped_raw_key
P02,without_tutor,T01,10900,2026-05-24T21:29:33.190739+00:00,1779658173.1887398,dcs_bios_raw,RWR_LT_BRIGHT,52706,53683,977,,,,,,,,,,no,no,unmapped_raw_key
P02,without_tutor,T01,10901,2026-05-24T21:29:33.229300+00:00,1779658173.227301,dcs_bios_raw,CABIN_TEMP,22945,22293,-652,,,,,,,,,,no,no,unmapped_raw_key
P02,without_tutor,T01,10902,2026-05-24T21:29:33.262821+00:00,1779658173.260822,dcs_bios_raw,CABIN_TEMP,22293,20913,-1380,,,,,,,,,,no,no,unmapped_raw_key
P02,without_tutor,T01,10903,2026-05-24T21:29:33.296863+00:00,1779658173.2943568,dcs_bios_raw,CABIN_TEMP,20913,19715,-1198,,,,,,,,,,no,no,unmapped_raw_key
P02,without_tutor,T01,10903,2026-05-24T21:29:33.296863+00:00,1779658173.2943568,dcs_bios_raw,RWR_LT_BRIGHT,53683,52706,-977,,,,,,,,,,no,no,unmapped_raw_key
P02,without_tutor,T01,10904,2026-05-24T21:29:33.335892+00:00,1779658173.3333874,dcs_bios_raw,CABIN_TEMP,19715,18881,-834,,,,,,,,,,no,no,unmapped_raw_key
P02,without_tutor,T01,10905,2026-05-24T21:29:33.369421+00:00,1779658173.3664193,dcs_bios_raw,CABIN_TEMP,18881,18487,-394,,,,,,,,,,no,no,unmapped_raw_key
P02,without_tutor,T01,10906,2026-05-24T21:29:33.407459+00:00,1779658173.4044528,dcs_bios_raw,CABIN_TEMP,18487,18381,-106,,,,,,,,,,no,no,unmapped_raw_key
P02,without_tutor,T01,10906,2026-05-24T21:29:33.407459+00:00,1779658173.4044528,dcs_bios_raw,RWR_LT_BRIGHT,52706,53683,977,,,,,,,,,,no,no,unmapped_raw_key
P02,without_tutor,T01,10907,2026-05-24T21:29:33.440983+00:00,1779658173.4389834,dcs_bios_raw,CABIN_TEMP,18381,18275,-106,,,,,,,,,,no,no,unmapped_raw_key
P02,without_tutor,T01,10908,2026-05-24T21:29:33.546584+00:00,1779658173.5430777,dcs_bios_raw,RWR_LT_BRIGHT,53683,52706,-977,,,,,,,,,,no,no,unmapped_raw_key
P02,without_tutor,T01,10909,2026-05-24T21:29:33.658185+00:00,1779658173.6551769,dcs_bios_raw,RWR_LT_BRIGHT,52706,53683,977,,,,,,,,,,no,no,unmapped_raw_key
P02,without_tutor,T01,10910,2026-05-24T21:29:33.763295+00:00,1779658173.760295,dcs_bios_raw,RWR_LT_BRIGHT,53683,52706,-977,,,,,,,,,,no,no,unmapped_raw_key
P02,without_tutor,T01,10911,2026-05-24T21:29:33.907428+00:00,1779658173.9054255,dcs_bios_raw,RWR_LT_BRIGHT,52706,53683,977,,,,,,,,,,no,no,unmapped_raw_key
P02,without_tutor,T01,10913,2026-05-24T21:29:34.014525+00:00,1779658174.0110214,dcs_bios_raw,RWR_LT_BRIGHT,53683,52706,-977,,,,,,,,,,no,no,unmapped_raw_key
P02,without_tutor,T01,10914,2026-05-24T21:29:34.119125+00:00,1779658174.1161232,dcs_bios_raw,RWR_LT_BRIGHT,52706,53683,977,,,,,,,,,,no,no,unmapped_raw_key
P02,without_tutor,T01,10915,2026-05-24T21:29:34.263281+00:00,1779658174.2602885,dcs_bios_raw,RWR_LT_BRIGHT,53683,52706,-977,,,,,,,,,,no,no,unmapped_raw_key
P02,without_tutor,T01,10916,2026-05-24T21:29:34.368428+00:00,1779658174.3664258,dcs_bios_raw,RWR_LT_BRIGHT,52706,53683,977,,,,,,,,,,no,no,unmapped_raw_key
P02,without_tutor,T01,10917,2026-05-24T21:29:34.513530+00:00,1779658174.510537,dcs_bios_raw,RWR_LT_BRIGHT,53683,52706,-977,,,,,,,,,,no,no,unmapped_raw_key
P02,without_tutor,T01,10918,2026-05-24T21:29:34.618143+00:00,1779658174.6161346,dcs_bios_raw,RWR_LT_BRIGHT,52706,53683,977,,,,,,,,,,no,no,unmapped_raw_key
P02,without_tutor,T01,10919,2026-05-24T21:29:34.729727+00:00,1779658174.7267277,dcs_bios_raw,RWR_LT_BRIGHT,53683,52706,-977,,,,,,,,,,no,no,unmapped_raw_key
P02,without_tutor,T01,10920,2026-05-24T21:29:34.868861+00:00,1779658174.865859,dcs_bios_raw,RWR_LT_BRIGHT,52706,53683,977,,,,,,,,,,no,no,unmapped_raw_key
P02,without_tutor,T01,10921,2026-05-24T21:29:34.979450+00:00,1779658174.9774513,dcs_bios_raw,RWR_LT_BRIGHT,53683,52706,-977,,,,,,,,,,no,no,unmapped_raw_key
P02,without_tutor,T01,10922,2026-05-24T21:29:35.085044+00:00,1779658175.0825346,dcs_bios_raw,RWR_LT_BRIGHT,52706,53683,977,,,,,,,,,,no,no,unmapped_raw_key
P02,without_tutor,T01,10923,2026-05-24T21:29:35.225152+00:00,1779658175.22165,dcs_bios_raw,RWR_LT_BRIGHT,53683,52706,-977,,,,,,,,,,no,no,unmapped_raw_key
P02,without_tutor,T01,10924,2026-05-24T21:29:35.335762+00:00,1779658175.3332565,dcs_bios_raw,RWR_LT_BRIGHT,52706,53683,977,,,,,,,,,,no,no,unmapped_raw_key
P02,without_tutor,T01,10925,2026-05-24T21:29:35.441392+00:00,1779658175.4383922,dcs_bios_raw,RWR_LT_BRIGHT,53683,52706,-977,,,,,,,,,,no,no,unmapped_raw_key
P02,without_tutor,T01,10926,2026-05-24T21:29:35.586027+00:00,1779658175.5825143,dcs_bios_raw,RWR_LT_BRIGHT,52706,53683,977,,,,,,,,,,no,no,unmapped_raw_key
P02,without_tutor,T01,10927,2026-05-24T21:29:35.693120+00:00,1779658175.6891205,dcs_bios_raw,RWR_LT_BRIGHT,53683,52706,-977,,,,,,,,,,no,no,unmapped_raw_key
P02,without_tutor,T01,10928,2026-05-24T21:29:35.796709+00:00,1779658175.7932026,dcs_bios_raw,RWR_LT_BRIGHT,52706,53683,977,,,,,,,,,,no,no,unmapped_raw_key
P02,without_tutor,T01,10929,2026-05-24T21:29:35.941335+00:00,1779658175.9383423,dcs_bios_raw,RWR_LT_BRIGHT,53683,52706,-977,,,,,,,,,,no,no,unmapped_raw_key
P02,without_tutor,T01,10931,2026-05-24T21:29:36.047430+00:00,1779658176.0444257,dcs_bios_raw,RWR_LT_BRIGHT,52706,53683,977,,,,,,,,,,no,no,unmapped_raw_key
P02,without_tutor,T01,10932,2026-05-24T21:29:36.191072+00:00,1779658176.1880722,dcs_bios_raw,RWR_LT_BRIGHT,53683,52706,-977,,,,,,,,,,no,no,unmapped_raw_key
P02,without_tutor,T01,10933,2026-05-24T21:29:36.299159+00:00,1779658176.293653,dcs_bios_raw,RWR_LT_BRIGHT,52706,53683,977,,,,,,,,,,no,no,unmapped_raw_key
P02,without_tutor,T01,10934,2026-05-24T21:29:36.403753+00:00,1779658176.3997529,dcs_bios_raw,RWR_LT_BRIGHT,53683,52706,-977,,,,,,,,,,no,no,unmapped_raw_key
P02,without_tutor,T01,10935,2026-05-24T21:29:36.542374+00:00,1779658176.5393717,dcs_bios_raw,RWR_LT_BRIGHT,52706,53683,977,,,,,,,,,,no,no,unmapped_raw_key
P02,without_tutor,T01,10936,2026-05-24T21:29:36.652978+00:00,1779658176.6499782,dcs_bios_raw,RWR_LT_BRIGHT,53683,52706,-977,,,,,,,,,,no,no,unmapped_raw_key
P02,without_tutor,T01,10937,2026-05-24T21:29:36.791141+00:00,1779658176.7891412,dcs_bios_raw,RWR_LT_BRIGHT,52706,53683,977,,,,,,,,,,no,no,unmapped_raw_key
P02,without_tutor,T01,10938,2026-05-24T21:29:36.902744+00:00,1779658176.8997447,dcs_bios_raw,RWR_LT_BRIGHT,53683,52706,-977,,,,,,,,,,no,no,unmapped_raw_key
P02,without_tutor,T01,10940,2026-05-24T21:29:37.002824+00:00,1779658177.0008242,dcs_bios_raw,RWR_LT_BRIGHT,52706,53683,977,,,,,,,,,,no,no,unmapped_raw_key
P02,without_tutor,T01,10941,2026-05-24T21:29:37.147516+00:00,1779658177.1445003,dcs_bios_raw,RWR_LT_BRIGHT,53683,52706,-977,,,,,,,,,,no,no,unmapped_raw_key
P02,without_tutor,T01,10942,2026-05-24T21:29:37.258626+00:00,1779658177.2556248,dcs_bios_raw,RWR_LT_BRIGHT,52706,53683,977,,,,,,,,,,no,no,unmapped_raw_key
P02,without_tutor,T01,10943,2026-05-24T21:29:37.366727+00:00,1779658177.3622162,dcs_bios_raw,RWR_LT_BRIGHT,53683,52706,-977,,,,,,,,,,no,no,unmapped_raw_key
P02,without_tutor,T01,10944,2026-05-24T21:29:37.508347+00:00,1779658177.505345,dcs_bios_raw,RWR_LT_BRIGHT,52706,53683,977,,,,,,,,,,no,no,unmapped_raw_key
P02,without_tutor,T01,10945,2026-05-24T21:29:37.612946+00:00,1779658177.6109457,dcs_bios_raw,RWR_LT_BRIGHT,53683,52706,-977,,,,,,,,,,no,no,unmapped_raw_key
P02,without_tutor,T01,10946,2026-05-24T21:29:37.722062+00:00,1779658177.7170625,dcs_bios_raw,RWR_LT_BRIGHT,52706,53683,977,,,,,,,,,,no,no,unmapped_raw_key
P02,without_tutor,T01,10948,2026-05-24T21:29:37.863190+00:00,1779658177.8611968,dcs_bios_raw,RWR_LT_BRIGHT,53683,52706,-977,,,,,,,,,,no,no,unmapped_raw_key
P02,without_tutor,T01,10950,2026-05-24T21:29:37.969290+00:00,1779658177.9672906,dcs_bios_raw,LEFT_LOUVER,,380,380,,,,,,,,,,no,no,unmapped_raw_key
P02,without_tutor,T01,10950,2026-05-24T21:29:37.969290+00:00,1779658177.9672906,dcs_bios_raw,RWR_LT_BRIGHT,52706,53686,980,,,,,,,,,,no,no,unmapped_raw_key
P02,without_tutor,T01,10951,2026-05-24T21:29:38.008321+00:00,1779658178.0053194,dcs_bios_raw,LEFT_LOUVER,380,0,-380,,,,,,,,,,no,no,unmapped_raw_key
P02,without_tutor,T01,10953,2026-05-24T21:29:38.080392+00:00,1779658178.0783925,dcs_bios_raw,RWR_LT_BRIGHT,53686,52706,-980,,,,,,,,,,no,no,unmapped_raw_key
P02,without_tutor,T01,10954,2026-05-24T21:29:38.225555+00:00,1779658178.2220492,dcs_bios_raw,RWR_LT_BRIGHT,52706,53687,981,,,,,,,,,,no,no,unmapped_raw_key
P02,without_tutor,T01,10955,2026-05-24T21:29:38.297624+00:00,1779658178.294614,dcs_bios_raw,LEFT_LOUVER,0,5278,5278,,,,,,,,,,no,no,unmapped_raw_key
P02,without_tutor,T01,10956,2026-05-24T21:29:38.330657+00:00,1779658178.327655,dcs_bios_raw,LEFT_LOUVER,5278,13107,7829,,,,,,,,,,no,no,unmapped_raw_key
P02,without_tutor,T01,10956,2026-05-24T21:29:38.330657+00:00,1779658178.327655,dcs_bios_raw,RWR_LT_BRIGHT,53687,52706,-981,,,,,,,,,,no,no,unmapped_raw_key
P02,without_tutor,T01,10957,2026-05-24T21:29:38.365685+00:00,1779658178.3611786,dcs_bios_raw,LEFT_LOUVER,13107,21299,8192,,,,,,,,,,no,no,unmapped_raw_key
P02,without_tutor,T01,10958,2026-05-24T21:29:38.397217+00:00,1779658178.395213,dcs_bios_raw,LEFT_LOUVER,21299,29310,8011,,,,,,,,,,no,no,unmapped_raw_key
P02,without_tutor,T01,10959,2026-05-24T21:29:38.435759+00:00,1779658178.4332533,dcs_bios_raw,LEFT_LOUVER,29310,35317,6007,,,,,,,,,,no,no,unmapped_raw_key
P02,without_tutor,T01,10960,2026-05-24T21:29:38.469297+00:00,1779658178.4672976,dcs_bios_raw,LEFT_LOUVER,35317,38335,3018,,,,,,,,,,no,no,unmapped_raw_key
P02,without_tutor,T01,10960,2026-05-24T21:29:38.469297+00:00,1779658178.4672976,dcs_bios_raw,RWR_LT_BRIGHT,52706,53687,981,,,,,,,,,,no,no,unmapped_raw_key
P02,without_tutor,T01,10961,2026-05-24T21:29:38.508328+00:00,1779658178.5063257,dcs_bios_raw,LEFT_LOUVER,38335,38987,652,,,,,,,,,,no,no,unmapped_raw_key
P02,without_tutor,T01,10962,2026-05-24T21:29:38.541375+00:00,1779658178.539375,dcs_bios_raw,LEFT_LOUVER,38987,41171,2184,,,,,,,,,,no,no,unmapped_raw_key
P02,without_tutor,T01,10963,2026-05-24T21:29:38.580406+00:00,1779658178.5774064,dcs_bios_raw,LEFT_LOUVER,41171,45539,4368,,,,,,,,,,no,no,unmapped_raw_key
P02,without_tutor,T01,10963,2026-05-24T21:29:38.580406+00:00,1779658178.5774064,dcs_bios_raw,RWR_LT_BRIGHT,53687,52706,-981,,,,,,,,,,no,no,unmapped_raw_key
P02,without_tutor,T01,10964,2026-05-24T21:29:38.614429+00:00,1779658178.610927,dcs_bios_raw,LEFT_LOUVER,45539,51364,5825,,,,,,,,,,no,no,unmapped_raw_key
P02,without_tutor,T01,10965,2026-05-24T21:29:38.652489+00:00,1779658178.6504896,dcs_bios_raw,LEFT_LOUVER,51364,54822,3458,,,,,,,,,,no,no,unmapped_raw_key
P02,without_tutor,T01,10966,2026-05-24T21:29:38.686525+00:00,1779658178.6830213,dcs_bios_raw,LEFT_LOUVER,54822,56460,1638,,,,,,,,,,no,no,unmapped_raw_key
P02,without_tutor,T01,10966,2026-05-24T21:29:38.686525+00:00,1779658178.6830213,dcs_bios_raw,RWR_LT_BRIGHT,52706,53687,981,,,,,,,,,,no,no,unmapped_raw_key
P02,without_tutor,T01,10967,2026-05-24T21:29:38.830650+00:00,1779658178.828146,dcs_bios_raw,LEFT_LOUVER,56460,55732,-728,,,,,,,,,,no,no,unmapped_raw_key
P02,without_tutor,T01,10967,2026-05-24T21:29:38.830650+00:00,1779658178.828146,dcs_bios_raw,RWR_LT_BRIGHT,53687,52706,-981,,,,,,,,,,no,no,unmapped_raw_key
P02,without_tutor,T01,10968,2026-05-24T21:29:38.863171+00:00,1779658178.8611717,dcs_bios_raw,LEFT_LOUVER,55732,51728,-4004,,,,,,,,,,no,no,unmapped_raw_key
P02,without_tutor,T01,10969,2026-05-24T21:29:38.903211+00:00,1779658178.900218,dcs_bios_raw,LEFT_LOUVER,51728,45721,-6007,,,,,,,,,,no,no,unmapped_raw_key
P02,without_tutor,T01,10970,2026-05-24T21:29:38.936742+00:00,1779658178.9332352,dcs_bios_raw,LEFT_LOUVER,45721,40806,-4915,,,,,,,,,,no,no,unmapped_raw_key
P02,without_tutor,T01,10970,2026-05-24T21:29:38.936742+00:00,1779658178.9332352,dcs_bios_raw,RWR_LT_BRIGHT,52706,53687,981,,,,,,,,,,no,no,unmapped_raw_key
P02,without_tutor,T01,10971,2026-05-24T21:29:38.970268+00:00,1779658178.9672668,dcs_bios_raw,LEFT_LOUVER,40806,37530,-3276,,,,,,,,,,no,no,unmapped_raw_key
P02,without_tutor,T01,10972,2026-05-24T21:29:39.008308+00:00,1779658179.0053043,dcs_bios_raw,LEFT_LOUVER,37530,33890,-3640,,,,,,,,,,no,no,unmapped_raw_key
P02,without_tutor,T01,10973,2026-05-24T21:29:39.041343+00:00,1779658179.0393436,dcs_bios_raw,LEFT_LOUVER,33890,31343,-2547,,,,,,,,,,no,no,unmapped_raw_key
P02,without_tutor,T01,10973,2026-05-24T21:29:39.041343+00:00,1779658179.0393436,dcs_bios_raw,RWR_LT_BRIGHT,53687,52706,-981,,,,,,,,,,no,no,unmapped_raw_key
P02,without_tutor,T01,10974,2026-05-24T21:29:39.080390+00:00,1779658179.0783901,dcs_bios_raw,LEFT_LOUVER,31343,30797,-546,,,,,,,,,,no,no,unmapped_raw_key
P02,without_tutor,T01,10975,2026-05-24T21:29:39.112927+00:00,1779658179.1109216,dcs_bios_raw,LEFT_LOUVER,30797,30615,-182,,,,,,,,,,no,no,unmapped_raw_key
P02,without_tutor,T01,10976,2026-05-24T21:29:39.185539+00:00,1779658179.1830287,dcs_bios_raw,RWR_LT_BRIGHT,52706,53687,981,,,,,,,,,,no,no,unmapped_raw_key
P02,without_tutor,T01,10977,2026-05-24T21:29:39.291135+00:00,1779658179.2891288,dcs_bios_raw,RWR_LT_BRIGHT,53687,52706,-981,,,,,,,,,,no,no,unmapped_raw_key
P02,without_tutor,T01,10978,2026-05-24T21:29:39.404724+00:00,1779658179.400222,dcs_bios_raw,RWR_LT_BRIGHT,52706,53687,981,,,,,,,,,,no,no,unmapped_raw_key
P02,without_tutor,T01,10979,2026-05-24T21:29:39.541329+00:00,1779658179.5393293,dcs_bios_raw,RWR_LT_BRIGHT,53687,52706,-981,,,,,,,,,,no,no,unmapped_raw_key
P02,without_tutor,T01,10980,2026-05-24T21:29:39.652424+00:00,1779658179.6504242,dcs_bios_raw,RWR_LT_BRIGHT,52706,53687,981,,,,,,,,,,no,no,unmapped_raw_key
P02,without_tutor,T01,10981,2026-05-24T21:29:39.792061+00:00,1779658179.7890615,dcs_bios_raw,RWR_LT_BRIGHT,53687,52706,-981,,,,,,,,,,no,no,unmapped_raw_key
P02,without_tutor,T01,10982,2026-05-24T21:29:39.903163+00:00,1779658179.9001706,dcs_bios_raw,RWR_LT_BRIGHT,52706,53687,981,,,,,,,,,,no,no,unmapped_raw_key
P02,without_tutor,T01,10984,2026-05-24T21:29:40.008258+00:00,1779658180.0062556,dcs_bios_raw,RWR_LT_BRIGHT,53687,52706,-981,,,,,,,,,,no,no,unmapped_raw_key
P02,without_tutor,T01,10985,2026-05-24T21:29:40.152426+00:00,1779658180.1504261,dcs_bios_raw,RWR_LT_BRIGHT,52706,53687,981,,,,,,,,,,no,no,unmapped_raw_key
P02,without_tutor,T01,10986,2026-05-24T21:29:40.258553+00:00,1779658180.255559,dcs_bios_raw,RWR_LT_BRIGHT,53687,52706,-981,,,,,,,,,,no,no,unmapped_raw_key
P02,without_tutor,T01,10987,2026-05-24T21:29:40.364690+00:00,1779658180.3611782,dcs_bios_raw,RWR_LT_BRIGHT,52706,53687,981,,,,,,,,,,no,no,unmapped_raw_key
P02,without_tutor,T01,10988,2026-05-24T21:29:40.514345+00:00,1779658180.5113447,dcs_bios_raw,RWR_LT_BRIGHT,53687,52706,-981,,,,,,,,,,no,no,unmapped_raw_key
P02,without_tutor,T01,10989,2026-05-24T21:29:40.612959+00:00,1779658180.610952,dcs_bios_raw,RWR_LT_BRIGHT,52706,53687,981,,,,,,,,,,no,no,unmapped_raw_key
P02,without_tutor,T01,10990,2026-05-24T21:29:40.726601+00:00,1779658180.7221036,dcs_bios_raw,RWR_LT_BRIGHT,53687,52706,-981,,,,,,,,,,no,no,unmapped_raw_key
P02,without_tutor,T01,10991,2026-05-24T21:29:40.863227+00:00,1779658180.8612275,dcs_bios_raw,RWR_LT_BRIGHT,52706,53687,981,,,,,,,,,,no,no,unmapped_raw_key
P02,without_tutor,T01,10992,2026-05-24T21:29:40.970322+00:00,1779658180.9673202,dcs_bios_raw,RWR_LT_BRIGHT,53687,52706,-981,,,,,,,,,,no,no,unmapped_raw_key
P02,without_tutor,T01,10993,2026-05-24T21:29:41.080442+00:00,1779658181.0784428,dcs_bios_raw,RWR_LT_BRIGHT,52706,53687,981,,,,,,,,,,no,no,unmapped_raw_key
P02,without_tutor,T01,10994,2026-05-24T21:29:41.221062+00:00,1779658181.217063,dcs_bios_raw,RWR_LT_BRIGHT,53687,52706,-981,,,,,,,,,,no,no,unmapped_raw_key
P02,without_tutor,T01,10995,2026-05-24T21:29:41.330671+00:00,1779658181.328169,dcs_bios_raw,RWR_LT_BRIGHT,52706,53687,981,,,,,,,,,,no,no,unmapped_raw_key
P02,without_tutor,T01,10996,2026-05-24T21:29:41.435810+00:00,1779658181.4333055,dcs_bios_raw,RWR_LT_BRIGHT,53687,52706,-981,,,,,,,,,,no,no,unmapped_raw_key
P02,without_tutor,T01,10997,2026-05-24T21:29:41.541388+00:00,1779658181.5393882,dcs_bios_raw,LEFT_LOUVER,30615,31343,728,,,,,,,,,,no,no,unmapped_raw_key
P02,without_tutor,T01,10998,2026-05-24T21:29:41.581421+00:00,1779658181.5784197,dcs_bios_raw,LEFT_LOUVER,31343,34072,2729,,,,,,,,,,no,no,unmapped_raw_key
P02,without_tutor,T01,10998,2026-05-24T21:29:41.581421+00:00,1779658181.5784197,dcs_bios_raw,RWR_LT_BRIGHT,52706,53687,981,,,,,,,,,,no,no,unmapped_raw_key
P02,without_tutor,T01,10999,2026-05-24T21:29:41.613942+00:00,1779658181.6109421,dcs_bios_raw,LEFT_LOUVER,34072,37712,3640,,,,,,,,,,no,no,unmapped_raw_key
P02,without_tutor,T01,11000,2026-05-24T21:29:41.652477+00:00,1779658181.650478,dcs_bios_raw,LEFT_LOUVER,37712,41170,3458,,,,,,,,,,no,no,unmapped_raw_key
P02,without_tutor,T01,11001,2026-05-24T21:29:41.686505+00:00,1779658181.684503,dcs_bios_raw,LEFT_LOUVER,41170,48998,7828,,,,,,,,,,no,no,unmapped_raw_key
P02,without_tutor,T01,11001,2026-05-24T21:29:41.686505+00:00,1779658181.684503,dcs_bios_raw,RWR_LT_BRIGHT,53687,52706,-981,,,,,,,,,,no,no,unmapped_raw_key
P02,without_tutor,T01,11002,2026-05-24T21:29:41.721031+00:00,1779658181.7170308,dcs_bios_raw,LEFT_LOUVER,48998,54278,5280,,,,,,,,,,no,no,unmapped_raw_key
P02,without_tutor,T01,11003,2026-05-24T21:29:41.758575+00:00,1779658181.7555735,dcs_bios_raw,LEFT_LOUVER,54278,58646,4368,,,,,,,,,,no,no,unmapped_raw_key
P02,without_tutor,T01,11004,2026-05-24T21:29:41.792098+00:00,1779658181.7890985,dcs_bios_raw,LEFT_LOUVER,58646,60830,2184,,,,,,,,,,no,no,unmapped_raw_key
P02,without_tutor,T01,11005,2026-05-24T21:29:41.830158+00:00,1779658181.8281505,dcs_bios_raw,LEFT_LOUVER,60830,61194,364,,,,,,,,,,no,no,unmapped_raw_key
P02,without_tutor,T01,11005,2026-05-24T21:29:41.830158+00:00,1779658181.8281505,dcs_bios_raw,RWR_LT_BRIGHT,52706,53687,981,,,,,,,,,,no,no,unmapped_raw_key
P02,without_tutor,T01,11006,2026-05-24T21:29:41.936768+00:00,1779658181.9332604,dcs_bios_raw,RWR_LT_BRIGHT,53687,52706,-981,,,,,,,,,,no,no,unmapped_raw_key
P02,without_tutor,T01,11008,2026-05-24T21:29:42.008333+00:00,1779658182.0063312,dcs_bios_raw,LEFT_LOUVER,61194,59920,-1274,,,,,,,,,,no,no,unmapped_raw_key
P02,without_tutor,T01,11009,2026-05-24T21:29:42.041362+00:00,1779658182.0393617,dcs_bios_raw,LEFT_LOUVER,59920,57008,-2912,,,,,,,,,,no,no,unmapped_raw_key
P02,without_tutor,T01,11009,2026-05-24T21:29:42.041362+00:00,1779658182.0393617,dcs_bios_raw,RWR_LT_BRIGHT,52706,53687,981,,,,,,,,,,no,no,unmapped_raw_key
P02,without_tutor,T01,11010,2026-05-24T21:29:42.080391+00:00,1779658182.0783913,dcs_bios_raw,LEFT_LOUVER,57008,54278,-2730,,,,,,,,,,no,no,unmapped_raw_key
P02,without_tutor,T01,11011,2026-05-24T21:29:42.113913+00:00,1779658182.1119123,dcs_bios_raw,LEFT_LOUVER,54278,49546,-4732,,,,,,,,,,no,no,unmapped_raw_key
P02,without_tutor,T01,11012,2026-05-24T21:29:42.152456+00:00,1779658182.150457,dcs_bios_raw,LEFT_LOUVER,49546,43902,-5644,,,,,,,,,,no,no,unmapped_raw_key
P02,without_tutor,T01,11013,2026-05-24T21:29:42.186487+00:00,1779658182.183983,dcs_bios_raw,LEFT_LOUVER,43902,37531,-6371,,,,,,,,,,no,no,unmapped_raw_key
P02,without_tutor,T01,11013,2026-05-24T21:29:42.186487+00:00,1779658182.183983,dcs_bios_raw,RWR_LT_BRIGHT,53687,52706,-981,,,,,,,,,,no,no,unmapped_raw_key
P02,without_tutor,T01,11014,2026-05-24T21:29:42.220013+00:00,1779658182.2180128,dcs_bios_raw,LEFT_LOUVER,37531,33345,-4186,,,,,,,,,,no,no,unmapped_raw_key
P02,without_tutor,T01,11015,2026-05-24T21:29:42.253048+00:00,1779658182.251048,dcs_bios_raw,LEFT_LOUVER,33345,30509,-2836,,,,,,,,,,no,no,unmapped_raw_key
P02,without_tutor,T01,11016,2026-05-24T21:29:42.287089+00:00,1779658182.2835824,dcs_bios_raw,LEFT_LOUVER,30509,28143,-2366,,,,,,,,,,no,no,unmapped_raw_key
P02,without_tutor,T01,11016,2026-05-24T21:29:42.287089+00:00,1779658182.2835824,dcs_bios_raw,RWR_LT_BRIGHT,52706,53687,981,,,,,,,,,,no,no,unmapped_raw_key
P02,without_tutor,T01,11017,2026-05-24T21:29:42.325123+00:00,1779658182.3226123,dcs_bios_raw,LEFT_LOUVER,28143,23957,-4186,,,,,,,,,,no,no,unmapped_raw_key
P02,without_tutor,T01,11018,2026-05-24T21:29:42.364659+00:00,1779658182.3621573,dcs_bios_raw,LEFT_LOUVER,23957,20681,-3276,,,,,,,,,,no,no,unmapped_raw_key
P02,without_tutor,T01,11019,2026-05-24T21:29:42.398184+00:00,1779658182.3951805,dcs_bios_raw,LEFT_LOUVER,20681,15403,-5278,,,,,,,,,,no,no,unmapped_raw_key
P02,without_tutor,T01,11019,2026-05-24T21:29:42.398184+00:00,1779658182.3951805,dcs_bios_raw,RWR_LT_BRIGHT,53687,52706,-981,,,,,,,,,,no,no,unmapped_raw_key
P02,without_tutor,T01,11020,2026-05-24T21:29:42.437722+00:00,1779658182.4332151,dcs_bios_raw,LEFT_LOUVER,15403,12127,-3276,,,,,,,,,,no,no,unmapped_raw_key
P02,without_tutor,T01,11021,2026-05-24T21:29:42.471243+00:00,1779658182.4672425,dcs_bios_raw,LEFT_LOUVER,12127,10823,-1304,,,,,,,,,,no,no,unmapped_raw_key
P02,without_tutor,T01,11022,2026-05-24T21:29:42.508298+00:00,1779658182.5062897,dcs_bios_raw,LEFT_LOUVER,10823,11051,228,,,,,,,,,,no,no,unmapped_raw_key
P02,without_tutor,T01,11023,2026-05-24T21:29:42.542338+00:00,1779658182.5393388,dcs_bios_raw,LEFT_LOUVER,11051,11355,304,,,,,,,,,,no,no,unmapped_raw_key
P02,without_tutor,T01,11023,2026-05-24T21:29:42.542338+00:00,1779658182.5393388,dcs_bios_raw,RWR_LT_BRIGHT,52706,53687,981,,,,,,,,,,no,no,unmapped_raw_key
P02,without_tutor,T01,11024,2026-05-24T21:29:42.575370+00:00,1779658182.5728612,dcs_bios_raw,LEFT_LOUVER,11355,11143,-212,,,,,,,,,,no,no,unmapped_raw_key
P02,without_tutor,T01,11025,2026-05-24T21:29:42.615403+00:00,1779658182.6119068,dcs_bios_raw,LEFT_LOUVER,11143,10127,-1016,,,,,,,,,,no,no,unmapped_raw_key
P02,without_tutor,T01,11026,2026-05-24T21:29:42.648436+00:00,1779658182.6454303,dcs_bios_raw,LEFT_LOUVER,10127,7655,-2472,,,,,,,,,,no,no,unmapped_raw_key
P02,without_tutor,T01,11026,2026-05-24T21:29:42.648436+00:00,1779658182.6454303,dcs_bios_raw,RWR_LT_BRIGHT,53687,52706,-981,,,,,,,,,,no,no,unmapped_raw_key
P02,without_tutor,T01,11027,2026-05-24T21:29:42.681961+00:00,1779658182.6789596,dcs_bios_raw,LEFT_LOUVER,7655,3469,-4186,,,,,,,,,,no,no,unmapped_raw_key
P02,without_tutor,T01,11028,2026-05-24T21:29:42.716991+00:00,1779658182.7124834,dcs_bios_raw,LEFT_LOUVER,3469,1285,-2184,,,,,,,,,,no,no,unmapped_raw_key
P02,without_tutor,T01,11029,2026-05-24T21:29:42.753020+00:00,1779658182.75102,dcs_bios_raw,LEFT_LOUVER,1285,0,-1285,,,,,,,,,,no,no,unmapped_raw_key
P02,without_tutor,T01,11030,2026-05-24T21:29:42.787063+00:00,1779658182.7845564,dcs_bios_raw,LEFT_LOUVER,0,228,228,,,,,,,,,,no,no,unmapped_raw_key
P02,without_tutor,T01,11030,2026-05-24T21:29:42.787063+00:00,1779658182.7845564,dcs_bios_raw,RWR_LT_BRIGHT,52706,53687,981,,,,,,,,,,no,no,unmapped_raw_key
P02,without_tutor,T01,11031,2026-05-24T21:29:42.825098+00:00,1779658182.8225865,dcs_bios_raw,LEFT_LOUVER,228,92,-136,,,,,,,,,,no,no,unmapped_raw_key
P02,without_tutor,T01,11032,2026-05-24T21:29:42.864637+00:00,1779658182.8621354,dcs_bios_raw,LEFT_LOUVER,92,0,-92,,,,,,,,,,no,no,unmapped_raw_key
P02,without_tutor,T01,11033,2026-05-24T21:29:42.898164+00:00,1779658182.8951585,dcs_bios_raw,LEFT_LOUVER,0,1676,1676,,,,,,,,,,no,no,unmapped_raw_key
P02,without_tutor,T01,11033,2026-05-24T21:29:42.898164+00:00,1779658182.8951585,dcs_bios_raw,RWR_LT_BRIGHT,53687,52706,-981,,,,,,,,,,no,no,unmapped_raw_key
P02,without_tutor,T01,11034,2026-05-24T21:29:42.936722+00:00,1779658182.9332166,dcs_bios_raw,LEFT_LOUVER,1676,2132,456,,,,,,,,,,no,no,unmapped_raw_key
P02,without_tutor,T01,11035,2026-05-24T21:29:42.970244+00:00,1779658182.9672525,dcs_bios_raw,LEFT_LOUVER,2132,1738,-394,,,,,,,,,,no,no,unmapped_raw_key
P02,without_tutor,T01,11036,2026-05-24T21:29:43.002785+00:00,1779658183.0007844,dcs_bios_raw,LEFT_LOUVER,1738,1890,152,,,,,,,,,,no,no,unmapped_raw_key
P02,without_tutor,T01,11036,2026-05-24T21:29:43.002785+00:00,1779658183.0007844,dcs_bios_raw,RWR_LT_BRIGHT,52706,53687,981,,,,,,,,,,no,no,unmapped_raw_key
P02,without_tutor,T01,11037,2026-05-24T21:29:43.147419+00:00,1779658183.1454134,dcs_bios_raw,RWR_LT_BRIGHT,53687,52706,-981,,,,,,,,,,no,no,unmapped_raw_key
P02,without_tutor,T01,11038,2026-05-24T21:29:43.253013+00:00,1779658183.2510135,dcs_bios_raw,RWR_LT_BRIGHT,52706,53687,981,,,,,,,,,,no,no,unmapped_raw_key
P02,without_tutor,T01,11039,2026-05-24T21:29:43.364631+00:00,1779658183.362129,dcs_bios_raw,RWR_LT_BRIGHT,53687,52706,-981,,,,,,,,,,no,no,unmapped_raw_key
P02,without_tutor,T01,11040,2026-05-24T21:29:43.472235+00:00,1779658183.467235,dcs_bios_raw,LEFT_LOUVER,1890,3012,1122,,,,,,,,,,no,no,unmapped_raw_key
P02,without_tutor,T01,11041,2026-05-24T21:29:43.503778+00:00,1779658183.5007782,dcs_bios_raw,LEFT_LOUVER,3012,4269,1257,,,,,,,,,,no,no,unmapped_raw_key
P02,without_tutor,T01,11041,2026-05-24T21:29:43.503778+00:00,1779658183.5007782,dcs_bios_raw,RWR_LT_BRIGHT,52706,53687,981,,,,,,,,,,no,no,unmapped_raw_key
P02,without_tutor,T01,11042,2026-05-24T21:29:43.536319+00:00,1779658183.5338151,dcs_bios_raw,LEFT_LOUVER,4269,5725,1456,,,,,,,,,,no,no,unmapped_raw_key
P02,without_tutor,T01,11043,2026-05-24T21:29:43.576359+00:00,1779658183.5728502,dcs_bios_raw,LEFT_LOUVER,5725,7545,1820,,,,,,,,,,no,no,unmapped_raw_key
P02,without_tutor,T01,11044,2026-05-24T21:29:43.615384+00:00,1779658183.6118803,dcs_bios_raw,LEFT_LOUVER,7545,11913,4368,,,,,,,,,,no,no,unmapped_raw_key
P02,without_tutor,T01,11044,2026-05-24T21:29:43.615384+00:00,1779658183.6118803,dcs_bios_raw,RWR_LT_BRIGHT,53687,52706,-981,,,,,,,,,,no,no,unmapped_raw_key
P02,without_tutor,T01,11045,2026-05-24T21:29:43.648423+00:00,1779658183.6454203,dcs_bios_raw,LEFT_LOUVER,11913,17373,5460,,,,,,,,,,no,no,unmapped_raw_key
P02,without_tutor,T01,11046,2026-05-24T21:29:43.680944+00:00,1779658183.6789443,dcs_bios_raw,LEFT_LOUVER,17373,22106,4733,,,,,,,,,,no,no,unmapped_raw_key
P02,without_tutor,T01,11047,2026-05-24T21:29:43.714465+00:00,1779658183.7114658,dcs_bios_raw,LEFT_LOUVER,22106,26656,4550,,,,,,,,,,no,no,unmapped_raw_key
P02,without_tutor,T01,11047,2026-05-24T21:29:43.714465+00:00,1779658183.7114658,dcs_bios_raw,RWR_LT_BRIGHT,52706,53687,981,,,,,,,,,,no,no,unmapped_raw_key
P02,without_tutor,T01,11048,2026-05-24T21:29:43.753025+00:00,1779658183.7510254,dcs_bios_raw,LEFT_LOUVER,26656,29568,2912,,,,,,,,,,no,no,unmapped_raw_key
P02,without_tutor,T01,11049,2026-05-24T21:29:43.788060+00:00,1779658183.7845516,dcs_bios_raw,LEFT_LOUVER,29568,31934,2366,,,,,,,,,,no,no,unmapped_raw_key
P02,without_tutor,T01,11050,2026-05-24T21:29:43.826098+00:00,1779658183.8235846,dcs_bios_raw,LEFT_LOUVER,31934,33936,2002,,,,,,,,,,no,no,unmapped_raw_key
P02,without_tutor,T01,11051,2026-05-24T21:29:43.865126+00:00,1779658183.8616238,dcs_bios_raw,LEFT_LOUVER,33936,32852,-1084,,,,,,,,,,no,no,unmapped_raw_key
P02,without_tutor,T01,11051,2026-05-24T21:29:43.865126+00:00,1779658183.8616238,dcs_bios_raw,RWR_LT_BRIGHT,53687,52706,-981,,,,,,,,,,no,no,unmapped_raw_key
P02,without_tutor,T01,11052,2026-05-24T21:29:43.897657+00:00,1779658183.8956544,dcs_bios_raw,LEFT_LOUVER,32852,31328,-1524,,,,,,,,,,no,no,unmapped_raw_key
P02,without_tutor,T01,11053,2026-05-24T21:29:43.936694+00:00,1779658183.9346914,dcs_bios_raw,LEFT_LOUVER,31328,29118,-2210,,,,,,,,,,no,no,unmapped_raw_key
P02,without_tutor,T01,11054,2026-05-24T21:29:43.970219+00:00,1779658183.9672194,dcs_bios_raw,LEFT_LOUVER,29118,25841,-3277,,,,,,,,,,no,no,unmapped_raw_key
P02,without_tutor,T01,11054,2026-05-24T21:29:43.970219+00:00,1779658183.9672194,dcs_bios_raw,RWR_LT_BRIGHT,52706,53687,981,,,,,,,,,,no,no,unmapped_raw_key
P02,without_tutor,T01,11055,2026-05-24T21:29:44.003753+00:00,1779658184.0007603,dcs_bios_raw,LEFT_LOUVER,25841,24546,-1295,,,,,,,,,,no,no,unmapped_raw_key
P02,without_tutor,T01,11056,2026-05-24T21:29:44.036794+00:00,1779658184.03379,dcs_bios_raw,LEFT_LOUVER,24546,24470,-76,,,,,,,,,,no,no,unmapped_raw_key
P02,without_tutor,T01,11057,2026-05-24T21:29:44.114853+00:00,1779658184.112351,dcs_bios_raw,LEFT_LOUVER,24470,25016,546,,,,,,,,,,no,no,unmapped_raw_key
P02,without_tutor,T01,11057,2026-05-24T21:29:44.114853+00:00,1779658184.112351,dcs_bios_raw,RWR_LT_BRIGHT,53687,52706,-981,,,,,,,,,,no,no,unmapped_raw_key
P02,without_tutor,T01,11058,2026-05-24T21:29:44.148393+00:00,1779658184.1453874,dcs_bios_raw,LEFT_LOUVER,25016,30113,5097,,,,,,,,,,no,no,unmapped_raw_key
P02,without_tutor,T01,11059,2026-05-24T21:29:44.181918+00:00,1779658184.1789172,dcs_bios_raw,LEFT_LOUVER,30113,36848,6735,,,,,,,,,,no,no,unmapped_raw_key
P02,without_tutor,T01,11060,2026-05-24T21:29:44.214942+00:00,1779658184.2124405,dcs_bios_raw,LEFT_LOUVER,36848,43402,6554,,,,,,,,,,no,no,unmapped_raw_key
P02,without_tutor,T01,11060,2026-05-24T21:29:44.214942+00:00,1779658184.2124405,dcs_bios_raw,RWR_LT_BRIGHT,52706,53687,981,,,,,,,,,,no,no,unmapped_raw_key
P02,without_tutor,T01,11061,2026-05-24T21:29:44.252971+00:00,1779658184.2509718,dcs_bios_raw,LEFT_LOUVER,43402,52140,8738,,,,,,,,,,no,no,unmapped_raw_key
P02,without_tutor,T01,11062,2026-05-24T21:29:44.288016+00:00,1779658184.2845087,dcs_bios_raw,LEFT_LOUVER,52140,63428,11288,,,,,,,,,,no,no,unmapped_raw_key
P02,without_tutor,T01,11063,2026-05-24T21:29:44.326044+00:00,1779658184.32354,dcs_bios_raw,LEFT_LOUVER,63428,65535,2107,,,,,,,,,,no,no,unmapped_raw_key
P02,without_tutor,T01,11063,2026-05-24T21:29:44.326044+00:00,1779658184.32354,dcs_bios_raw,RWR_LT_BRIGHT,53687,52706,-981,,,,,,,,,,no,no,unmapped_raw_key
P02,without_tutor,T01,11064,2026-05-24T21:29:44.470192+00:00,1779658184.4671922,dcs_bios_raw,LEFT_LOUVER,65535,64443,-1092,,,,,,,,,,no,no,unmapped_raw_key
P02,without_tutor,T01,11064,2026-05-24T21:29:44.470192+00:00,1779658184.4671922,dcs_bios_raw,RWR_LT_BRIGHT,52706,53687,981,,,,,,,,,,no,no,unmapped_raw_key
P02,without_tutor,T01,11065,2026-05-24T21:29:44.503727+00:00,1779658184.500734,dcs_bios_raw,LEFT_LOUVER,64443,58982,-5461,,,,,,,,,,no,no,unmapped_raw_key
P02,without_tutor,T01,11066,2026-05-24T21:29:44.536258+00:00,1779658184.5337512,dcs_bios_raw,LEFT_LOUVER,58982,51700,-7282,,,,,,,,,,no,no,unmapped_raw_key
P02,without_tutor,T01,11067,2026-05-24T21:29:44.576300+00:00,1779658184.5727847,dcs_bios_raw,LEFT_LOUVER,51700,41323,-10377,,,,,,,,,,no,no,unmapped_raw_key
P02,without_tutor,T01,11067,2026-05-24T21:29:44.576300+00:00,1779658184.5727847,dcs_bios_raw,RWR_LT_BRIGHT,53687,52706,-981,,,,,,,,,,no,no,unmapped_raw_key
P02,without_tutor,T01,11068,2026-05-24T21:29:44.614824+00:00,1779658184.6118238,dcs_bios_raw,LEFT_LOUVER,41323,25485,-15838,,,,,,,,,,no,no,unmapped_raw_key
P02,without_tutor,T01,11069,2026-05-24T21:29:44.648355+00:00,1779658184.645351,dcs_bios_raw,LEFT_LOUVER,25485,12378,-13107,,,,,,,,,,no,no,unmapped_raw_key
P02,without_tutor,T01,11070,2026-05-24T21:29:44.687385+00:00,1779658184.6848779,dcs_bios_raw,LEFT_LOUVER,12378,546,-11832,,,,,,,,,,no,no,unmapped_raw_key
P02,without_tutor,T01,11070,2026-05-24T21:29:44.687385+00:00,1779658184.6848779,dcs_bios_raw,RWR_LT_BRIGHT,52706,53687,981,,,,,,,,,,no,no,unmapped_raw_key
P02,without_tutor,T01,11071,2026-05-24T21:29:44.722906+00:00,1779658184.7179067,dcs_bios_raw,LEFT_LOUVER,546,0,-546,,,,,,,,,,no,no,unmapped_raw_key
P02,without_tutor,T01,11072,2026-05-24T21:29:44.825994+00:00,1779658184.8234901,dcs_bios_raw,RWR_LT_BRIGHT,53687,52706,-981,,,,,,,,,,no,no,unmapped_raw_key
P02,without_tutor,T01,11073,2026-05-24T21:29:44.936626+00:00,1779658184.934624,dcs_bios_raw,RWR_LT_BRIGHT,52706,53687,981,,,,,,,,,,no,no,unmapped_raw_key
P02,without_tutor,T01,11074,2026-05-24T21:29:44.972153+00:00,1779658184.9681523,dcs_bios_raw,LEFT_LOUVER,0,9829,9829,,,,,,,,,,no,no,unmapped_raw_key
P02,without_tutor,T01,11075,2026-05-24T21:29:45.006190+00:00,1779658185.0016828,dcs_bios_raw,LEFT_LOUVER,9829,21298,11469,,,,,,,,,,no,no,unmapped_raw_key
P02,without_tutor,T01,11076,2026-05-24T21:29:45.037722+00:00,1779658185.034717,dcs_bios_raw,LEFT_LOUVER,21298,33677,12379,,,,,,,,,,no,no,unmapped_raw_key
P02,without_tutor,T01,11076,2026-05-24T21:29:45.037722+00:00,1779658185.034717,dcs_bios_raw,RWR_LT_BRIGHT,53687,52706,-981,,,,,,,,,,no,no,unmapped_raw_key
P02,without_tutor,T01,11077,2026-05-24T21:29:45.070255+00:00,1779658185.0682554,dcs_bios_raw,LEFT_LOUVER,33677,46056,12379,,,,,,,,,,no,no,unmapped_raw_key
P02,without_tutor,T01,11078,2026-05-24T21:29:45.109299+00:00,1779658185.1072996,dcs_bios_raw,LEFT_LOUVER,46056,58981,12925,,,,,,,,,,no,no,unmapped_raw_key
P02,without_tutor,T01,11079,2026-05-24T21:29:45.142822+00:00,1779658185.139822,dcs_bios_raw,LEFT_LOUVER,58981,65535,6554,,,,,,,,,,no,no,unmapped_raw_key
P02,without_tutor,T01,11080,2026-05-24T21:29:45.176862+00:00,1779658185.173355,dcs_bios_raw,RWR_LT_BRIGHT,52706,53687,981,,,,,,,,,,no,no,unmapped_raw_key
P02,without_tutor,T01,11081,2026-05-24T21:29:45.289455+00:00,1779658185.28545,dcs_bios_raw,RWR_LT_BRIGHT,53687,52706,-981,,,,,,,,,,no,no,unmapped_raw_key
P02,without_tutor,T01,11082,2026-05-24T21:29:45.360009+00:00,1779658185.357009,dcs_bios_raw,LEFT_LOUVER,65535,65459,-76,,,,,,,,,,no,no,unmapped_raw_key
P02,without_tutor,T01,11083,2026-05-24T21:29:45.393530+00:00,1779658185.3905368,dcs_bios_raw,LEFT_LOUVER,65459,65535,76,,,,,,,,,,no,no,unmapped_raw_key
P02,without_tutor,T01,11084,2026-05-24T21:29:45.426565+00:00,1779658185.4230607,dcs_bios_raw,RWR_LT_BRIGHT,52706,53687,981,,,,,,,,,,no,no,unmapped_raw_key
P02,without_tutor,T01,11085,2026-05-24T21:29:45.465595+00:00,1779658185.463091,dcs_bios_raw,LEFT_LOUVER,65535,64807,-728,,,,,,,,,,no,no,unmapped_raw_key
P02,without_tutor,T01,11086,2026-05-24T21:29:45.499120+00:00,1779658185.496118,dcs_bios_raw,LEFT_LOUVER,64807,57889,-6918,,,,,,,,,,no,no,unmapped_raw_key
P02,without_tutor,T01,11087,2026-05-24T21:29:45.537160+00:00,1779658185.5351565,dcs_bios_raw,LEFT_LOUVER,57889,49332,-8557,,,,,,,,,,no,no,unmapped_raw_key
P02,without_tutor,T01,11087,2026-05-24T21:29:45.537160+00:00,1779658185.5351565,dcs_bios_raw,RWR_LT_BRIGHT,53687,52706,-981,,,,,,,,,,no,no,unmapped_raw_key
P02,without_tutor,T01,11088,2026-05-24T21:29:45.570685+00:00,1779658185.5686853,dcs_bios_raw,LEFT_LOUVER,49332,40230,-9102,,,,,,,,,,no,no,unmapped_raw_key
P02,without_tutor,T01,11089,2026-05-24T21:29:45.609724+00:00,1779658185.6077244,dcs_bios_raw,LEFT_LOUVER,40230,30400,-9830,,,,,,,,,,no,no,unmapped_raw_key
P02,without_tutor,T01,11090,2026-05-24T21:29:45.644757+00:00,1779658185.6402543,dcs_bios_raw,LEFT_LOUVER,30400,22389,-8011,,,,,,,,,,no,no,unmapped_raw_key
P02,without_tutor,T01,11090,2026-05-24T21:29:45.644757+00:00,1779658185.6402543,dcs_bios_raw,RWR_LT_BRIGHT,52706,53687,981,,,,,,,,,,no,no,unmapped_raw_key
P02,without_tutor,T01,11091,2026-05-24T21:29:45.677289+00:00,1779658185.674779,dcs_bios_raw,LEFT_LOUVER,22389,16746,-5643,,,,,,,,,,no,no,unmapped_raw_key
P02,without_tutor,T01,11092,2026-05-24T21:29:45.716324+00:00,1779658185.712817,dcs_bios_raw,LEFT_LOUVER,16746,12377,-4369,,,,,,,,,,no,no,unmapped_raw_key
P02,without_tutor,T01,11093,2026-05-24T21:29:45.748857+00:00,1779658185.745855,dcs_bios_raw,LEFT_LOUVER,12377,8009,-4368,,,,,,,,,,no,no,unmapped_raw_key
P02,without_tutor,T01,11094,2026-05-24T21:29:45.789915+00:00,1779658185.7849047,dcs_bios_raw,LEFT_LOUVER,8009,4733,-3276,,,,,,,,,,no,no,unmapped_raw_key
P02,without_tutor,T01,11094,2026-05-24T21:29:45.789915+00:00,1779658185.7849047,dcs_bios_raw,RWR_LT_BRIGHT,53687,52706,-981,,,,,,,,,,no,no,unmapped_raw_key
P02,without_tutor,T01,11095,2026-05-24T21:29:45.822437+00:00,1779658185.818443,dcs_bios_raw,LEFT_LOUVER,4733,911,-3822,,,,,,,,,,no,no,unmapped_raw_key
P02,without_tutor,T01,11096,2026-05-24T21:29:45.859466+00:00,1779658185.8574657,dcs_bios_raw,LEFT_LOUVER,911,0,-911,,,,,,,,,,no,no,unmapped_raw_key
P02,without_tutor,T01,11097,2026-05-24T21:29:45.892987+00:00,1779658185.8909876,dcs_bios_raw,RWR_LT_BRIGHT,52706,53687,981,,,,,,,,,,no,no,unmapped_raw_key
P02,without_tutor,T01,11098,2026-05-24T21:29:45.965585+00:00,1779658185.9630685,dcs_bios_raw,LEFT_LOUVER,0,75,75,,,,,,,,,,no,no,unmapped_raw_key
P02,without_tutor,T01,11099,2026-05-24T21:29:46.000111+00:00,1779658185.9961088,dcs_bios_raw,LEFT_LOUVER,75,2882,2807,,,,,,,,,,no,no,unmapped_raw_key
P02,without_tutor,T01,11099,2026-05-24T21:29:46.000111+00:00,1779658185.9961088,dcs_bios_raw,RWR_LT_BRIGHT,53687,52706,-981,,,,,,,,,,no,no,unmapped_raw_key
P02,without_tutor,T01,11100,2026-05-24T21:29:46.038152+00:00,1779658186.0351458,dcs_bios_raw,LEFT_LOUVER,2882,8889,6007,,,,,,,,,,no,no,unmapped_raw_key
P02,without_tutor,T01,11101,2026-05-24T21:29:46.071675+00:00,1779658186.0686738,dcs_bios_raw,LEFT_LOUVER,8889,15079,6190,,,,,,,,,,no,no,unmapped_raw_key
P02,without_tutor,T01,11102,2026-05-24T21:29:46.109704+00:00,1779658186.1067047,dcs_bios_raw,LEFT_LOUVER,15079,20358,5279,,,,,,,,,,no,no,unmapped_raw_key
P02,without_tutor,T01,11103,2026-05-24T21:29:46.143235+00:00,1779658186.140235,dcs_bios_raw,LEFT_LOUVER,20358,22724,2366,,,,,,,,,,no,no,unmapped_raw_key
P02,without_tutor,T01,11103,2026-05-24T21:29:46.143235+00:00,1779658186.140235,dcs_bios_raw,RWR_LT_BRIGHT,52706,53687,981,,,,,,,,,,no,no,unmapped_raw_key
P02,without_tutor,T01,11104,2026-05-24T21:29:46.182277+00:00,1779658186.1792848,dcs_bios_raw,LEFT_LOUVER,22724,23088,364,,,,,,,,,,no,no,unmapped_raw_key
P02,without_tutor,T01,11105,2026-05-24T21:29:46.248857+00:00,1779658186.2458544,dcs_bios_raw,RWR_LT_BRIGHT,53687,52706,-981,,,,,,,,,,no,no,unmapped_raw_key
P02,without_tutor,T01,11106,2026-05-24T21:29:46.393001+00:00,1779658186.391001,dcs_bios_raw,RWR_LT_BRIGHT,52706,53687,981,,,,,,,,,,no,no,unmapped_raw_key
P02,without_tutor,T01,11108,2026-05-24T21:29:46.499110+00:00,1779658186.4961076,dcs_bios_raw,RWR_LT_BRIGHT,53687,52706,-981,,,,,,,,,,no,no,unmapped_raw_key
P02,without_tutor,T01,11109,2026-05-24T21:29:46.609228+00:00,1779658186.607229,dcs_bios_raw,RWR_LT_BRIGHT,52706,53687,981,,,,,,,,,,no,no,unmapped_raw_key
P02,without_tutor,T01,11110,2026-05-24T21:29:46.748377+00:00,1779658186.746365,dcs_bios_raw,RWR_LT_BRIGHT,53687,52706,-981,,,,,,,,,,no,no,unmapped_raw_key
P02,without_tutor,T01,11111,2026-05-24T21:29:46.856459+00:00,1779658186.8529525,dcs_bios_raw,RWR_LT_BRIGHT,52706,53687,981,,,,,,,,,,no,no,unmapped_raw_key
P02,without_tutor,T01,11112,2026-05-24T21:29:46.961085+00:00,1779658186.9580848,dcs_bios_raw,RWR_LT_BRIGHT,53687,52706,-981,,,,,,,,,,no,no,unmapped_raw_key
P02,without_tutor,T01,11114,2026-05-24T21:29:47.105709+00:00,1779658187.1022031,dcs_bios_raw,RWR_LT_BRIGHT,52706,53687,981,,,,,,,,,,no,no,unmapped_raw_key
P02,without_tutor,T01,11115,2026-05-24T21:29:47.209797+00:00,1779658187.207798,dcs_bios_raw,RWR_LT_BRIGHT,53687,52706,-981,,,,,,,,,,no,no,unmapped_raw_key
P02,without_tutor,T01,11116,2026-05-24T21:29:47.315392+00:00,1779658187.312889,dcs_bios_raw,RWR_LT_BRIGHT,52706,53687,981,,,,,,,,,,no,no,unmapped_raw_key
P02,without_tutor,T01,11117,2026-05-24T21:29:47.460040+00:00,1779658187.4580402,dcs_bios_raw,RWR_LT_BRIGHT,53687,52706,-981,,,,,,,,,,no,no,unmapped_raw_key
P02,without_tutor,T01,11118,2026-05-24T21:29:47.567145+00:00,1779658187.5636272,dcs_bios_raw,RWR_LT_BRIGHT,52706,53687,981,,,,,,,,,,no,no,unmapped_raw_key
P02,without_tutor,T01,11119,2026-05-24T21:29:47.710779+00:00,1779658187.707777,dcs_bios_raw,RWR_LT_BRIGHT,53687,52706,-981,,,,,,,,,,no,no,unmapped_raw_key
P02,without_tutor,T01,11120,2026-05-24T21:29:47.815898+00:00,1779658187.8133798,dcs_bios_raw,RWR_LT_BRIGHT,52706,53687,981,,,,,,,,,,no,no,unmapped_raw_key
P02,without_tutor,T01,11121,2026-05-24T21:29:47.921509+00:00,1779658187.9185088,dcs_bios_raw,RWR_LT_BRIGHT,53687,52706,-981,,,,,,,,,,no,no,unmapped_raw_key
P02,without_tutor,T01,11123,2026-05-24T21:29:48.066150+00:00,1779658188.0626452,dcs_bios_raw,RWR_LT_BRIGHT,52706,53687,981,,,,,,,,,,no,no,unmapped_raw_key
P02,without_tutor,T01,11124,2026-05-24T21:29:48.172770+00:00,1779658188.1687772,dcs_bios_raw,RWR_LT_BRIGHT,53687,52706,-981,,,,,,,,,,no,no,unmapped_raw_key
P02,without_tutor,T01,11125,2026-05-24T21:29:48.283860+00:00,1779658188.2798588,dcs_bios_raw,RWR_LT_BRIGHT,52706,53687,981,,,,,,,,,,no,no,unmapped_raw_key
P02,without_tutor,T01,11126,2026-05-24T21:29:48.421490+00:00,1779658188.4184895,dcs_bios_raw,RWR_LT_BRIGHT,53687,52706,-981,,,,,,,,,,no,no,unmapped_raw_key
P02,without_tutor,T01,11127,2026-05-24T21:29:48.534587+00:00,1779658188.5295875,dcs_bios_raw,RWR_LT_BRIGHT,52706,53687,981,,,,,,,,,,no,no,unmapped_raw_key
P02,without_tutor,T01,11128,2026-05-24T21:29:48.643195+00:00,1779658188.6401951,dcs_bios_raw,RWR_LT_BRIGHT,53687,52706,-981,,,,,,,,,,no,no,unmapped_raw_key
P02,without_tutor,T01,11129,2026-05-24T21:29:48.787358+00:00,1779658188.7853532,dcs_bios_raw,RWR_LT_BRIGHT,52706,53687,981,,,,,,,,,,no,no,unmapped_raw_key
P02,without_tutor,T01,11131,2026-05-24T21:29:48.892947+00:00,1779658188.8909473,dcs_bios_raw,RWR_LT_BRIGHT,53687,52706,-981,,,,,,,,,,no,no,unmapped_raw_key
P02,without_tutor,T01,11132,2026-05-24T21:29:48.998030+00:00,1779658188.9960284,dcs_bios_raw,RWR_LT_BRIGHT,52706,53687,981,,,,,,,,,,no,no,unmapped_raw_key
P02,without_tutor,T01,11133,2026-05-24T21:29:49.143196+00:00,1779658189.1401966,dcs_bios_raw,RWR_LT_BRIGHT,53687,52706,-981,,,,,,,,,,no,no,unmapped_raw_key
P02,without_tutor,T01,11134,2026-05-24T21:29:49.250289+00:00,1779658189.2452834,dcs_bios_raw,RWR_LT_BRIGHT,52706,53687,981,,,,,,,,,,no,no,unmapped_raw_key
P02,without_tutor,T01,11135,2026-05-24T21:29:49.392920+00:00,1779658189.3899205,dcs_bios_raw,RWR_LT_BRIGHT,53687,52706,-981,,,,,,,,,,no,no,unmapped_raw_key
P02,without_tutor,T01,11136,2026-05-24T21:29:49.504023+00:00,1779658189.501023,dcs_bios_raw,RWR_LT_BRIGHT,52706,53687,981,,,,,,,,,,no,no,unmapped_raw_key
P02,without_tutor,T01,11137,2026-05-24T21:29:49.612109+00:00,1779658189.6071093,dcs_bios_raw,RWR_LT_BRIGHT,53687,52706,-981,,,,,,,,,,no,no,unmapped_raw_key
P02,without_tutor,T01,11138,2026-05-24T21:29:49.715202+00:00,1779658189.7127075,dcs_bios_raw,RWR_LT_BRIGHT,52706,53687,981,,,,,,,,,,no,no,unmapped_raw_key
P02,without_tutor,T01,11139,2026-05-24T21:29:49.859374+00:00,1779658189.8563726,dcs_bios_raw,RWR_LT_BRIGHT,53687,52706,-981,,,,,,,,,,no,no,unmapped_raw_key
P02,without_tutor,T01,11140,2026-05-24T21:29:49.964973+00:00,1779658189.961973,dcs_bios_raw,RWR_LT_BRIGHT,52706,53687,981,,,,,,,,,,no,no,unmapped_raw_key
P02,without_tutor,T01,11141,2026-05-24T21:29:50.110117+00:00,1779658190.1071093,dcs_bios_raw,RWR_LT_BRIGHT,53687,52706,-981,,,,,,,,,,no,no,unmapped_raw_key
P02,without_tutor,T01,11142,2026-05-24T21:29:50.215198+00:00,1779658190.2126963,dcs_bios_raw,RWR_LT_BRIGHT,52706,53687,981,,,,,,,,,,no,no,unmapped_raw_key
P02,without_tutor,T01,11143,2026-05-24T21:29:50.320801+00:00,1779658190.3178012,dcs_bios_raw,RWR_LT_BRIGHT,53687,52706,-981,,,,,,,,,,no,no,unmapped_raw_key
P02,without_tutor,T01,11144,2026-05-24T21:29:50.465411+00:00,1779658190.4629097,dcs_bios_raw,RWR_LT_BRIGHT,52706,53687,981,,,,,,,,,,no,no,unmapped_raw_key
P02,without_tutor,T01,11145,2026-05-24T21:29:50.571002+00:00,1779658190.5680022,dcs_bios_raw,RWR_LT_BRIGHT,53687,52706,-981,,,,,,,,,,no,no,unmapped_raw_key
P02,without_tutor,T01,11146,2026-05-24T21:29:50.681169+00:00,1779658190.6791692,dcs_bios_raw,RWR_LT_BRIGHT,52706,53687,981,,,,,,,,,,no,no,unmapped_raw_key
P02,without_tutor,T01,11147,2026-05-24T21:29:50.820816+00:00,1779658190.8178167,dcs_bios_raw,RWR_LT_BRIGHT,53687,52706,-981,,,,,,,,,,no,no,unmapped_raw_key
P02,without_tutor,T01,11148,2026-05-24T21:29:50.931917+00:00,1779658190.9289172,dcs_bios_raw,RWR_LT_BRIGHT,52706,53687,981,,,,,,,,,,no,no,unmapped_raw_key
P02,without_tutor,T01,11150,2026-05-24T21:29:51.038004+00:00,1779658191.035,dcs_bios_raw,RWR_LT_BRIGHT,53687,52706,-981,,,,,,,,,,no,no,unmapped_raw_key
P02,without_tutor,T01,11151,2026-05-24T21:29:51.182122+00:00,1779658191.179122,dcs_bios_raw,RWR_LT_BRIGHT,52706,53687,981,,,,,,,,,,no,no,unmapped_raw_key
P02,without_tutor,T01,11152,2026-05-24T21:29:51.288205+00:00,1779658191.2852008,dcs_bios_raw,RWR_LT_BRIGHT,53687,52706,-981,,,,,,,,,,no,no,unmapped_raw_key
P02,without_tutor,T01,11153,2026-05-24T21:29:51.431833+00:00,1779658191.428833,dcs_bios_raw,RWR_LT_BRIGHT,52706,53687,981,,,,,,,,,,no,no,unmapped_raw_key
P02,without_tutor,T01,11154,2026-05-24T21:29:51.537936+00:00,1779658191.534927,dcs_bios_raw,RWR_LT_BRIGHT,53687,52706,-981,,,,,,,,,,no,no,unmapped_raw_key
P02,without_tutor,T01,11155,2026-05-24T21:29:51.644033+00:00,1779658191.6405272,dcs_bios_raw,RWR_LT_BRIGHT,52706,53687,981,,,,,,,,,,no,no,unmapped_raw_key
P02,without_tutor,T01,11156,2026-05-24T21:29:51.787148+00:00,1779658191.7846413,dcs_bios_raw,RWR_LT_BRIGHT,53687,52706,-981,,,,,,,,,,no,no,unmapped_raw_key
P02,without_tutor,T01,11157,2026-05-24T21:29:51.892735+00:00,1779658191.890736,dcs_bios_raw,RWR_LT_BRIGHT,52706,53687,981,,,,,,,,,,no,no,unmapped_raw_key
P02,without_tutor,T01,11159,2026-05-24T21:29:52.003855+00:00,1779658192.001856,dcs_bios_raw,RWR_LT_BRIGHT,53687,52706,-981,,,,,,,,,,no,no,unmapped_raw_key
P02,without_tutor,T01,11160,2026-05-24T21:29:52.142980+00:00,1779658192.1394758,dcs_bios_raw,RWR_LT_BRIGHT,52706,53687,981,,,,,,,,,,no,no,unmapped_raw_key
P02,without_tutor,T01,11161,2026-05-24T21:29:52.249073+00:00,1779658192.2460709,dcs_bios_raw,RWR_LT_BRIGHT,53687,52706,-981,,,,,,,,,,no,no,unmapped_raw_key
P02,without_tutor,T01,11162,2026-05-24T21:29:52.392719+00:00,1779658192.3897197,dcs_bios_raw,RWR_LT_BRIGHT,52706,53687,981,,,,,,,,,,no,no,unmapped_raw_key
P02,without_tutor,T01,11163,2026-05-24T21:29:52.503809+00:00,1779658192.501809,dcs_bios_raw,RWR_LT_BRIGHT,53687,52706,-981,,,,,,,,,,no,no,unmapped_raw_key
P02,without_tutor,T01,11164,2026-05-24T21:29:52.610930+00:00,1779658192.6069298,dcs_bios_raw,RWR_LT_BRIGHT,52706,53687,981,,,,,,,,,,no,no,unmapped_raw_key
P02,without_tutor,T01,11165,2026-05-24T21:29:52.715026+00:00,1779658192.7125242,dcs_bios_raw,RWR_LT_BRIGHT,53687,52706,-981,,,,,,,,,,no,no,unmapped_raw_key
P02,without_tutor,T01,11166,2026-05-24T21:29:52.859161+00:00,1779658192.8571687,dcs_bios_raw,RWR_LT_BRIGHT,52706,53687,981,,,,,,,,,,no,no,unmapped_raw_key
P02,without_tutor,T01,11166,2026-05-24T21:29:52.859161+00:00,1779658192.8571687,dcs_bios_raw,COM_COMM_G_XMT_SW,,2,2,,,,,,,,,,no,no,unmapped_raw_key
P02,without_tutor,T01,11167,2026-05-24T21:29:52.892692+00:00,1779658192.890699,dcs_bios_raw,COMM1_FREQ,13400,0,-13400,ufc_comm1_channel_selector_rotate;ufc_comm1_channel_selector_pull,S09,,,,,,,,no,no,
P02,without_tutor,T01,11168,2026-05-24T21:29:52.965269+00:00,1779658192.9627748,dcs_bios_raw,RWR_LT_BRIGHT,53687,52706,-981,,,,,,,,,,no,no,unmapped_raw_key
P02,without_tutor,T01,11169,2026-05-24T21:29:53.109910+00:00,1779658193.10691,dcs_bios_raw,RWR_LT_BRIGHT,52706,53687,981,,,,,,,,,,no,no,unmapped_raw_key
P02,without_tutor,T01,11170,2026-05-24T21:29:53.215017+00:00,1779658193.2125156,dcs_bios_raw,RWR_LT_BRIGHT,53687,52706,-981,,,,,,,,,,no,no,unmapped_raw_key
P02,without_tutor,T01,11171,2026-05-24T21:29:53.322622+00:00,1779658193.318622,dcs_bios_raw,RWR_LT_BRIGHT,52706,53687,981,,,,,,,,,,no,no,unmapped_raw_key
P02,without_tutor,T01,11172,2026-05-24T21:29:53.465265+00:00,1779658193.462771,dcs_bios_raw,RWR_LT_BRIGHT,53687,52706,-981,,,,,,,,,,no,no,unmapped_raw_key
P02,without_tutor,T01,11173,2026-05-24T21:29:53.571871+00:00,1779658193.5678704,dcs_bios_raw,RWR_LT_BRIGHT,52706,53687,981,,,,,,,,,,no,no,unmapped_raw_key
P02,without_tutor,T01,11174,2026-05-24T21:29:53.681953+00:00,1779658193.6789536,dcs_bios_raw,RWR_LT_BRIGHT,53687,52706,-981,,,,,,,,,,no,no,unmapped_raw_key
P02,without_tutor,T01,11175,2026-05-24T21:29:53.787051+00:00,1779658193.7850416,dcs_bios_raw,COM_COMM_RELAY_SW,,2,2,,,,,,,,,,no,no,unmapped_raw_key
P02,without_tutor,T01,11176,2026-05-24T21:29:53.822574+00:00,1779658193.8175745,dcs_bios_raw,RWR_LT_BRIGHT,52706,53687,981,,,,,,,,,,no,no,unmapped_raw_key
P02,without_tutor,T01,11177,2026-05-24T21:29:53.926658+00:00,1779658193.9231532,dcs_bios_raw,RWR_LT_BRIGHT,53687,52706,-981,,,,,,,,,,no,no,unmapped_raw_key
P02,without_tutor,T01,11179,2026-05-24T21:29:54.070778+00:00,1779658194.0677786,dcs_bios_raw,RWR_LT_BRIGHT,52706,53687,981,,,,,,,,,,no,no,unmapped_raw_key
P02,without_tutor,T01,11180,2026-05-24T21:29:54.181897+00:00,1779658194.1788974,dcs_bios_raw,RWR_LT_BRIGHT,53687,52706,-981,,,,,,,,,,no,no,unmapped_raw_key
P02,without_tutor,T01,11181,2026-05-24T21:29:54.286983+00:00,1779658194.2849782,dcs_bios_raw,RWR_LT_BRIGHT,52706,53687,981,,,,,,,,,,no,no,unmapped_raw_key
P02,without_tutor,T01,11182,2026-05-24T21:29:54.431607+00:00,1779658194.429608,dcs_bios_raw,RWR_LT_BRIGHT,53687,52706,-981,,,,,,,,,,no,no,unmapped_raw_key
P02,without_tutor,T01,11183,2026-05-24T21:29:54.537195+00:00,1779658194.5351913,dcs_bios_raw,RWR_LT_BRIGHT,52706,53687,981,,,,,,,,,,no,no,unmapped_raw_key
P02,without_tutor,T01,11184,2026-05-24T21:29:54.645789+00:00,1779658194.6402812,dcs_bios_raw,RWR_LT_BRIGHT,53687,52706,-981,,,,,,,,,,no,no,unmapped_raw_key
P02,without_tutor,T01,11185,2026-05-24T21:29:54.787892+00:00,1779658194.7848876,dcs_bios_raw,RWR_LT_BRIGHT,52706,53687,981,,,,,,,,,,no,no,unmapped_raw_key
P02,without_tutor,T01,11186,2026-05-24T21:29:54.892980+00:00,1779658194.889981,dcs_bios_raw,RWR_LT_BRIGHT,53687,52706,-981,,,,,,,,,,no,no,unmapped_raw_key
P02,without_tutor,T01,11188,2026-05-24T21:29:54.998560+00:00,1779658194.9955559,dcs_bios_raw,RWR_LT_BRIGHT,52706,53687,981,,,,,,,,,,no,no,unmapped_raw_key
P02,without_tutor,T01,11189,2026-05-24T21:29:55.142169+00:00,1779658195.1401696,dcs_bios_raw,RWR_LT_BRIGHT,53687,52706,-981,,,,,,,,,,no,no,unmapped_raw_key
P02,without_tutor,T01,11190,2026-05-24T21:29:55.248764+00:00,1779658195.2457619,dcs_bios_raw,RWR_LT_BRIGHT,52706,53687,981,,,,,,,,,,no,no,unmapped_raw_key
P02,without_tutor,T01,11191,2026-05-24T21:29:55.393393+00:00,1779658195.3903928,dcs_bios_raw,RWR_LT_BRIGHT,53687,52706,-981,,,,,,,,,,no,no,unmapped_raw_key
P02,without_tutor,T01,11192,2026-05-24T21:29:55.498500+00:00,1779658195.4964979,dcs_bios_raw,RWR_LT_BRIGHT,52706,53687,981,,,,,,,,,,no,no,unmapped_raw_key
P02,without_tutor,T01,11193,2026-05-24T21:29:55.609592+00:00,1779658195.6075919,dcs_bios_raw,RWR_LT_BRIGHT,53687,52706,-981,,,,,,,,,,no,no,unmapped_raw_key
P02,without_tutor,T01,11194,2026-05-24T21:29:55.715166+00:00,1779658195.7126648,dcs_bios_raw,RWR_LT_BRIGHT,52706,53687,981,,,,,,,,,,no,no,unmapped_raw_key
P02,without_tutor,T01,11195,2026-05-24T21:29:55.859290+00:00,1779658195.8572898,dcs_bios_raw,RWR_LT_BRIGHT,53687,52706,-981,,,,,,,,,,no,no,unmapped_raw_key
P02,without_tutor,T01,11196,2026-05-24T21:29:55.964882+00:00,1779658195.962381,dcs_bios_raw,RWR_LT_BRIGHT,52706,53687,981,,,,,,,,,,no,no,unmapped_raw_key
P02,without_tutor,T01,11197,2026-05-24T21:29:56.109992+00:00,1779658196.106993,dcs_bios_raw,RWR_LT_BRIGHT,53687,52706,-981,,,,,,,,,,no,no,unmapped_raw_key
P02,without_tutor,T01,11198,2026-05-24T21:29:56.217569+00:00,1779658196.2130623,dcs_bios_raw,RWR_LT_BRIGHT,52706,53687,981,,,,,,,,,,no,no,unmapped_raw_key
P02,without_tutor,T01,11199,2026-05-24T21:29:56.320638+00:00,1779658196.3176384,dcs_bios_raw,RWR_LT_BRIGHT,53687,52706,-981,,,,,,,,,,no,no,unmapped_raw_key
P02,without_tutor,T01,11200,2026-05-24T21:29:56.465264+00:00,1779658196.4627705,dcs_bios_raw,RWR_LT_BRIGHT,52706,53687,981,,,,,,,,,,no,no,unmapped_raw_key
P02,without_tutor,T01,11201,2026-05-24T21:29:56.571345+00:00,1779658196.5683453,dcs_bios_raw,RWR_LT_BRIGHT,53687,52706,-981,,,,,,,,,,no,no,unmapped_raw_key
P02,without_tutor,T01,11202,2026-05-24T21:29:56.681445+00:00,1779658196.6794527,dcs_bios_raw,RWR_LT_BRIGHT,52706,53687,981,,,,,,,,,,no,no,unmapped_raw_key
P02,without_tutor,T01,11203,2026-05-24T21:29:56.820565+00:00,1779658196.8185654,dcs_bios_raw,RWR_LT_BRIGHT,53687,52706,-981,,,,,,,,,,no,no,unmapped_raw_key
P02,without_tutor,T01,11204,2026-05-24T21:29:56.932144+00:00,1779658196.9291446,dcs_bios_raw,RWR_LT_BRIGHT,52706,53687,981,,,,,,,,,,no,no,unmapped_raw_key
P02,without_tutor,T01,11206,2026-05-24T21:29:57.070257+00:00,1779658197.0682573,dcs_bios_raw,RWR_LT_BRIGHT,53687,52706,-981,,,,,,,,,,no,no,unmapped_raw_key
P02,without_tutor,T01,11207,2026-05-24T21:29:57.176344+00:00,1779658197.1743398,dcs_bios_raw,RWR_LT_BRIGHT,52706,53687,981,,,,,,,,,,no,no,unmapped_raw_key
P02,without_tutor,T01,11208,2026-05-24T21:29:57.287425+00:00,1779658197.2854228,dcs_bios_raw,RWR_LT_BRIGHT,53687,52706,-981,,,,,,,,,,no,no,unmapped_raw_key
P02,without_tutor,T01,11209,2026-05-24T21:29:57.433042+00:00,1779658197.4290414,dcs_bios_raw,RWR_LT_BRIGHT,52706,53687,981,,,,,,,,,,no,no,unmapped_raw_key
P02,without_tutor,T01,11210,2026-05-24T21:29:57.537124+00:00,1779658197.5351198,dcs_bios_raw,RWR_LT_BRIGHT,53687,52706,-981,,,,,,,,,,no,no,unmapped_raw_key
P02,without_tutor,T01,11211,2026-05-24T21:29:57.642696+00:00,1779658197.6406963,dcs_bios_raw,RWR_LT_BRIGHT,52706,53687,981,,,,,,,,,,no,no,unmapped_raw_key
P02,without_tutor,T01,11212,2026-05-24T21:29:57.787311+00:00,1779658197.7853065,dcs_bios_raw,RWR_LT_BRIGHT,53687,52706,-981,,,,,,,,,,no,no,unmapped_raw_key
P02,without_tutor,T01,11213,2026-05-24T21:29:57.893893+00:00,1779658197.890893,dcs_bios_raw,RWR_LT_BRIGHT,52706,53687,981,,,,,,,,,,no,no,unmapped_raw_key
P02,without_tutor,T01,11214,2026-05-24T21:29:58.001482+00:00,1779658197.9964805,dcs_bios_raw,RWR_LT_BRIGHT,53687,52706,-981,,,,,,,,,,no,no,unmapped_raw_key
P02,without_tutor,T01,11215,2026-05-24T21:29:58.142614+00:00,1779658198.1406145,dcs_bios_raw,RWR_LT_BRIGHT,52706,53687,981,,,,,,,,,,no,no,unmapped_raw_key
P02,without_tutor,T01,11216,2026-05-24T21:29:58.248202+00:00,1779658198.2461994,dcs_bios_raw,RWR_LT_BRIGHT,53687,52706,-981,,,,,,,,,,no,no,unmapped_raw_key
P02,without_tutor,T01,11217,2026-05-24T21:29:58.393371+00:00,1779658198.3903716,dcs_bios_raw,RWR_LT_BRIGHT,52706,53687,981,,,,,,,,,,no,no,unmapped_raw_key
P02,without_tutor,T01,11218,2026-05-24T21:29:58.498496+00:00,1779658198.4954948,dcs_bios_raw,RWR_LT_BRIGHT,53687,52706,-981,,,,,,,,,,no,no,unmapped_raw_key
P02,without_tutor,T01,11219,2026-05-24T21:29:58.612582+00:00,1779658198.607583,dcs_bios_raw,RWR_LT_BRIGHT,52706,53687,981,,,,,,,,,,no,no,unmapped_raw_key
P02,without_tutor,T01,11220,2026-05-24T21:29:58.714669+00:00,1779658198.712168,dcs_bios_raw,RWR_LT_BRIGHT,53687,52706,-981,,,,,,,,,,no,no,unmapped_raw_key
P02,without_tutor,T01,11221,2026-05-24T21:29:58.860808+00:00,1779658198.8568072,dcs_bios_raw,RWR_LT_BRIGHT,52706,53687,981,,,,,,,,,,no,no,unmapped_raw_key
P02,without_tutor,T01,11222,2026-05-24T21:29:58.964901+00:00,1779658198.9624,dcs_bios_raw,RWR_LT_BRIGHT,53687,52706,-981,,,,,,,,,,no,no,unmapped_raw_key
P02,without_tutor,T01,11223,2026-05-24T21:29:59.109518+00:00,1779658199.1065161,dcs_bios_raw,RWR_LT_BRIGHT,52706,53687,981,,,,,,,,,,no,no,unmapped_raw_key
P02,without_tutor,T01,11224,2026-05-24T21:29:59.214594+00:00,1779658199.212093,dcs_bios_raw,RWR_LT_BRIGHT,53687,52706,-981,,,,,,,,,,no,no,unmapped_raw_key
P02,without_tutor,T01,11225,2026-05-24T21:29:59.320181+00:00,1779658199.3181815,dcs_bios_raw,RWR_LT_BRIGHT,52706,53687,981,,,,,,,,,,no,no,unmapped_raw_key
P02,without_tutor,T01,11226,2026-05-24T21:29:59.464806+00:00,1779658199.462305,dcs_bios_raw,RWR_LT_BRIGHT,53687,52706,-981,,,,,,,,,,no,no,unmapped_raw_key
P02,without_tutor,T01,11227,2026-05-24T21:29:59.570391+00:00,1779658199.5683916,dcs_bios_raw,RWR_LT_BRIGHT,52706,53687,981,,,,,,,,,,no,no,unmapped_raw_key
P02,without_tutor,T01,11228,2026-05-24T21:29:59.681471+00:00,1779658199.6794722,dcs_bios_raw,RWR_LT_BRIGHT,53687,52706,-981,,,,,,,,,,no,no,unmapped_raw_key
P02,without_tutor,T01,11230,2026-05-24T21:29:59.821112+00:00,1779658199.818112,dcs_bios_raw,RWR_LT_BRIGHT,52706,53687,981,,,,,,,,,,no,no,unmapped_raw_key
P02,without_tutor,T01,11231,2026-05-24T21:29:59.926235+00:00,1779658199.9227276,dcs_bios_raw,RWR_LT_BRIGHT,53687,52706,-981,,,,,,,,,,no,no,unmapped_raw_key
P02,without_tutor,T01,11233,2026-05-24T21:30:00.038337+00:00,1779658200.0353346,dcs_bios_raw,RWR_LT_BRIGHT,52706,53687,981,,,,,,,,,,no,no,unmapped_raw_key
P02,without_tutor,T01,11234,2026-05-24T21:30:00.181454+00:00,1779658200.1794543,dcs_bios_raw,RWR_LT_BRIGHT,53687,52706,-981,,,,,,,,,,no,no,unmapped_raw_key
P02,without_tutor,T01,11235,2026-05-24T21:30:00.287554+00:00,1779658200.2845497,dcs_bios_raw,RWR_LT_BRIGHT,52706,53687,981,,,,,,,,,,no,no,unmapped_raw_key
P02,without_tutor,T01,11236,2026-05-24T21:30:00.426162+00:00,1779658200.4236567,dcs_bios_raw,RWR_LT_BRIGHT,53687,52706,-981,,,,,,,,,,no,no,unmapped_raw_key
P02,without_tutor,T01,11237,2026-05-24T21:30:00.537258+00:00,1779658200.535247,dcs_bios_raw,RWR_LT_BRIGHT,52706,53687,981,,,,,,,,,,no,no,unmapped_raw_key
P02,without_tutor,T01,11238,2026-05-24T21:30:00.642832+00:00,1779658200.6408324,dcs_bios_raw,RWR_LT_BRIGHT,53687,52706,-981,,,,,,,,,,no,no,unmapped_raw_key
P02,without_tutor,T01,11239,2026-05-24T21:30:00.787446+00:00,1779658200.7849398,dcs_bios_raw,RWR_LT_BRIGHT,52706,53687,981,,,,,,,,,,no,no,unmapped_raw_key
P02,without_tutor,T01,11240,2026-05-24T21:30:00.888030+00:00,1779658200.885025,dcs_bios_raw,RWR_LT_BRIGHT,53687,52706,-981,,,,,,,,,,no,no,unmapped_raw_key
P02,without_tutor,T01,11241,2026-05-24T21:30:01.001148+00:00,1779658200.9961462,dcs_bios_raw,RWR_LT_BRIGHT,52706,53687,981,,,,,,,,,,no,no,unmapped_raw_key
P02,without_tutor,T01,11242,2026-05-24T21:30:01.142747+00:00,1779658201.1407483,dcs_bios_raw,RWR_LT_BRIGHT,53687,52706,-981,,,,,,,,,,no,no,unmapped_raw_key
P02,without_tutor,T01,11243,2026-05-24T21:30:01.249339+00:00,1779658201.2458382,dcs_bios_raw,RWR_LT_BRIGHT,52706,53687,981,,,,,,,,,,no,no,unmapped_raw_key
P02,without_tutor,T01,11244,2026-05-24T21:30:01.392957+00:00,1779658201.3909574,dcs_bios_raw,RWR_LT_BRIGHT,53687,52706,-981,,,,,,,,,,no,no,unmapped_raw_key
P02,without_tutor,T01,11245,2026-05-24T21:30:01.499034+00:00,1779658201.4960322,dcs_bios_raw,RWR_LT_BRIGHT,52706,53687,981,,,,,,,,,,no,no,unmapped_raw_key
P02,without_tutor,T01,11246,2026-05-24T21:30:01.610113+00:00,1779658201.6071131,dcs_bios_raw,RWR_LT_BRIGHT,53687,52706,-981,,,,,,,,,,no,no,unmapped_raw_key
P02,without_tutor,T01,11247,2026-05-24T21:30:01.749242+00:00,1779658201.746741,dcs_bios_raw,RWR_LT_BRIGHT,52706,53687,981,,,,,,,,,,no,no,unmapped_raw_key
P02,without_tutor,T01,11248,2026-05-24T21:30:01.860348+00:00,1779658201.8573484,dcs_bios_raw,RWR_LT_BRIGHT,53687,52706,-981,,,,,,,,,,no,no,unmapped_raw_key
P02,without_tutor,T01,11249,2026-05-24T21:30:01.965445+00:00,1779658201.9629412,dcs_bios_raw,RWR_LT_BRIGHT,52706,53687,981,,,,,,,,,,no,no,unmapped_raw_key
P02,without_tutor,T01,11251,2026-05-24T21:30:02.110076+00:00,1779658202.1070771,dcs_bios_raw,RWR_LT_BRIGHT,53687,52706,-981,,,,,,,,,,no,no,unmapped_raw_key
P02,without_tutor,T01,11252,2026-05-24T21:30:02.215169+00:00,1779658202.212667,dcs_bios_raw,RWR_LT_BRIGHT,52706,53687,981,,,,,,,,,,no,no,unmapped_raw_key
P02,without_tutor,T01,11253,2026-05-24T21:30:02.320758+00:00,1779658202.3187659,dcs_bios_raw,RWR_LT_BRIGHT,53687,52706,-981,,,,,,,,,,no,no,unmapped_raw_key
P02,without_tutor,T01,11254,2026-05-24T21:30:02.465380+00:00,1779658202.4628778,dcs_bios_raw,RWR_LT_BRIGHT,52706,53687,981,,,,,,,,,,no,no,unmapped_raw_key
P02,without_tutor,T01,11255,2026-05-24T21:30:02.571998+00:00,1779658202.5679982,dcs_bios_raw,RWR_LT_BRIGHT,53687,52706,-981,,,,,,,,,,no,no,unmapped_raw_key
P02,without_tutor,T01,11256,2026-05-24T21:30:02.676096+00:00,1779658202.6735919,dcs_bios_raw,RWR_LT_BRIGHT,52706,53687,981,,,,,,,,,,no,no,unmapped_raw_key
P02,without_tutor,T01,11257,2026-05-24T21:30:02.820734+00:00,1779658202.818734,dcs_bios_raw,RWR_LT_BRIGHT,53687,52706,-981,,,,,,,,,,no,no,unmapped_raw_key
P02,without_tutor,T01,11258,2026-05-24T21:30:02.940365+00:00,1779658202.9373646,dcs_bios_raw,RWR_LT_BRIGHT,52706,53687,981,,,,,,,,,,no,no,unmapped_raw_key
P02,without_tutor,T01,11260,2026-05-24T21:30:03.044489+00:00,1779658203.041988,dcs_bios_raw,RWR_LT_BRIGHT,53687,52706,-981,,,,,,,,,,no,no,unmapped_raw_key
P02,without_tutor,T01,11261,2026-05-24T21:30:03.180114+00:00,1779658203.1751084,dcs_bios_raw,RWR_LT_BRIGHT,52706,53687,981,,,,,,,,,,no,no,unmapped_raw_key
P02,without_tutor,T01,11262,2026-05-24T21:30:03.277715+00:00,1779658203.27471,dcs_bios_raw,RWR_LT_BRIGHT,53687,52706,-981,,,,,,,,,,no,no,unmapped_raw_key
P02,without_tutor,T01,11263,2026-05-24T21:30:03.416340+00:00,1779658203.4143379,dcs_bios_raw,RWR_LT_BRIGHT,52706,53687,981,,,,,,,,,,no,no,unmapped_raw_key
P02,without_tutor,T01,11264,2026-05-24T21:30:03.527457+00:00,1779658203.5254529,dcs_bios_raw,RWR_LT_BRIGHT,53687,52706,-981,,,,,,,,,,no,no,unmapped_raw_key
P02,without_tutor,T01,11265,2026-05-24T21:30:03.668624+00:00,1779658203.6646187,dcs_bios_raw,RWR_LT_BRIGHT,52706,53687,981,,,,,,,,,,no,no,unmapped_raw_key
P02,without_tutor,T01,11266,2026-05-24T21:30:03.772207+00:00,1779658203.7692077,dcs_bios_raw,RWR_LT_BRIGHT,53687,52706,-981,,,,,,,,,,no,no,unmapped_raw_key
P02,without_tutor,T01,11268,2026-05-24T21:30:03.888808+00:00,1779658203.8868084,dcs_bios_raw,RWR_LT_BRIGHT,52706,53687,981,,,,,,,,,,no,no,unmapped_raw_key
P02,without_tutor,T01,11270,2026-05-24T21:30:04.027423+00:00,1779658204.0254219,dcs_bios_raw,RWR_LT_BRIGHT,53687,52706,-981,,,,,,,,,,no,no,unmapped_raw_key
P02,without_tutor,T01,11271,2026-05-24T21:30:04.133037+00:00,1779658204.1310375,dcs_bios_raw,RWR_LT_BRIGHT,52706,53687,981,,,,,,,,,,no,no,unmapped_raw_key
P02,without_tutor,T01,11272,2026-05-24T21:30:04.239132+00:00,1779658204.23613,dcs_bios_raw,RWR_LT_BRIGHT,53687,52706,-981,,,,,,,,,,no,no,unmapped_raw_key
P02,without_tutor,T01,11273,2026-05-24T21:30:04.383266+00:00,1779658204.3812666,dcs_bios_raw,RWR_LT_BRIGHT,52706,53687,981,,,,,,,,,,no,no,unmapped_raw_key
P02,without_tutor,T01,11274,2026-05-24T21:30:04.489361+00:00,1779658204.4863622,dcs_bios_raw,RWR_LT_BRIGHT,53687,52706,-981,,,,,,,,,,no,no,unmapped_raw_key
P02,without_tutor,T01,11275,2026-05-24T21:30:04.633002+00:00,1779658204.631002,dcs_bios_raw,RWR_LT_BRIGHT,52706,53687,981,,,,,,,,,,no,no,unmapped_raw_key
P02,without_tutor,T01,11276,2026-05-24T21:30:04.739093+00:00,1779658204.7370934,dcs_bios_raw,RWR_LT_BRIGHT,53687,52706,-981,,,,,,,,,,no,no,unmapped_raw_key
P02,without_tutor,T01,11277,2026-05-24T21:30:04.850192+00:00,1779658204.8471925,dcs_bios_raw,RWR_LT_BRIGHT,52706,53687,981,,,,,,,,,,no,no,unmapped_raw_key
P02,without_tutor,T01,11278,2026-05-24T21:30:04.990326+00:00,1779658204.9863234,dcs_bios_raw,RWR_LT_BRIGHT,53687,52706,-981,,,,,,,,,,no,no,unmapped_raw_key
P02,without_tutor,T01,11279,2026-05-24T21:30:05.094436+00:00,1779658205.0919342,dcs_bios_raw,RWR_LT_BRIGHT,52706,53687,981,,,,,,,,,,no,no,unmapped_raw_key
P02,without_tutor,T01,11280,2026-05-24T21:30:05.206541+00:00,1779658205.204035,dcs_bios_raw,RWR_LT_BRIGHT,53687,52706,-981,,,,,,,,,,no,no,unmapped_raw_key
P02,without_tutor,T01,11281,2026-05-24T21:30:05.344656+00:00,1779658205.342162,dcs_bios_raw,RWR_LT_BRIGHT,52706,53687,981,,,,,,,,,,no,no,unmapped_raw_key
P02,without_tutor,T01,11282,2026-05-24T21:30:05.458253+00:00,1779658205.4532473,dcs_bios_raw,RWR_LT_BRIGHT,53687,52706,-981,,,,,,,,,,no,no,unmapped_raw_key
P02,without_tutor,T01,11283,2026-05-24T21:30:05.563345+00:00,1779658205.5583444,dcs_bios_raw,RWR_LT_BRIGHT,52706,53687,981,,,,,,,,,,no,no,unmapped_raw_key
P02,without_tutor,T01,11284,2026-05-24T21:30:05.705973+00:00,1779658205.7034688,dcs_bios_raw,RWR_LT_BRIGHT,53687,52706,-981,,,,,,,,,,no,no,unmapped_raw_key
P02,without_tutor,T01,11285,2026-05-24T21:30:05.812056+00:00,1779658205.8090577,dcs_bios_raw,RWR_LT_BRIGHT,52706,53687,981,,,,,,,,,,no,no,unmapped_raw_key
P02,without_tutor,T01,11286,2026-05-24T21:30:05.917159+00:00,1779658205.914155,dcs_bios_raw,RWR_LT_BRIGHT,53687,52706,-981,,,,,,,,,,no,no,unmapped_raw_key
P02,without_tutor,T01,11288,2026-05-24T21:30:06.062318+00:00,1779658206.0583181,dcs_bios_raw,RWR_LT_BRIGHT,52706,53687,981,,,,,,,,,,no,no,unmapped_raw_key
P02,without_tutor,T01,11289,2026-05-24T21:30:06.167420+00:00,1779658206.1644158,dcs_bios_raw,RWR_LT_BRIGHT,53687,52706,-981,,,,,,,,,,no,no,unmapped_raw_key
P02,without_tutor,T01,11290,2026-05-24T21:30:06.311028+00:00,1779658206.3090296,dcs_bios_raw,RWR_LT_BRIGHT,52706,53687,981,,,,,,,,,,no,no,unmapped_raw_key
P02,without_tutor,T01,11291,2026-05-24T21:30:06.417148+00:00,1779658206.414143,dcs_bios_raw,RWR_LT_BRIGHT,53687,52706,-981,,,,,,,,,,no,no,unmapped_raw_key
P02,without_tutor,T01,11292,2026-05-24T21:30:06.527770+00:00,1779658206.5247653,dcs_bios_raw,RWR_LT_BRIGHT,52706,53687,981,,,,,,,,,,no,no,unmapped_raw_key
P02,without_tutor,T01,11293,2026-05-24T21:30:06.671910+00:00,1779658206.6699102,dcs_bios_raw,RWR_LT_BRIGHT,53687,52706,-981,,,,,,,,,,no,no,unmapped_raw_key
P02,without_tutor,T01,11294,2026-05-24T21:30:06.777515+00:00,1779658206.775514,dcs_bios_raw,RWR_LT_BRIGHT,52706,53687,981,,,,,,,,,,no,no,unmapped_raw_key
P02,without_tutor,T01,11295,2026-05-24T21:30:06.889111+00:00,1779658206.8861086,dcs_bios_raw,RWR_LT_BRIGHT,53687,52706,-981,,,,,,,,,,no,no,unmapped_raw_key
P02,without_tutor,T01,11297,2026-05-24T21:30:07.027255+00:00,1779658207.0252535,dcs_bios_raw,RWR_LT_BRIGHT,52706,53687,981,,,,,,,,,,no,no,unmapped_raw_key
P02,without_tutor,T01,11298,2026-05-24T21:30:07.138868+00:00,1779658207.1358662,dcs_bios_raw,RWR_LT_BRIGHT,53687,52706,-981,,,,,,,,,,no,no,unmapped_raw_key
P02,without_tutor,T01,11299,2026-05-24T21:30:07.238942+00:00,1779658207.235941,dcs_bios_raw,RWR_LT_BRIGHT,52706,53687,981,,,,,,,,,,no,no,unmapped_raw_key
P02,without_tutor,T01,11300,2026-05-24T21:30:07.388561+00:00,1779658207.3865616,dcs_bios_raw,RWR_LT_BRIGHT,53687,52706,-981,,,,,,,,,,no,no,unmapped_raw_key
P02,without_tutor,T01,11301,2026-05-24T21:30:07.494671+00:00,1779658207.4921687,dcs_bios_raw,RWR_LT_BRIGHT,52706,53687,981,,,,,,,,,,no,no,unmapped_raw_key
P02,without_tutor,T01,11302,2026-05-24T21:30:07.638830+00:00,1779658207.635828,dcs_bios_raw,RWR_LT_BRIGHT,53687,52706,-981,,,,,,,,,,no,no,unmapped_raw_key
P02,without_tutor,T01,11303,2026-05-24T21:30:07.744411+00:00,1779658207.7419095,dcs_bios_raw,RWR_LT_BRIGHT,52706,53687,981,,,,,,,,,,no,no,unmapped_raw_key
P02,without_tutor,T01,11304,2026-05-24T21:30:07.849489+00:00,1779658207.847489,dcs_bios_raw,RWR_LT_BRIGHT,53687,52706,-981,,,,,,,,,,no,no,unmapped_raw_key
P02,without_tutor,T01,11305,2026-05-24T21:30:07.961094+00:00,1779658207.9590948,dcs_bios_raw,RWR_LT_BRIGHT,52706,53687,981,,,,,,,,,,no,no,unmapped_raw_key
P02,without_tutor,T01,11307,2026-05-24T21:30:08.101767+00:00,1779658208.0977669,dcs_bios_raw,RWR_LT_BRIGHT,53687,52706,-981,,,,,,,,,,no,no,unmapped_raw_key
P02,without_tutor,T01,11308,2026-05-24T21:30:08.205859+00:00,1779658208.2033553,dcs_bios_raw,RWR_LT_BRIGHT,52706,53687,981,,,,,,,,,,no,no,unmapped_raw_key
P02,without_tutor,T01,11309,2026-05-24T21:30:08.352519+00:00,1779658208.3475196,dcs_bios_raw,RWR_LT_BRIGHT,53687,52706,-981,,,,,,,,,,no,no,unmapped_raw_key
P02,without_tutor,T01,11310,2026-05-24T21:30:08.455609+00:00,1779658208.4531033,dcs_bios_raw,RWR_LT_BRIGHT,52706,53687,981,,,,,,,,,,no,no,unmapped_raw_key
P02,without_tutor,T01,11311,2026-05-24T21:30:08.562730+00:00,1779658208.558729,dcs_bios_raw,RWR_LT_BRIGHT,53687,52706,-981,,,,,,,,,,no,no,unmapped_raw_key
P02,without_tutor,T01,11312,2026-05-24T21:30:08.707378+00:00,1779658208.7028692,dcs_bios_raw,RWR_LT_BRIGHT,52706,53687,981,,,,,,,,,,no,no,unmapped_raw_key
P02,without_tutor,T01,11313,2026-05-24T21:30:08.812454+00:00,1779658208.808453,dcs_bios_raw,RWR_LT_BRIGHT,53687,52706,-981,,,,,,,,,,no,no,unmapped_raw_key
P02,without_tutor,T01,11314,2026-05-24T21:30:08.922049+00:00,1779658208.9190495,dcs_bios_raw,RWR_LT_BRIGHT,52706,53687,981,,,,,,,,,,no,no,unmapped_raw_key
P02,without_tutor,T01,11316,2026-05-24T21:30:09.060681+00:00,1779658209.0586815,dcs_bios_raw,RWR_LT_BRIGHT,53687,52706,-981,,,,,,,,,,no,no,unmapped_raw_key
P02,without_tutor,T01,11317,2026-05-24T21:30:09.171811+00:00,1779658209.1698108,dcs_bios_raw,RWR_LT_BRIGHT,52706,53687,981,,,,,,,,,,no,no,unmapped_raw_key
P02,without_tutor,T01,11318,2026-05-24T21:30:09.313436+00:00,1779658209.3084362,dcs_bios_raw,RWR_LT_BRIGHT,53687,52706,-981,,,,,,,,,,no,no,unmapped_raw_key
P02,without_tutor,T01,11319,2026-05-24T21:30:09.422546+00:00,1779658209.4195464,dcs_bios_raw,RWR_LT_BRIGHT,52706,53687,981,,,,,,,,,,no,no,unmapped_raw_key
P02,without_tutor,T01,11320,2026-05-24T21:30:09.527647+00:00,1779658209.5246415,dcs_bios_raw,RWR_LT_BRIGHT,53687,52706,-981,,,,,,,,,,no,no,unmapped_raw_key
P02,without_tutor,T01,11321,2026-05-24T21:30:09.666812+00:00,1779658209.6643026,dcs_bios_raw,RWR_LT_BRIGHT,52706,53687,981,,,,,,,,,,no,no,unmapped_raw_key
P02,without_tutor,T01,11323,2026-05-24T21:30:09.767416+00:00,1779658209.7644045,dcs_bios_raw,RWR_LT_BRIGHT,53687,52706,-981,,,,,,,,,,no,no,unmapped_raw_key
P02,without_tutor,T01,11327,2026-05-24T21:30:09.899518+00:00,1779658209.8975182,dcs_bios_raw,RWR_LT_BRIGHT,52706,53687,981,,,,,,,,,,no,no,unmapped_raw_key
P02,without_tutor,T01,11330,2026-05-24T21:30:10.000101+00:00,1779658209.9971015,dcs_bios_raw,RWR_LT_BRIGHT,53687,52706,-981,,,,,,,,,,no,no,unmapped_raw_key
P02,without_tutor,T01,11331,2026-05-24T21:30:10.138752+00:00,1779658210.1357498,dcs_bios_raw,RWR_LT_BRIGHT,52706,53687,981,,,,,,,,,,no,no,unmapped_raw_key
P02,without_tutor,T01,11332,2026-05-24T21:30:10.244353+00:00,1779658210.241353,dcs_bios_raw,RWR_LT_BRIGHT,53687,52706,-981,,,,,,,,,,no,no,unmapped_raw_key
P02,without_tutor,T01,11334,2026-05-24T21:30:10.389024+00:00,1779658210.3860219,dcs_bios_raw,RWR_LT_BRIGHT,52706,53687,981,,,,,,,,,,no,no,unmapped_raw_key
P02,without_tutor,T01,11335,2026-05-24T21:30:10.497128+00:00,1779658210.4916215,dcs_bios_raw,RWR_LT_BRIGHT,53687,52706,-981,,,,,,,,,,no,no,unmapped_raw_key
P02,without_tutor,T01,11336,2026-05-24T21:30:10.640810+00:00,1779658210.6358078,dcs_bios_raw,RWR_LT_BRIGHT,52706,53687,981,,,,,,,,,,no,no,unmapped_raw_key
P02,without_tutor,T01,11337,2026-05-24T21:30:10.744924+00:00,1779658210.7424228,dcs_bios_raw,RWR_LT_BRIGHT,53687,52706,-981,,,,,,,,,,no,no,unmapped_raw_key
P02,without_tutor,T01,11338,2026-05-24T21:30:10.849508+00:00,1779658210.8475096,dcs_bios_raw,RWR_LT_BRIGHT,52706,53687,981,,,,,,,,,,no,no,unmapped_raw_key
P02,without_tutor,T01,11340,2026-05-24T21:30:10.961109+00:00,1779658210.958107,dcs_bios_raw,RWR_LT_BRIGHT,53687,52706,-981,,,,,,,,,,no,no,unmapped_raw_key
P02,without_tutor,T01,11342,2026-05-24T21:30:11.099738+00:00,1779658211.0977402,dcs_bios_raw,RWR_LT_BRIGHT,52706,53687,981,,,,,,,,,,no,no,unmapped_raw_key
P02,without_tutor,T01,11343,2026-05-24T21:30:11.204855+00:00,1779658211.2023535,dcs_bios_raw,RWR_LT_BRIGHT,53687,52706,-981,,,,,,,,,,no,no,unmapped_raw_key
P02,without_tutor,T01,11344,2026-05-24T21:30:11.349502+00:00,1779658211.3475034,dcs_bios_raw,RWR_LT_BRIGHT,52706,53687,981,,,,,,,,,,no,no,unmapped_raw_key
P02,without_tutor,T01,11345,2026-05-24T21:30:11.462096+00:00,1779658211.4585915,dcs_bios_raw,RWR_LT_BRIGHT,53687,52706,-981,,,,,,,,,,no,no,unmapped_raw_key
P02,without_tutor,T01,11346,2026-05-24T21:30:11.560679+00:00,1779658211.5586767,dcs_bios_raw,RWR_LT_BRIGHT,52706,53687,981,,,,,,,,,,no,no,unmapped_raw_key
P02,without_tutor,T01,11347,2026-05-24T21:30:11.711821+00:00,1779658211.708814,dcs_bios_raw,RWR_LT_BRIGHT,53687,52706,-981,,,,,,,,,,no,no,unmapped_raw_key
P02,without_tutor,T01,11348,2026-05-24T21:30:11.810429+00:00,1779658211.8084319,dcs_bios_raw,RWR_LT_BRIGHT,52706,53687,981,,,,,,,,,,no,no,unmapped_raw_key
P02,without_tutor,T01,11349,2026-05-24T21:30:11.921526+00:00,1779658211.919527,dcs_bios_raw,RWR_LT_BRIGHT,53687,52706,-981,,,,,,,,,,no,no,unmapped_raw_key
P02,without_tutor,T01,11351,2026-05-24T21:30:12.069162+00:00,1779658212.0636544,dcs_bios_raw,RWR_LT_BRIGHT,52706,53687,981,,,,,,,,,,no,no,unmapped_raw_key
P02,without_tutor,T01,11352,2026-05-24T21:30:12.172774+00:00,1779658212.1697748,dcs_bios_raw,RWR_LT_BRIGHT,53687,52706,-981,,,,,,,,,,no,no,unmapped_raw_key
P02,without_tutor,T01,11353,2026-05-24T21:30:12.277893+00:00,1779658212.274888,dcs_bios_raw,RWR_LT_BRIGHT,52706,53687,981,,,,,,,,,,no,no,unmapped_raw_key
P02,without_tutor,T01,11354,2026-05-24T21:30:12.422553+00:00,1779658212.4195533,dcs_bios_raw,RWR_LT_BRIGHT,53687,52706,-981,,,,,,,,,,no,no,unmapped_raw_key
P02,without_tutor,T01,11355,2026-05-24T21:30:12.527652+00:00,1779658212.524646,dcs_bios_raw,RWR_LT_BRIGHT,52706,53687,981,,,,,,,,,,no,no,unmapped_raw_key
P02,without_tutor,T01,11356,2026-05-24T21:30:12.671826+00:00,1779658212.6698265,dcs_bios_raw,RWR_LT_BRIGHT,53687,52706,-981,,,,,,,,,,no,no,unmapped_raw_key
P02,without_tutor,T01,11357,2026-05-24T21:30:12.779930+00:00,1779658212.7749255,dcs_bios_raw,RWR_LT_BRIGHT,52706,53687,981,,,,,,,,,,no,no,unmapped_raw_key
P02,without_tutor,T01,11358,2026-05-24T21:30:12.889043+00:00,1779658212.8860402,dcs_bios_raw,RWR_LT_BRIGHT,53687,52706,-981,,,,,,,,,,no,no,unmapped_raw_key
P02,without_tutor,T01,11360,2026-05-24T21:30:13.028659+00:00,1779658213.0246544,dcs_bios_raw,RWR_LT_BRIGHT,52706,53687,981,,,,,,,,,,no,no,unmapped_raw_key
P02,without_tutor,T01,11361,2026-05-24T21:30:13.138794+00:00,1779658213.1357913,dcs_bios_raw,RWR_LT_BRIGHT,53687,52706,-981,,,,,,,,,,no,no,unmapped_raw_key
P02,without_tutor,T01,11362,2026-05-24T21:30:13.244408+00:00,1779658213.2414088,dcs_bios_raw,RWR_LT_BRIGHT,52706,53687,981,,,,,,,,,,no,no,unmapped_raw_key
P02,without_tutor,T01,11364,2026-05-24T21:30:13.389076+00:00,1779658213.3860745,dcs_bios_raw,RWR_LT_BRIGHT,53687,52706,-981,,,,,,,,,,no,no,unmapped_raw_key
P02,without_tutor,T01,11366,2026-05-24T21:30:13.488665+00:00,1779658213.4866664,dcs_bios_raw,RWR_LT_BRIGHT,52706,53687,981,,,,,,,,,,no,no,unmapped_raw_key
P02,without_tutor,T01,11367,2026-05-24T21:30:13.638801+00:00,1779658213.6357985,dcs_bios_raw,RWR_LT_BRIGHT,53687,52706,-981,,,,,,,,,,no,no,unmapped_raw_key
P02,without_tutor,T01,11368,2026-05-24T21:30:13.738396+00:00,1779658213.7363942,dcs_bios_raw,RWR_LT_BRIGHT,52706,53687,981,,,,,,,,,,no,no,unmapped_raw_key
P02,without_tutor,T01,11371,2026-05-24T21:30:13.849508+00:00,1779658213.8475032,dcs_bios_raw,RWR_LT_BRIGHT,53687,52706,-981,,,,,,,,,,no,no,unmapped_raw_key
P02,without_tutor,T01,11373,2026-05-24T21:30:13.962113+00:00,1779658213.95861,dcs_bios_raw,RWR_LT_BRIGHT,52706,53687,981,,,,,,,,,,no,no,unmapped_raw_key
P02,without_tutor,T01,11377,2026-05-24T21:30:14.100764+00:00,1779658214.0977573,dcs_bios_raw,RWR_LT_BRIGHT,53687,52706,-981,,,,,,,,,,no,no,unmapped_raw_key
P02,without_tutor,T01,11379,2026-05-24T21:30:14.207893+00:00,1779658214.203386,dcs_bios_raw,RWR_LT_BRIGHT,52706,53687,981,,,,,,,,,,no,no,unmapped_raw_key
P02,without_tutor,T01,11383,2026-05-24T21:30:14.351550+00:00,1779658214.3475518,dcs_bios_raw,RWR_LT_BRIGHT,53687,52706,-981,,,,,,,,,,no,no,unmapped_raw_key
P02,without_tutor,T01,11384,2026-05-24T21:30:14.455635+00:00,1779658214.4531317,dcs_bios_raw,RWR_LT_BRIGHT,52706,53687,981,,,,,,,,,,no,no,unmapped_raw_key
P02,without_tutor,T01,11386,2026-05-24T21:30:14.562764+00:00,1779658214.5582592,dcs_bios_raw,RWR_LT_BRIGHT,53687,52706,-981,,,,,,,,,,no,no,unmapped_raw_key
P02,without_tutor,T01,11387,2026-05-24T21:30:14.710930+00:00,1779658214.70893,dcs_bios_raw,RWR_LT_BRIGHT,52706,53687,981,,,,,,,,,,no,no,unmapped_raw_key
P02,without_tutor,T01,11388,2026-05-24T21:30:14.810554+00:00,1779658214.8085546,dcs_bios_raw,RWR_LT_BRIGHT,53687,52706,-981,,,,,,,,,,no,no,unmapped_raw_key
P02,without_tutor,T01,11389,2026-05-24T21:30:14.889121+00:00,1779658214.8861196,dcs_bios_raw,COM_TACAN,,5095,5095,,,,,,,,,,no,no,unmapped_raw_key
P02,without_tutor,T01,11390,2026-05-24T21:30:14.922648+00:00,1779658214.9196484,dcs_bios_raw,RWR_LT_BRIGHT,52706,53687,981,,,,,,,,,,no,no,unmapped_raw_key
P02,without_tutor,T01,11390,2026-05-24T21:30:14.922648+00:00,1779658214.9196484,dcs_bios_raw,COM_TACAN,5095,17107,12012,,,,,,,,,,no,no,unmapped_raw_key
P02,without_tutor,T01,11391,2026-05-24T21:30:14.955679+00:00,1779658214.9531748,dcs_bios_raw,COM_TACAN,17107,28937,11830,,,,,,,,,,no,no,unmapped_raw_key
P02,without_tutor,T01,11392,2026-05-24T21:30:14.988726+00:00,1779658214.9867263,dcs_bios_raw,COM_TACAN,28937,39311,10374,,,,,,,,,,no,no,unmapped_raw_key
P02,without_tutor,T01,11393,2026-05-24T21:30:15.027761+00:00,1779658215.0257583,dcs_bios_raw,COM_TACAN,39311,50231,10920,,,,,,,,,,no,no,unmapped_raw_key
P02,without_tutor,T01,11394,2026-05-24T21:30:15.061299+00:00,1779658215.0583005,dcs_bios_raw,RWR_LT_BRIGHT,53687,52706,-981,,,,,,,,,,no,no,unmapped_raw_key
P02,without_tutor,T01,11394,2026-05-24T21:30:15.061299+00:00,1779658215.0583005,dcs_bios_raw,COM_TACAN,50231,57693,7462,,,,,,,,,,no,no,unmapped_raw_key
P02,without_tutor,T01,11395,2026-05-24T21:30:15.102847+00:00,1779658215.0978472,dcs_bios_raw,COM_TACAN,57693,61151,3458,,,,,,,,,,no,no,unmapped_raw_key
P02,without_tutor,T01,11396,2026-05-24T21:30:15.138879+00:00,1779658215.1358767,dcs_bios_raw,COM_TACAN,61151,64791,3640,,,,,,,,,,no,no,unmapped_raw_key
P02,without_tutor,T01,11397,2026-05-24T21:30:15.172928+00:00,1779658215.169921,dcs_bios_raw,RWR_LT_BRIGHT,52706,53687,981,,,,,,,,,,no,no,unmapped_raw_key
P02,without_tutor,T01,11397,2026-05-24T21:30:15.172928+00:00,1779658215.169921,dcs_bios_raw,COM_TACAN,64791,65535,744,,,,,,,,,,no,no,unmapped_raw_key
P02,without_tutor,T01,11398,2026-05-24T21:30:15.310571+00:00,1779658215.3085704,dcs_bios_raw,RWR_LT_BRIGHT,53687,52706,-981,,,,,,,,,,no,no,unmapped_raw_key
P02,without_tutor,T01,11399,2026-05-24T21:30:15.416661+00:00,1779658215.4146564,dcs_bios_raw,RWR_LT_BRIGHT,52706,53687,981,,,,,,,,,,no,no,unmapped_raw_key
P02,without_tutor,T01,11400,2026-05-24T21:30:15.527751+00:00,1779658215.5247457,dcs_bios_raw,RWR_LT_BRIGHT,53687,52706,-981,,,,,,,,,,no,no,unmapped_raw_key
P02,without_tutor,T01,11401,2026-05-24T21:30:15.672411+00:00,1779658215.6694124,dcs_bios_raw,RWR_LT_BRIGHT,52706,53687,981,,,,,,,,,,no,no,unmapped_raw_key
P02,without_tutor,T01,11402,2026-05-24T21:30:15.780042+00:00,1779658215.7760398,dcs_bios_raw,RWR_LT_BRIGHT,53687,52706,-981,,,,,,,,,,no,no,unmapped_raw_key
P02,without_tutor,T01,11404,2026-05-24T21:30:15.888644+00:00,1779658215.8866441,dcs_bios_raw,RWR_LT_BRIGHT,52706,53687,981,,,,,,,,,,no,no,unmapped_raw_key
P02,without_tutor,T01,11406,2026-05-24T21:30:16.027770+00:00,1779658216.024765,dcs_bios_raw,RWR_LT_BRIGHT,53687,52706,-981,,,,,,,,,,no,no,unmapped_raw_key
P02,without_tutor,T01,11407,2026-05-24T21:30:16.138901+00:00,1779658216.1358988,dcs_bios_raw,RWR_LT_BRIGHT,52706,53687,981,,,,,,,,,,no,no,unmapped_raw_key
P02,without_tutor,T01,11408,2026-05-24T21:30:16.245012+00:00,1779658216.241511,dcs_bios_raw,RWR_LT_BRIGHT,53687,52706,-981,,,,,,,,,,no,no,unmapped_raw_key
P02,without_tutor,T01,11410,2026-05-24T21:30:16.383643+00:00,1779658216.3806438,dcs_bios_raw,RWR_LT_BRIGHT,52706,53687,981,,,,,,,,,,no,no,unmapped_raw_key
P02,without_tutor,T01,11411,2026-05-24T21:30:16.488737+00:00,1779658216.4857342,dcs_bios_raw,RWR_LT_BRIGHT,53687,52706,-981,,,,,,,,,,no,no,unmapped_raw_key
P02,without_tutor,T01,11413,2026-05-24T21:30:16.638930+00:00,1779658216.6359284,dcs_bios_raw,RWR_LT_BRIGHT,52706,53687,981,,,,,,,,,,no,no,unmapped_raw_key
P02,without_tutor,T01,11414,2026-05-24T21:30:16.744527+00:00,1779658216.7420256,dcs_bios_raw,RWR_LT_BRIGHT,53687,52706,-981,,,,,,,,,,no,no,unmapped_raw_key
P02,without_tutor,T01,11415,2026-05-24T21:30:16.844613+00:00,1779658216.8421106,dcs_bios_raw,RWR_LT_BRIGHT,52706,53687,981,,,,,,,,,,no,no,unmapped_raw_key
P02,without_tutor,T01,11416,2026-05-24T21:30:16.983222+00:00,1779658216.9812238,dcs_bios_raw,RWR_LT_BRIGHT,53687,52706,-981,,,,,,,,,,no,no,unmapped_raw_key
P02,without_tutor,T01,11418,2026-05-24T21:30:17.083341+00:00,1779658217.080341,dcs_bios_raw,RWR_LT_BRIGHT,52706,53687,981,,,,,,,,,,no,no,unmapped_raw_key
P02,without_tutor,T01,11420,2026-05-24T21:30:17.216477+00:00,1779658217.2144744,dcs_bios_raw,RWR_LT_BRIGHT,53687,52706,-981,,,,,,,,,,no,no,unmapped_raw_key
P02,without_tutor,T01,11423,2026-05-24T21:30:17.316577+00:00,1779658217.3145716,dcs_bios_raw,RWR_LT_BRIGHT,52706,53687,981,,,,,,,,,,no,no,unmapped_raw_key
P02,without_tutor,T01,11425,2026-05-24T21:30:17.455691+00:00,1779658217.4531868,dcs_bios_raw,RWR_LT_BRIGHT,53687,52706,-981,,,,,,,,,,no,no,unmapped_raw_key
P02,without_tutor,T01,11427,2026-05-24T21:30:17.560790+00:00,1779658217.5587904,dcs_bios_raw,RWR_LT_BRIGHT,52706,53687,981,,,,,,,,,,no,no,unmapped_raw_key
P02,without_tutor,T01,11428,2026-05-24T21:30:17.707972+00:00,1779658217.703466,dcs_bios_raw,RWR_LT_BRIGHT,53687,52706,-981,,,,,,,,,,no,no,unmapped_raw_key
P02,without_tutor,T01,11429,2026-05-24T21:30:17.811072+00:00,1779658217.8080719,dcs_bios_raw,RWR_LT_BRIGHT,52706,53687,981,,,,,,,,,,no,no,unmapped_raw_key
P02,without_tutor,T01,11430,2026-05-24T21:30:17.922668+00:00,1779658217.9196687,dcs_bios_raw,RWR_LT_BRIGHT,53687,52706,-981,,,,,,,,,,no,no,unmapped_raw_key
P02,without_tutor,T01,11432,2026-05-24T21:30:18.060798+00:00,1779658218.058799,dcs_bios_raw,RWR_LT_BRIGHT,52706,53687,981,,,,,,,,,,no,no,unmapped_raw_key
P02,without_tutor,T01,11433,2026-05-24T21:30:18.172400+00:00,1779658218.1693997,dcs_bios_raw,RWR_LT_BRIGHT,53687,52706,-981,,,,,,,,,,no,no,unmapped_raw_key
P02,without_tutor,T01,11434,2026-05-24T21:30:18.311039+00:00,1779658218.3090394,dcs_bios_raw,RWR_LT_BRIGHT,52706,53687,981,,,,,,,,,,no,no,unmapped_raw_key
P02,without_tutor,T01,11435,2026-05-24T21:30:18.417157+00:00,1779658218.414651,dcs_bios_raw,RWR_LT_BRIGHT,53687,52706,-981,,,,,,,,,,no,no,unmapped_raw_key
P02,without_tutor,T01,11436,2026-05-24T21:30:18.528260+00:00,1779658218.5252566,dcs_bios_raw,RWR_LT_BRIGHT,52706,53687,981,,,,,,,,,,no,no,unmapped_raw_key
P02,without_tutor,T01,11437,2026-05-24T21:30:18.666920+00:00,1779658218.6644135,dcs_bios_raw,RWR_LT_BRIGHT,53687,52706,-981,,,,,,,,,,no,no,unmapped_raw_key
P02,without_tutor,T01,11438,2026-05-24T21:30:18.777537+00:00,1779658218.7755353,dcs_bios_raw,RWR_LT_BRIGHT,52706,53687,981,,,,,,,,,,no,no,unmapped_raw_key
P02,without_tutor,T01,11439,2026-05-24T21:30:18.883624+00:00,1779658218.8806245,dcs_bios_raw,RWR_LT_BRIGHT,53687,52706,-981,,,,,,,,,,no,no,unmapped_raw_key
P02,without_tutor,T01,11441,2026-05-24T21:30:19.028244+00:00,1779658219.0252392,dcs_bios_raw,RWR_LT_BRIGHT,52706,53687,981,,,,,,,,,,no,no,unmapped_raw_key
P02,without_tutor,T01,11442,2026-05-24T21:30:19.132840+00:00,1779658219.130842,dcs_bios_raw,RWR_LT_BRIGHT,53687,52706,-981,,,,,,,,,,no,no,unmapped_raw_key
P02,without_tutor,T01,11443,2026-05-24T21:30:19.240965+00:00,1779658219.2369657,dcs_bios_raw,RWR_LT_BRIGHT,52706,53687,981,,,,,,,,,,no,no,unmapped_raw_key
P02,without_tutor,T01,11444,2026-05-24T21:30:19.383127+00:00,1779658219.3811274,dcs_bios_raw,RWR_LT_BRIGHT,53687,52706,-981,,,,,,,,,,no,no,unmapped_raw_key
P02,without_tutor,T01,11445,2026-05-24T21:30:19.489260+00:00,1779658219.4862573,dcs_bios_raw,RWR_LT_BRIGHT,52706,53687,981,,,,,,,,,,no,no,unmapped_raw_key
P02,without_tutor,T01,11446,2026-05-24T21:30:19.632897+00:00,1779658219.63089,dcs_bios_raw,RWR_LT_BRIGHT,53687,52706,-981,,,,,,,,,,no,no,unmapped_raw_key
P02,without_tutor,T01,11447,2026-05-24T21:30:19.741044+00:00,1779658219.7360415,dcs_bios_raw,RWR_LT_BRIGHT,52706,53687,981,,,,,,,,,,no,no,unmapped_raw_key
P02,without_tutor,T01,11449,2026-05-24T21:30:19.850138+00:00,1779658219.8471386,dcs_bios_raw,RWR_LT_BRIGHT,53687,52706,-981,,,,,,,,,,no,no,unmapped_raw_key
P02,without_tutor,T01,11450,2026-05-24T21:30:19.989288+00:00,1779658219.986286,dcs_bios_raw,RWR_LT_BRIGHT,52706,53687,981,,,,,,,,,,no,no,unmapped_raw_key
P02,without_tutor,T01,11451,2026-05-24T21:30:20.095403+00:00,1779658220.092899,dcs_bios_raw,RWR_LT_BRIGHT,53687,52706,-981,,,,,,,,,,no,no,unmapped_raw_key
P02,without_tutor,T01,11452,2026-05-24T21:30:20.206529+00:00,1779658220.2030146,dcs_bios_raw,RWR_LT_BRIGHT,52706,53687,981,,,,,,,,,,no,no,unmapped_raw_key
P02,without_tutor,T01,11453,2026-05-24T21:30:20.345142+00:00,1779658220.3426406,dcs_bios_raw,RWR_LT_BRIGHT,53687,52706,-981,,,,,,,,,,no,no,unmapped_raw_key
P02,without_tutor,T01,11454,2026-05-24T21:30:20.456262+00:00,1779658220.4542596,dcs_bios_raw,RWR_LT_BRIGHT,52706,53687,981,,,,,,,,,,no,no,unmapped_raw_key
P02,without_tutor,T01,11455,2026-05-24T21:30:20.561885+00:00,1779658220.5588775,dcs_bios_raw,RWR_LT_BRIGHT,53687,52706,-981,,,,,,,,,,no,no,unmapped_raw_key
P02,without_tutor,T01,11457,2026-05-24T21:30:20.707557+00:00,1779658220.703051,dcs_bios_raw,RWR_LT_BRIGHT,52706,53687,981,,,,,,,,,,no,no,unmapped_raw_key
P02,without_tutor,T01,11459,2026-05-24T21:30:20.811169+00:00,1779658220.8091693,dcs_bios_raw,RWR_LT_BRIGHT,53687,52706,-981,,,,,,,,,,no,no,unmapped_raw_key
P02,without_tutor,T01,11460,2026-05-24T21:30:20.920257+00:00,1779658220.9152563,dcs_bios_raw,RWR_LT_BRIGHT,52706,53687,981,,,,,,,,,,no,no,unmapped_raw_key
P02,without_tutor,T01,11462,2026-05-24T21:30:21.062931+00:00,1779658221.0589304,dcs_bios_raw,RWR_LT_BRIGHT,53687,52706,-981,,,,,,,,,,no,no,unmapped_raw_key
P02,without_tutor,T01,11463,2026-05-24T21:30:21.167040+00:00,1779658221.165038,dcs_bios_raw,RWR_LT_BRIGHT,52706,53687,981,,,,,,,,,,no,no,unmapped_raw_key
P02,without_tutor,T01,11464,2026-05-24T21:30:21.312173+00:00,1779658221.3101637,dcs_bios_raw,RWR_LT_BRIGHT,53687,52706,-981,,,,,,,,,,no,no,unmapped_raw_key
P02,without_tutor,T01,11465,2026-05-24T21:30:21.418288+00:00,1779658221.4152865,dcs_bios_raw,RWR_LT_BRIGHT,52706,53687,981,,,,,,,,,,no,no,unmapped_raw_key
P02,without_tutor,T01,11466,2026-05-24T21:30:21.522898+00:00,1779658221.520897,dcs_bios_raw,RWR_LT_BRIGHT,53687,52706,-981,,,,,,,,,,no,no,unmapped_raw_key
P02,without_tutor,T01,11468,2026-05-24T21:30:21.668041+00:00,1779658221.665039,dcs_bios_raw,RWR_LT_BRIGHT,52706,53687,981,,,,,,,,,,no,no,unmapped_raw_key
P02,without_tutor,T01,11470,2026-05-24T21:30:21.773161+00:00,1779658221.771162,dcs_bios_raw,RWR_LT_BRIGHT,53687,52706,-981,,,,,,,,,,no,no,unmapped_raw_key
P02,without_tutor,T01,11471,2026-05-24T21:30:21.884775+00:00,1779658221.8822732,dcs_bios_raw,RWR_LT_BRIGHT,52706,53687,981,,,,,,,,,,no,no,unmapped_raw_key
P02,without_tutor,T01,11473,2026-05-24T21:30:22.022929+00:00,1779658222.0209296,dcs_bios_raw,RWR_LT_BRIGHT,53687,52706,-981,,,,,,,,,,no,no,unmapped_raw_key
P02,without_tutor,T01,11474,2026-05-24T21:30:22.134559+00:00,1779658222.1320477,dcs_bios_raw,RWR_LT_BRIGHT,52706,53687,981,,,,,,,,,,no,no,unmapped_raw_key
P02,without_tutor,T01,11475,2026-05-24T21:30:22.240174+00:00,1779658222.2371674,dcs_bios_raw,RWR_LT_BRIGHT,53687,52706,-981,,,,,,,,,,no,no,unmapped_raw_key
P02,without_tutor,T01,11477,2026-05-24T21:30:22.383319+00:00,1779658222.3813145,dcs_bios_raw,RWR_LT_BRIGHT,52706,53687,981,,,,,,,,,,no,no,unmapped_raw_key
P02,without_tutor,T01,11478,2026-05-24T21:30:22.489428+00:00,1779658222.4864259,dcs_bios_raw,RWR_LT_BRIGHT,53687,52706,-981,,,,,,,,,,no,no,unmapped_raw_key
P02,without_tutor,T01,11480,2026-05-24T21:30:22.594535+00:00,1779658222.592026,dcs_bios_raw,RWR_LT_BRIGHT,52706,53687,981,,,,,,,,,,no,no,unmapped_raw_key
P02,without_tutor,T01,11481,2026-05-24T21:30:22.739184+00:00,1779658222.7371843,dcs_bios_raw,RWR_LT_BRIGHT,53687,52706,-981,,,,,,,,,,no,no,unmapped_raw_key
P02,without_tutor,T01,11482,2026-05-24T21:30:22.845297+00:00,1779658222.8427818,dcs_bios_raw,RWR_LT_BRIGHT,52706,53687,981,,,,,,,,,,no,no,unmapped_raw_key
P02,without_tutor,T01,11484,2026-05-24T21:30:22.989480+00:00,1779658222.9864776,dcs_bios_raw,RWR_LT_BRIGHT,53687,52706,-981,,,,,,,,,,no,no,unmapped_raw_key
P02,without_tutor,T01,11485,2026-05-24T21:30:23.094594+00:00,1779658223.0920925,dcs_bios_raw,RWR_LT_BRIGHT,52706,53687,981,,,,,,,,,,no,no,unmapped_raw_key
P02,without_tutor,T01,11486,2026-05-24T21:30:23.206745+00:00,1779658223.2032309,dcs_bios_raw,RWR_LT_BRIGHT,53687,52706,-981,,,,,,,,,,no,no,unmapped_raw_key
P02,without_tutor,T01,11487,2026-05-24T21:30:23.346368+00:00,1779658223.3428636,dcs_bios_raw,RWR_LT_BRIGHT,52706,53687,981,,,,,,,,,,no,no,unmapped_raw_key
P02,without_tutor,T01,11488,2026-05-24T21:30:23.450987+00:00,1779658223.4479868,dcs_bios_raw,RWR_LT_BRIGHT,53687,52706,-981,,,,,,,,,,no,no,unmapped_raw_key
P02,without_tutor,T01,11489,2026-05-24T21:30:23.563096+00:00,1779658223.5590935,dcs_bios_raw,RWR_LT_BRIGHT,52706,53687,981,,,,,,,,,,no,no,unmapped_raw_key
P02,without_tutor,T01,11490,2026-05-24T21:30:23.705743+00:00,1779658223.7032387,dcs_bios_raw,RWR_LT_BRIGHT,53687,52706,-981,,,,,,,,,,no,no,unmapped_raw_key
P02,without_tutor,T01,11491,2026-05-24T21:30:23.811333+00:00,1779658223.8093398,dcs_bios_raw,RWR_LT_BRIGHT,52706,53687,981,,,,,,,,,,no,no,unmapped_raw_key
P02,without_tutor,T01,11492,2026-05-24T21:30:23.917452+00:00,1779658223.9144373,dcs_bios_raw,RWR_LT_BRIGHT,53687,52706,-981,,,,,,,,,,no,no,unmapped_raw_key
P02,without_tutor,T01,11494,2026-05-24T21:30:24.062094+00:00,1779658224.0590994,dcs_bios_raw,RWR_LT_BRIGHT,52706,53687,981,,,,,,,,,,no,no,unmapped_raw_key
P02,without_tutor,T01,11495,2026-05-24T21:30:24.167226+00:00,1779658224.1647193,dcs_bios_raw,RWR_LT_BRIGHT,53687,52706,-981,,,,,,,,,,no,no,unmapped_raw_key
P02,without_tutor,T01,11496,2026-05-24T21:30:24.311390+00:00,1779658224.3093908,dcs_bios_raw,RWR_LT_BRIGHT,52706,53687,981,,,,,,,,,,no,no,unmapped_raw_key
P02,without_tutor,T01,11497,2026-05-24T21:30:24.417485+00:00,1779658224.4144785,dcs_bios_raw,RWR_LT_BRIGHT,53687,52706,-981,,,,,,,,,,no,no,unmapped_raw_key
P02,without_tutor,T01,11498,2026-05-24T21:30:24.523089+00:00,1779658224.5200899,dcs_bios_raw,RWR_LT_BRIGHT,52706,53687,981,,,,,,,,,,no,no,unmapped_raw_key
P02,without_tutor,T01,11499,2026-05-24T21:30:24.667240+00:00,1779658224.6647334,dcs_bios_raw,RWR_LT_BRIGHT,53687,52706,-981,,,,,,,,,,no,no,unmapped_raw_key
P02,without_tutor,T01,11500,2026-05-24T21:30:24.772361+00:00,1779658224.7698596,dcs_bios_raw,RWR_LT_BRIGHT,52706,53687,981,,,,,,,,,,no,no,unmapped_raw_key
P02,without_tutor,T01,11502,2026-05-24T21:30:24.883460+00:00,1779658224.8814619,dcs_bios_raw,RWR_LT_BRIGHT,53687,52706,-981,,,,,,,,,,no,no,unmapped_raw_key
P02,without_tutor,T01,11505,2026-05-24T21:30:25.023109+00:00,1779658225.020109,dcs_bios_raw,RWR_LT_BRIGHT,52706,53687,981,,,,,,,,,,no,no,unmapped_raw_key
P02,without_tutor,T01,11506,2026-05-24T21:30:25.133229+00:00,1779658225.1312215,dcs_bios_raw,RWR_LT_BRIGHT,53687,52706,-981,,,,,,,,,,no,no,unmapped_raw_key
P02,without_tutor,T01,11508,2026-05-24T21:30:25.272869+00:00,1779658225.2698698,dcs_bios_raw,RWR_LT_BRIGHT,52706,53687,981,,,,,,,,,,no,no,unmapped_raw_key
P02,without_tutor,T01,11511,2026-05-24T21:30:25.383479+00:00,1779658225.3814862,dcs_bios_raw,RWR_LT_BRIGHT,53687,52706,-981,,,,,,,,,,no,no,unmapped_raw_key
P02,without_tutor,T01,11514,2026-05-24T21:30:25.489084+00:00,1779658225.4870844,dcs_bios_raw,RWR_LT_BRIGHT,52706,53687,981,,,,,,,,,,no,no,unmapped_raw_key
P02,without_tutor,T01,11517,2026-05-24T21:30:25.594682+00:00,1779658225.59218,dcs_bios_raw,RWR_LT_BRIGHT,53687,52706,-981,,,,,,,,,,no,no,unmapped_raw_key
P02,without_tutor,T01,11519,2026-05-24T21:30:25.739323+00:00,1779658225.737323,dcs_bios_raw,RWR_LT_BRIGHT,52706,53690,984,,,,,,,,,,no,no,unmapped_raw_key
P02,without_tutor,T01,11520,2026-05-24T21:30:25.845419+00:00,1779658225.8429034,dcs_bios_raw,RWR_LT_BRIGHT,53690,52706,-984,,,,,,,,,,no,no,unmapped_raw_key
P02,without_tutor,T01,11521,2026-05-24T21:30:25.990595+00:00,1779658225.9865885,dcs_bios_raw,RWR_LT_BRIGHT,52706,53691,985,,,,,,,,,,no,no,unmapped_raw_key
P02,without_tutor,T01,11522,2026-05-24T21:30:26.094693+00:00,1779658226.0921898,dcs_bios_raw,RWR_LT_BRIGHT,53691,52706,-985,,,,,,,,,,no,no,unmapped_raw_key
P02,without_tutor,T01,11523,2026-05-24T21:30:26.205857+00:00,1779658226.203353,dcs_bios_raw,RWR_LT_BRIGHT,52706,53691,985,,,,,,,,,,no,no,unmapped_raw_key
P02,without_tutor,T01,11524,2026-05-24T21:30:26.345004+00:00,1779658226.3425019,dcs_bios_raw,RWR_LT_BRIGHT,53691,52706,-985,,,,,,,,,,no,no,unmapped_raw_key
P02,without_tutor,T01,11525,2026-05-24T21:30:26.451118+00:00,1779658226.448118,dcs_bios_raw,RWR_LT_BRIGHT,52706,53691,985,,,,,,,,,,no,no,unmapped_raw_key
P02,without_tutor,T01,11527,2026-05-24T21:30:26.561729+00:00,1779658226.5587294,dcs_bios_raw,RWR_LT_BRIGHT,53691,52706,-985,,,,,,,,,,no,no,unmapped_raw_key
P02,without_tutor,T01,11528,2026-05-24T21:30:26.700864+00:00,1779658226.6978648,dcs_bios_raw,RWR_LT_BRIGHT,52706,53691,985,,,,,,,,,,no,no,unmapped_raw_key
P02,without_tutor,T01,11529,2026-05-24T21:30:26.811456+00:00,1779658226.8094568,dcs_bios_raw,RWR_LT_BRIGHT,53691,52706,-985,,,,,,,,,,no,no,unmapped_raw_key
P02,without_tutor,T01,11530,2026-05-24T21:30:26.917072+00:00,1779658226.9150681,dcs_bios_raw,RWR_LT_BRIGHT,52706,53691,985,,,,,,,,,,no,no,unmapped_raw_key
P02,without_tutor,T01,11532,2026-05-24T21:30:27.061212+00:00,1779658227.0592053,dcs_bios_raw,RWR_LT_BRIGHT,53691,52706,-985,,,,,,,,,,no,no,unmapped_raw_key
P02,without_tutor,T01,11534,2026-05-24T21:30:27.166835+00:00,1779658227.1648252,dcs_bios_raw,RWR_LT_BRIGHT,52706,53691,985,,,,,,,,,,no,no,unmapped_raw_key
P02,without_tutor,T01,11535,2026-05-24T21:30:27.311475+00:00,1779658227.3084755,dcs_bios_raw,RWR_LT_BRIGHT,53691,52706,-985,,,,,,,,,,no,no,unmapped_raw_key
P02,without_tutor,T01,11537,2026-05-24T21:30:27.418054+00:00,1779658227.4150503,dcs_bios_raw,RWR_LT_BRIGHT,52706,53691,985,,,,,,,,,,no,no,unmapped_raw_key
P02,without_tutor,T01,11538,2026-05-24T21:30:27.523151+00:00,1779658227.520153,dcs_bios_raw,RWR_LT_BRIGHT,53691,52706,-985,,,,,,,,,,no,no,unmapped_raw_key
P02,without_tutor,T01,11539,2026-05-24T21:30:27.669759+00:00,1779658227.6647546,dcs_bios_raw,RWR_LT_BRIGHT,52706,53691,985,,,,,,,,,,no,no,unmapped_raw_key
P02,without_tutor,T01,11540,2026-05-24T21:30:27.772843+00:00,1779658227.7698452,dcs_bios_raw,RWR_LT_BRIGHT,53691,52706,-985,,,,,,,,,,no,no,unmapped_raw_key
P02,without_tutor,T01,11541,2026-05-24T21:30:27.883447+00:00,1779658227.881447,dcs_bios_raw,RWR_LT_BRIGHT,52706,53691,985,,,,,,,,,,no,no,unmapped_raw_key
P02,without_tutor,T01,11543,2026-05-24T21:30:28.023107+00:00,1779658228.0201101,dcs_bios_raw,RWR_LT_BRIGHT,53691,52706,-985,,,,,,,,,,no,no,unmapped_raw_key
P02,without_tutor,T01,11544,2026-05-24T21:30:28.133219+00:00,1779658228.1312196,dcs_bios_raw,RWR_LT_BRIGHT,52706,53691,985,,,,,,,,,,no,no,unmapped_raw_key
P02,without_tutor,T01,11545,2026-05-24T21:30:28.239336+00:00,1779658228.2373354,dcs_bios_raw,RWR_LT_BRIGHT,53691,52706,-985,,,,,,,,,,no,no,unmapped_raw_key
P02,without_tutor,T01,11547,2026-05-24T21:30:28.382960+00:00,1779658228.38096,dcs_bios_raw,RWR_LT_BRIGHT,52706,53691,985,,,,,,,,,,no,no,unmapped_raw_key
P02,without_tutor,T01,11548,2026-05-24T21:30:28.489581+00:00,1779658228.4865782,dcs_bios_raw,RWR_LT_BRIGHT,53691,52706,-985,,,,,,,,,,no,no,unmapped_raw_key
P02,without_tutor,T01,11549,2026-05-24T21:30:28.599200+00:00,1779658228.5926812,dcs_bios_raw,RWR_LT_BRIGHT,52706,53691,985,,,,,,,,,,no,no,unmapped_raw_key
P02,without_tutor,T01,11550,2026-05-24T21:30:28.741322+00:00,1779658228.7373211,dcs_bios_raw,RWR_LT_BRIGHT,53691,52706,-985,,,,,,,,,,no,no,unmapped_raw_key
P02,without_tutor,T01,11551,2026-05-24T21:30:28.846416+00:00,1779658228.8429112,dcs_bios_raw,RWR_LT_BRIGHT,52706,53691,985,,,,,,,,,,no,no,unmapped_raw_key
P02,without_tutor,T01,11552,2026-05-24T21:30:28.989538+00:00,1779658228.9865363,dcs_bios_raw,RWR_LT_BRIGHT,53691,52706,-985,,,,,,,,,,no,no,unmapped_raw_key
P02,without_tutor,T01,11554,2026-05-24T21:30:29.094635+00:00,1779658229.0921307,dcs_bios_raw,RWR_LT_BRIGHT,52706,53691,985,,,,,,,,,,no,no,unmapped_raw_key
P02,without_tutor,T01,11555,2026-05-24T21:30:29.206757+00:00,1779658229.2032442,dcs_bios_raw,RWR_LT_BRIGHT,53691,52706,-985,,,,,,,,,,no,no,unmapped_raw_key
P02,without_tutor,T01,11557,2026-05-24T21:30:29.345385+00:00,1779658229.342881,dcs_bios_raw,RWR_LT_BRIGHT,52706,53691,985,,,,,,,,,,no,no,unmapped_raw_key
P02,without_tutor,T01,11558,2026-05-24T21:30:29.450984+00:00,1779658229.447985,dcs_bios_raw,RWR_LT_BRIGHT,53691,52706,-985,,,,,,,,,,no,no,unmapped_raw_key
P02,without_tutor,T01,11560,2026-05-24T21:30:29.562069+00:00,1779658229.5590699,dcs_bios_raw,RWR_LT_BRIGHT,52706,53691,985,,,,,,,,,,no,no,unmapped_raw_key
P02,without_tutor,T01,11564,2026-05-24T21:30:29.700223+00:00,1779658229.698223,dcs_bios_raw,RWR_LT_BRIGHT,53691,52706,-985,,,,,,,,,,no,no,unmapped_raw_key
P02,without_tutor,T01,11567,2026-05-24T21:30:29.806320+00:00,1779658229.8038168,dcs_bios_raw,RWR_LT_BRIGHT,52706,53691,985,,,,,,,,,,no,no,unmapped_raw_key
P02,without_tutor,T01,11569,2026-05-24T21:30:29.950950+00:00,1779658229.9479504,dcs_bios_raw,RWR_LT_BRIGHT,53691,52706,-985,,,,,,,,,,no,no,unmapped_raw_key
P02,without_tutor,T01,11571,2026-05-24T21:30:30.062029+00:00,1779658230.0590298,dcs_bios_raw,RWR_LT_BRIGHT,52706,53691,985,,,,,,,,,,no,no,unmapped_raw_key
P02,without_tutor,T01,11572,2026-05-24T21:30:30.168149+00:00,1779658230.1651442,dcs_bios_raw,RWR_LT_BRIGHT,53691,52706,-985,,,,,,,,,,no,no,unmapped_raw_key
P02,without_tutor,T01,11575,2026-05-24T21:30:30.313286+00:00,1779658230.309285,dcs_bios_raw,RWR_LT_BRIGHT,52706,53691,985,,,,,,,,,,no,no,unmapped_raw_key
P02,without_tutor,T01,11577,2026-05-24T21:30:30.417396+00:00,1779658230.4143915,dcs_bios_raw,RWR_LT_BRIGHT,53691,52706,-985,,,,,,,,,,no,no,unmapped_raw_key
P02,without_tutor,T01,11579,2026-05-24T21:30:30.522980+00:00,1779658230.519981,dcs_bios_raw,RWR_LT_BRIGHT,52706,53691,985,,,,,,,,,,no,no,unmapped_raw_key
P02,without_tutor,T01,11580,2026-05-24T21:30:30.667116+00:00,1779658230.6651115,dcs_bios_raw,RWR_LT_BRIGHT,53691,52706,-985,,,,,,,,,,no,no,unmapped_raw_key
P02,without_tutor,T01,11581,2026-05-24T21:30:30.772703+00:00,1779658230.7707043,dcs_bios_raw,RWR_LT_BRIGHT,52706,53691,985,,,,,,,,,,no,no,unmapped_raw_key
P02,without_tutor,T01,11582,2026-05-24T21:30:30.884306+00:00,1779658230.881307,dcs_bios_raw,RWR_LT_BRIGHT,53691,52706,-985,,,,,,,,,,no,no,unmapped_raw_key
P02,without_tutor,T01,11584,2026-05-24T21:30:31.022925+00:00,1779658231.0199249,dcs_bios_raw,RWR_LT_BRIGHT,52706,53691,985,,,,,,,,,,no,no,unmapped_raw_key
P02,without_tutor,T01,11585,2026-05-24T21:30:31.133047+00:00,1779658231.1310477,dcs_bios_raw,RWR_LT_BRIGHT,53691,52706,-985,,,,,,,,,,no,no,unmapped_raw_key
P02,without_tutor,T01,11586,2026-05-24T21:30:31.272663+00:00,1779658231.270664,dcs_bios_raw,RWR_LT_BRIGHT,52706,53691,985,,,,,,,,,,no,no,unmapped_raw_key
P02,without_tutor,T01,11587,2026-05-24T21:30:31.384759+00:00,1779658231.3822582,dcs_bios_raw,RWR_LT_BRIGHT,53691,52706,-985,,,,,,,,,,no,no,unmapped_raw_key
P02,without_tutor,T01,11588,2026-05-24T21:30:31.489340+00:00,1779658231.4873455,dcs_bios_raw,RWR_LT_BRIGHT,52706,53691,985,,,,,,,,,,no,no,unmapped_raw_key
P02,without_tutor,T01,11590,2026-05-24T21:30:31.595420+00:00,1779658231.5929146,dcs_bios_raw,RWR_LT_BRIGHT,53691,52706,-985,,,,,,,,,,no,no,unmapped_raw_key
P02,without_tutor,T01,11591,2026-05-24T21:30:31.740035+00:00,1779658231.7370353,dcs_bios_raw,RWR_LT_BRIGHT,52706,53691,985,,,,,,,,,,no,no,unmapped_raw_key
P02,without_tutor,T01,11594,2026-05-24T21:30:31.845127+00:00,1779658231.8426256,dcs_bios_raw,RWR_LT_BRIGHT,53691,52706,-985,,,,,,,,,,no,no,unmapped_raw_key
P02,without_tutor,T01,11596,2026-05-24T21:30:31.990272+00:00,1779658231.9872751,dcs_bios_raw,RWR_LT_BRIGHT,52706,53691,985,,,,,,,,,,no,no,unmapped_raw_key
P02,without_tutor,T01,11597,2026-05-24T21:30:32.095364+00:00,1779658232.0928597,dcs_bios_raw,RWR_LT_BRIGHT,53691,52706,-985,,,,,,,,,,no,no,unmapped_raw_key
P02,without_tutor,T01,11598,2026-05-24T21:30:32.202946+00:00,1779658232.1989462,dcs_bios_raw,RWR_LT_BRIGHT,52706,53691,985,,,,,,,,,,no,no,unmapped_raw_key
P02,without_tutor,T01,11602,2026-05-24T21:30:32.345072+00:00,1779658232.34257,dcs_bios_raw,RWR_LT_BRIGHT,53691,52706,-985,,,,,,,,,,no,no,unmapped_raw_key
P02,without_tutor,T01,11603,2026-05-24T21:30:32.452684+00:00,1779658232.4486833,dcs_bios_raw,RWR_LT_BRIGHT,52706,53691,985,,,,,,,,,,no,no,unmapped_raw_key
P02,without_tutor,T01,11604,2026-05-24T21:30:32.561809+00:00,1779658232.5598097,dcs_bios_raw,RWR_LT_BRIGHT,53691,52706,-985,,,,,,,,,,no,no,unmapped_raw_key
P02,without_tutor,T01,11605,2026-05-24T21:30:32.700939+00:00,1779658232.6979392,dcs_bios_raw,RWR_LT_BRIGHT,52706,53691,985,,,,,,,,,,no,no,unmapped_raw_key
P02,without_tutor,T01,11607,2026-05-24T21:30:32.812032+00:00,1779658232.8090322,dcs_bios_raw,RWR_LT_BRIGHT,53691,52706,-985,,,,,,,,,,no,no,unmapped_raw_key
P02,without_tutor,T01,11608,2026-05-24T21:30:32.919131+00:00,1779658232.915124,dcs_bios_raw,RWR_LT_BRIGHT,52706,53691,985,,,,,,,,,,no,no,unmapped_raw_key
P02,without_tutor,T01,11610,2026-05-24T21:30:33.061771+00:00,1779658233.0587716,dcs_bios_raw,RWR_LT_BRIGHT,53691,52706,-985,,,,,,,,,,no,no,unmapped_raw_key
P02,without_tutor,T01,11611,2026-05-24T21:30:33.167900+00:00,1779658233.1648948,dcs_bios_raw,RWR_LT_BRIGHT,52706,53691,985,,,,,,,,,,no,no,unmapped_raw_key
P02,without_tutor,T01,11612,2026-05-24T21:30:33.313105+00:00,1779658233.309096,dcs_bios_raw,RWR_LT_BRIGHT,53691,52706,-985,,,,,,,,,,no,no,unmapped_raw_key
P02,without_tutor,T01,11613,2026-05-24T21:30:33.417230+00:00,1779658233.4152248,dcs_bios_raw,RWR_LT_BRIGHT,52706,53691,985,,,,,,,,,,no,no,unmapped_raw_key
P02,without_tutor,T01,11614,2026-05-24T21:30:33.522856+00:00,1779658233.5208483,dcs_bios_raw,RWR_LT_BRIGHT,53691,52706,-985,,,,,,,,,,no,no,unmapped_raw_key
P02,without_tutor,T01,11617,2026-05-24T21:30:33.667068+00:00,1779658233.6650562,dcs_bios_raw,RWR_LT_BRIGHT,52706,53691,985,,,,,,,,,,no,no,unmapped_raw_key
P02,without_tutor,T01,11618,2026-05-24T21:30:33.774699+00:00,1779658233.770698,dcs_bios_raw,RWR_LT_BRIGHT,53691,52706,-985,,,,,,,,,,no,no,unmapped_raw_key
P02,without_tutor,T01,11619,2026-05-24T21:30:33.878856+00:00,1779658233.8758466,dcs_bios_raw,RWR_LT_BRIGHT,52706,53691,985,,,,,,,,,,no,no,unmapped_raw_key
P02,without_tutor,T01,11622,2026-05-24T21:30:34.023031+00:00,1779658234.0200307,dcs_bios_raw,RWR_LT_BRIGHT,53691,52706,-985,,,,,,,,,,no,no,unmapped_raw_key
P02,without_tutor,T01,11623,2026-05-24T21:30:34.133197+00:00,1779658234.1311898,dcs_bios_raw,RWR_LT_BRIGHT,52706,53691,985,,,,,,,,,,no,no,unmapped_raw_key
P02,without_tutor,T01,11625,2026-05-24T21:30:34.272862+00:00,1779658234.270863,dcs_bios_raw,RWR_LT_BRIGHT,53691,52706,-985,,,,,,,,,,no,no,unmapped_raw_key
P02,without_tutor,T01,11627,2026-05-24T21:30:34.378980+00:00,1779658234.375978,dcs_bios_raw,RWR_LT_BRIGHT,52706,53691,985,,,,,,,,,,no,no,unmapped_raw_key
P02,without_tutor,T01,11628,2026-05-24T21:30:34.489645+00:00,1779658234.4876528,dcs_bios_raw,RWR_LT_BRIGHT,53691,52706,-985,,,,,,,,,,no,no,unmapped_raw_key
P02,without_tutor,T01,11629,2026-05-24T21:30:34.633313+00:00,1779658234.6313138,dcs_bios_raw,RWR_LT_BRIGHT,52706,53691,985,,,,,,,,,,no,no,unmapped_raw_key
P02,without_tutor,T01,11630,2026-05-24T21:30:34.739483+00:00,1779658234.7374814,dcs_bios_raw,RWR_LT_BRIGHT,53691,52706,-985,,,,,,,,,,no,no,unmapped_raw_key
P02,without_tutor,T01,11632,2026-05-24T21:30:34.845619+00:00,1779658234.8430994,dcs_bios_raw,RWR_LT_BRIGHT,52706,53691,985,,,,,,,,,,no,no,unmapped_raw_key
P02,without_tutor,T01,11633,2026-05-24T21:30:34.989818+00:00,1779658234.9868193,dcs_bios_raw,RWR_LT_BRIGHT,53691,52706,-985,,,,,,,,,,no,no,unmapped_raw_key
P02,without_tutor,T01,11634,2026-05-24T21:30:35.094979+00:00,1779658235.0924766,dcs_bios_raw,RWR_LT_BRIGHT,52706,53691,985,,,,,,,,,,no,no,unmapped_raw_key
P02,without_tutor,T01,11635,2026-05-24T21:30:35.201100+00:00,1779658235.1980996,dcs_bios_raw,RWR_LT_BRIGHT,53691,52706,-985,,,,,,,,,,no,no,unmapped_raw_key
P02,without_tutor,T01,11636,2026-05-24T21:30:35.346753+00:00,1779658235.342247,dcs_bios_raw,RWR_LT_BRIGHT,52706,53691,985,,,,,,,,,,no,no,unmapped_raw_key
P02,without_tutor,T01,11637,2026-05-24T21:30:35.450881+00:00,1779658235.4488811,dcs_bios_raw,RWR_LT_BRIGHT,53691,52706,-985,,,,,,,,,,no,no,unmapped_raw_key
P02,without_tutor,T01,11638,2026-05-24T21:30:35.561546+00:00,1779658235.5595465,dcs_bios_raw,RWR_LT_BRIGHT,52706,53691,985,,,,,,,,,,no,no,unmapped_raw_key
P02,without_tutor,T01,11639,2026-05-24T21:30:35.700745+00:00,1779658235.698738,dcs_bios_raw,RWR_LT_BRIGHT,53691,52706,-985,,,,,,,,,,no,no,unmapped_raw_key
P02,without_tutor,T01,11640,2026-05-24T21:30:35.806861+00:00,1779658235.803354,dcs_bios_raw,RWR_LT_BRIGHT,52706,53691,985,,,,,,,,,,no,no,unmapped_raw_key
P02,without_tutor,T01,11641,2026-05-24T21:30:35.953539+00:00,1779658235.9485412,dcs_bios_raw,RWR_LT_BRIGHT,53691,52706,-985,,,,,,,,,,no,no,unmapped_raw_key
P02,without_tutor,T01,11643,2026-05-24T21:30:36.064678+00:00,1779658236.0591753,dcs_bios_raw,RWR_LT_BRIGHT,52706,53691,985,,,,,,,,,,no,no,unmapped_raw_key
P02,without_tutor,T01,11644,2026-05-24T21:30:36.167800+00:00,1779658236.1647835,dcs_bios_raw,RWR_LT_BRIGHT,53691,52706,-985,,,,,,,,,,no,no,unmapped_raw_key
P02,without_tutor,T01,11645,2026-05-24T21:30:36.311950+00:00,1779658236.30995,dcs_bios_raw,RWR_LT_BRIGHT,52706,53691,985,,,,,,,,,,no,no,unmapped_raw_key
P02,without_tutor,T01,11646,2026-05-24T21:30:36.413074+00:00,1779658236.4100678,dcs_bios_raw,RWR_LT_BRIGHT,53691,52706,-985,,,,,,,,,,no,no,unmapped_raw_key
P02,without_tutor,T01,11647,2026-05-24T21:30:36.523721+00:00,1779658236.5207214,dcs_bios_raw,RWR_LT_BRIGHT,52706,53691,985,,,,,,,,,,no,no,unmapped_raw_key
P02,without_tutor,T01,11648,2026-05-24T21:30:36.661899+00:00,1779658236.6599004,dcs_bios_raw,RWR_LT_BRIGHT,53691,52706,-985,,,,,,,,,,no,no,unmapped_raw_key
P02,without_tutor,T01,11649,2026-05-24T21:30:36.773535+00:00,1779658236.7705357,dcs_bios_raw,RWR_LT_BRIGHT,52706,53691,985,,,,,,,,,,no,no,unmapped_raw_key
P02,without_tutor,T01,11650,2026-05-24T21:30:36.878724+00:00,1779658236.8767235,dcs_bios_raw,RWR_LT_BRIGHT,53691,52706,-985,,,,,,,,,,no,no,unmapped_raw_key
P02,without_tutor,T01,11652,2026-05-24T21:30:37.023856+00:00,1779658237.0208638,dcs_bios_raw,RWR_LT_BRIGHT,52706,53691,985,,,,,,,,,,no,no,unmapped_raw_key
P02,without_tutor,T01,11653,2026-05-24T21:30:37.128485+00:00,1779658237.1264803,dcs_bios_raw,RWR_LT_BRIGHT,53691,52706,-985,,,,,,,,,,no,no,unmapped_raw_key
P02,without_tutor,T01,11654,2026-05-24T21:30:37.268189+00:00,1779658237.2651842,dcs_bios_raw,RWR_LT_BRIGHT,52706,53691,985,,,,,,,,,,no,no,unmapped_raw_key
P02,without_tutor,T01,11656,2026-05-24T21:30:37.379303+00:00,1779658237.3763008,dcs_bios_raw,RWR_LT_BRIGHT,53691,52706,-985,,,,,,,,,,no,no,unmapped_raw_key
P02,without_tutor,T01,11658,2026-05-24T21:30:37.484411+00:00,1779658237.4819162,dcs_bios_raw,RWR_LT_BRIGHT,52706,53691,985,,,,,,,,,,no,no,unmapped_raw_key
P02,without_tutor,T01,11660,2026-05-24T21:30:37.629103+00:00,1779658237.626102,dcs_bios_raw,RWR_LT_BRIGHT,53691,52706,-985,,,,,,,,,,no,no,unmapped_raw_key
P02,without_tutor,T01,11662,2026-05-24T21:30:37.739741+00:00,1779658237.7377408,dcs_bios_raw,RWR_LT_BRIGHT,52706,53691,985,,,,,,,,,,no,no,unmapped_raw_key
P02,without_tutor,T01,11663,2026-05-24T21:30:37.840871+00:00,1779658237.8388712,dcs_bios_raw,RWR_LT_BRIGHT,53691,52706,-985,,,,,,,,,,no,no,unmapped_raw_key
P02,without_tutor,T01,11666,2026-05-24T21:30:37.984527+00:00,1779658237.9815354,dcs_bios_raw,RWR_LT_BRIGHT,52706,53691,985,,,,,,,,,,no,no,unmapped_raw_key
P02,without_tutor,T01,11668,2026-05-24T21:30:38.091175+00:00,1779658238.0871708,dcs_bios_raw,RWR_LT_BRIGHT,53691,52706,-985,,,,,,,,,,no,no,unmapped_raw_key
P02,without_tutor,T01,11670,2026-05-24T21:30:38.196328+00:00,1779658238.1928146,dcs_bios_raw,RWR_LT_BRIGHT,52706,53691,985,,,,,,,,,,no,no,unmapped_raw_key
P02,without_tutor,T01,11671,2026-05-24T21:30:38.340978+00:00,1779658238.337978,dcs_bios_raw,RWR_LT_BRIGHT,53691,52706,-985,,,,,,,,,,no,no,unmapped_raw_key
P02,without_tutor,T01,11672,2026-05-24T21:30:38.446151+00:00,1779658238.4426472,dcs_bios_raw,RWR_LT_BRIGHT,52706,53691,985,,,,,,,,,,no,no,unmapped_raw_key
P02,without_tutor,T01,11675,2026-05-24T21:30:38.590302+00:00,1779658238.5872927,dcs_bios_raw,RWR_LT_BRIGHT,53691,52706,-985,,,,,,,,,,no,no,unmapped_raw_key
P02,without_tutor,T01,11677,2026-05-24T21:30:38.697420+00:00,1779658238.6929128,dcs_bios_raw,RWR_LT_BRIGHT,52706,53691,985,,,,,,,,,,no,no,unmapped_raw_key
P02,without_tutor,T01,11678,2026-05-24T21:30:38.806526+00:00,1779658238.8045237,dcs_bios_raw,RWR_LT_BRIGHT,53691,52706,-985,,,,,,,,,,no,no,unmapped_raw_key
P02,without_tutor,T01,11680,2026-05-24T21:30:38.951216+00:00,1779658238.9482238,dcs_bios_raw,RWR_LT_BRIGHT,52706,53691,985,,,,,,,,,,no,no,unmapped_raw_key
P02,without_tutor,T01,11682,2026-05-24T21:30:39.056364+00:00,1779658239.0538595,dcs_bios_raw,RWR_LT_BRIGHT,53691,52706,-985,,,,,,,,,,no,no,unmapped_raw_key
P02,without_tutor,T01,11682,2026-05-24T21:30:39.056364+00:00,1779658239.0538595,dcs_bios_raw,SJ_CTR,,1,1,,,,,,,,,,no,no,unmapped_raw_key
P02,without_tutor,T01,11684,2026-05-24T21:30:39.162025+00:00,1779658239.1600184,dcs_bios_raw,RWR_LT_BRIGHT,52706,53691,985,,,,,,,,,,no,no,unmapped_raw_key
P02,without_tutor,T01,11685,2026-05-24T21:30:39.306705+00:00,1779658239.3046987,dcs_bios_raw,RWR_LT_BRIGHT,53691,52706,-985,,,,,,,,,,no,no,unmapped_raw_key
P02,without_tutor,T01,11686,2026-05-24T21:30:39.412336+00:00,1779658239.409337,dcs_bios_raw,RWR_LT_BRIGHT,52706,53687,981,,,,,,,,,,no,no,unmapped_raw_key
P02,without_tutor,T01,11687,2026-05-24T21:30:39.519471+00:00,1779658239.5154657,dcs_bios_raw,RWR_LT_BRIGHT,53687,52706,-981,,,,,,,,,,no,no,unmapped_raw_key
P02,without_tutor,T01,11688,2026-05-24T21:30:39.662150+00:00,1779658239.6601415,dcs_bios_raw,RWR_LT_BRIGHT,52706,53687,981,,,,,,,,,,no,no,unmapped_raw_key
P02,without_tutor,T01,11689,2026-05-24T21:30:39.768296+00:00,1779658239.7652879,dcs_bios_raw,RWR_LT_BRIGHT,53687,52706,-981,,,,,,,,,,no,no,unmapped_raw_key
P02,without_tutor,T01,11690,2026-05-24T21:30:39.840384+00:00,1779658239.837392,dcs_bios_raw,SJ_CTR,1,0,-1,,,,,,,,,,no,no,unmapped_raw_key
P02,without_tutor,T01,11692,2026-05-24T21:30:39.912477+00:00,1779658239.9094708,dcs_bios_raw,RWR_LT_BRIGHT,52706,53687,981,,,,,,,,,,no,no,unmapped_raw_key
P02,without_tutor,T01,11694,2026-05-24T21:30:40.018601+00:00,1779658240.0155993,dcs_bios_raw,RWR_LT_BRIGHT,53687,52706,-981,,,,,,,,,,no,no,unmapped_raw_key
P02,without_tutor,T01,11697,2026-05-24T21:30:40.129714+00:00,1779658240.126715,dcs_bios_raw,RWR_LT_BRIGHT,52706,53690,984,,,,,,,,,,no,no,unmapped_raw_key
P02,without_tutor,T01,11698,2026-05-24T21:30:40.268448+00:00,1779658240.2654443,dcs_bios_raw,RWR_LT_BRIGHT,53690,52706,-984,,,,,,,,,,no,no,unmapped_raw_key
P02,without_tutor,T01,11700,2026-05-24T21:30:40.380572+00:00,1779658240.3765686,dcs_bios_raw,RWR_LT_BRIGHT,52706,53691,985,,,,,,,,,,no,no,unmapped_raw_key
P02,without_tutor,T01,11702,2026-05-24T21:30:40.484704+00:00,1779658240.4822028,dcs_bios_raw,RWR_LT_BRIGHT,53691,52706,-985,,,,,,,,,,no,no,unmapped_raw_key
P02,without_tutor,T01,11706,2026-05-24T21:30:40.623367+00:00,1779658240.6213758,dcs_bios_raw,RWR_LT_BRIGHT,52706,53691,985,,,,,,,,,,no,no,unmapped_raw_key
P02,without_tutor,T01,11708,2026-05-24T21:30:40.729500+00:00,1779658240.7275002,dcs_bios_raw,RWR_LT_BRIGHT,53691,52706,-985,,,,,,,,,,no,no,unmapped_raw_key
P02,without_tutor,T01,11711,2026-05-24T21:30:40.871190+00:00,1779658240.8661814,dcs_bios_raw,RWR_LT_BRIGHT,52706,53691,985,,,,,,,,,,no,no,unmapped_raw_key
P02,without_tutor,T01,11713,2026-05-24T21:30:40.981321+00:00,1779658240.9773207,dcs_bios_raw,RWR_LT_BRIGHT,53691,52706,-985,,,,,,,,,,no,no,unmapped_raw_key
P02,without_tutor,T01,11715,2026-05-24T21:30:41.085458+00:00,1779658241.0829544,dcs_bios_raw,RWR_LT_BRIGHT,52706,53691,985,,,,,,,,,,no,no,unmapped_raw_key
P02,without_tutor,T01,11719,2026-05-24T21:30:41.229668+00:00,1779658241.227669,dcs_bios_raw,RWR_LT_BRIGHT,53691,52706,-985,,,,,,,,,,no,no,unmapped_raw_key
P02,without_tutor,T01,11721,2026-05-24T21:30:41.341845+00:00,1779658241.3388448,dcs_bios_raw,RWR_LT_BRIGHT,52706,53691,985,,,,,,,,,,no,no,unmapped_raw_key
P02,without_tutor,T01,11723,2026-05-24T21:30:41.445973+00:00,1779658241.4434674,dcs_bios_raw,RWR_LT_BRIGHT,53691,52706,-985,,,,,,,,,,no,no,unmapped_raw_key
P02,without_tutor,T01,11726,2026-05-24T21:30:41.591136+00:00,1779658241.5886347,dcs_bios_raw,RWR_LT_BRIGHT,52706,53691,985,,,,,,,,,,no,no,unmapped_raw_key
P02,without_tutor,T01,11728,2026-05-24T21:30:41.698274+00:00,1779658241.693766,dcs_bios_raw,RWR_LT_BRIGHT,53691,52706,-985,,,,,,,,,,no,no,unmapped_raw_key
P02,without_tutor,T01,11730,2026-05-24T21:30:41.801915+00:00,1779658241.7999158,dcs_bios_raw,RWR_LT_BRIGHT,52706,53691,985,,,,,,,,,,no,no,unmapped_raw_key
P02,without_tutor,T01,11733,2026-05-24T21:30:41.940624+00:00,1779658241.9386172,dcs_bios_raw,RWR_LT_BRIGHT,53691,52706,-985,,,,,,,,,,no,no,unmapped_raw_key
P02,without_tutor,T01,11735,2026-05-24T21:30:42.051790+00:00,1779658242.0497909,dcs_bios_raw,RWR_LT_BRIGHT,52706,53691,985,,,,,,,,,,no,no,unmapped_raw_key
P02,without_tutor,T01,11736,2026-05-24T21:30:42.157940+00:00,1779658242.1549351,dcs_bios_raw,RWR_LT_BRIGHT,53691,52706,-985,,,,,,,,,,no,no,unmapped_raw_key
P02,without_tutor,T01,11737,2026-05-24T21:30:42.302109+00:00,1779658242.2991095,dcs_bios_raw,RWR_LT_BRIGHT,52706,53691,985,,,,,,,,,,no,no,unmapped_raw_key
P02,without_tutor,T01,11740,2026-05-24T21:30:42.408249+00:00,1779658242.4052444,dcs_bios_raw,RWR_LT_BRIGHT,53691,52706,-985,,,,,,,,,,no,no,unmapped_raw_key
P02,without_tutor,T01,11741,2026-05-24T21:30:42.551938+00:00,1779658242.5499308,dcs_bios_raw,RWR_LT_BRIGHT,52706,53691,985,,,,,,,,,,no,no,unmapped_raw_key
P02,without_tutor,T01,11742,2026-05-24T21:30:42.663086+00:00,1779658242.6600788,dcs_bios_raw,RWR_LT_BRIGHT,53691,52706,-985,,,,,,,,,,no,no,unmapped_raw_key
P02,without_tutor,T01,11743,2026-05-24T21:30:42.765217+00:00,1779658242.7607136,dcs_bios_raw,RWR_LT_BRIGHT,52706,53691,985,,,,,,,,,,no,no,unmapped_raw_key
P02,without_tutor,T01,11745,2026-05-24T21:30:42.907362+00:00,1779658242.905351,dcs_bios_raw,RWR_LT_BRIGHT,53691,52706,-985,,,,,,,,,,no,no,unmapped_raw_key
P02,without_tutor,T01,11747,2026-05-24T21:30:43.014502+00:00,1779658243.0109901,dcs_bios_raw,RWR_LT_BRIGHT,52706,53691,985,,,,,,,,,,no,no,unmapped_raw_key
P02,without_tutor,T01,11748,2026-05-24T21:30:43.124642+00:00,1779658243.1216354,dcs_bios_raw,RWR_LT_BRIGHT,53691,52706,-985,,,,,,,,,,no,no,unmapped_raw_key
P02,without_tutor,T01,11749,2026-05-24T21:30:43.270313+00:00,1779658243.2663105,dcs_bios_raw,RWR_LT_BRIGHT,52706,53691,985,,,,,,,,,,no,no,unmapped_raw_key
P02,without_tutor,T01,11750,2026-05-24T21:30:43.373445+00:00,1779658243.3714375,dcs_bios_raw,RWR_LT_BRIGHT,53691,52706,-985,,,,,,,,,,no,no,unmapped_raw_key
P02,without_tutor,T01,11751,2026-05-24T21:30:43.480087+00:00,1779658243.4770796,dcs_bios_raw,RWR_LT_BRIGHT,52706,53691,985,,,,,,,,,,no,no,unmapped_raw_key
P02,without_tutor,T01,11752,2026-05-24T21:30:43.623261+00:00,1779658243.6212544,dcs_bios_raw,RWR_LT_BRIGHT,53691,52706,-985,,,,,,,,,,no,no,unmapped_raw_key
P02,without_tutor,T01,11754,2026-05-24T21:30:43.735899+00:00,1779658243.7323916,dcs_bios_raw,RWR_LT_BRIGHT,52706,53691,985,,,,,,,,,,no,no,unmapped_raw_key
P02,without_tutor,T01,11755,2026-05-24T21:30:43.840545+00:00,1779658243.8385522,dcs_bios_raw,RWR_LT_BRIGHT,53691,52706,-985,,,,,,,,,,no,no,unmapped_raw_key
P02,without_tutor,T01,11756,2026-05-24T21:30:43.979753+00:00,1779658243.9767516,dcs_bios_raw,RWR_LT_BRIGHT,52706,53691,985,,,,,,,,,,no,no,unmapped_raw_key
P02,without_tutor,T01,11757,2026-05-24T21:30:44.086389+00:00,1779658244.082876,dcs_bios_raw,RWR_LT_BRIGHT,53691,52706,-985,,,,,,,,,,no,no,unmapped_raw_key
P02,without_tutor,T01,11758,2026-05-24T21:30:44.219031+00:00,1779658244.2160292,dcs_bios_raw,RWR_LT_BRIGHT,52706,53691,985,,,,,,,,,,no,no,unmapped_raw_key
P02,without_tutor,T01,11759,2026-05-24T21:30:44.318154+00:00,1779658244.3161526,dcs_bios_raw,RWR_LT_BRIGHT,53691,52706,-985,,,,,,,,,,no,no,unmapped_raw_key
P02,without_tutor,T01,11760,2026-05-24T21:30:44.451822+00:00,1779658244.4488223,dcs_bios_raw,RWR_LT_BRIGHT,52706,53691,985,,,,,,,,,,no,no,unmapped_raw_key
P02,without_tutor,T01,11761,2026-05-24T21:30:44.591999+00:00,1779658244.588998,dcs_bios_raw,RWR_LT_BRIGHT,53691,52706,-985,,,,,,,,,,no,no,unmapped_raw_key
P02,without_tutor,T01,11762,2026-05-24T21:30:44.696185+00:00,1779658244.6931326,dcs_bios_raw,RWR_LT_BRIGHT,52706,53691,985,,,,,,,,,,no,no,unmapped_raw_key
P02,without_tutor,T01,11763,2026-05-24T21:30:44.801341+00:00,1779658244.7993417,dcs_bios_raw,RWR_LT_BRIGHT,53691,52706,-985,,,,,,,,,,no,no,unmapped_raw_key
P02,without_tutor,T01,11764,2026-05-24T21:30:44.946007+00:00,1779658244.9435034,dcs_bios_raw,RWR_LT_BRIGHT,52706,53691,985,,,,,,,,,,no,no,unmapped_raw_key
P02,without_tutor,T01,11766,2026-05-24T21:30:45.052156+00:00,1779658245.049164,dcs_bios_raw,RWR_LT_BRIGHT,53691,52706,-985,,,,,,,,,,no,no,unmapped_raw_key
P02,without_tutor,T01,11767,2026-05-24T21:30:45.163276+00:00,1779658245.1602838,dcs_bios_raw,RWR_LT_BRIGHT,52706,53691,985,,,,,,,,,,no,no,unmapped_raw_key
P02,without_tutor,T01,11768,2026-05-24T21:30:45.301448+00:00,1779658245.2994483,dcs_bios_raw,RWR_LT_BRIGHT,53691,52706,-985,,,,,,,,,,no,no,unmapped_raw_key
P02,without_tutor,T01,11769,2026-05-24T21:30:45.407615+00:00,1779658245.4056036,dcs_bios_raw,RWR_LT_BRIGHT,52706,53691,985,,,,,,,,,,no,no,unmapped_raw_key
P02,without_tutor,T01,11770,2026-05-24T21:30:45.546770+00:00,1779658245.5432632,dcs_bios_raw,RWR_LT_BRIGHT,53691,52706,-985,,,,,,,,,,no,no,unmapped_raw_key
P02,without_tutor,T01,11771,2026-05-24T21:30:45.659397+00:00,1779658245.6553915,dcs_bios_raw,RWR_LT_BRIGHT,52706,53691,985,,,,,,,,,,no,no,unmapped_raw_key
P02,without_tutor,T01,11772,2026-05-24T21:30:45.763532+00:00,1779658245.7605321,dcs_bios_raw,RWR_LT_BRIGHT,53691,52706,-985,,,,,,,,,,no,no,unmapped_raw_key
P02,without_tutor,T01,11773,2026-05-24T21:30:45.910238+00:00,1779658245.9052322,dcs_bios_raw,RWR_LT_BRIGHT,52706,53691,985,,,,,,,,,,no,no,unmapped_raw_key
P02,without_tutor,T01,11775,2026-05-24T21:30:46.013876+00:00,1779658246.010883,dcs_bios_raw,RWR_LT_BRIGHT,53691,52706,-985,,,,,,,,,,no,no,unmapped_raw_key
P02,without_tutor,T01,11776,2026-05-24T21:30:46.118985+00:00,1779658246.1159828,dcs_bios_raw,RWR_LT_BRIGHT,52706,53691,985,,,,,,,,,,no,no,unmapped_raw_key
P02,without_tutor,T01,11777,2026-05-24T21:30:46.263667+00:00,1779658246.2606685,dcs_bios_raw,RWR_LT_BRIGHT,53691,52706,-985,,,,,,,,,,no,no,unmapped_raw_key
P02,without_tutor,T01,11778,2026-05-24T21:30:46.375311+00:00,1779658246.3718085,dcs_bios_raw,RWR_LT_BRIGHT,52706,53691,985,,,,,,,,,,no,no,unmapped_raw_key
P02,without_tutor,T01,11779,2026-05-24T21:30:46.513992+00:00,1779658246.510985,dcs_bios_raw,RWR_LT_BRIGHT,53691,52706,-985,,,,,,,,,,no,no,unmapped_raw_key
P02,without_tutor,T01,11780,2026-05-24T21:30:46.624610+00:00,1779658246.622116,dcs_bios_raw,RWR_LT_BRIGHT,52706,53691,985,,,,,,,,,,no,no,unmapped_raw_key
P02,without_tutor,T01,11781,2026-05-24T21:30:46.730268+00:00,1779658246.727268,dcs_bios_raw,RWR_LT_BRIGHT,53691,52706,-985,,,,,,,,,,no,no,unmapped_raw_key
P02,without_tutor,T01,11782,2026-05-24T21:30:46.836390+00:00,1779658246.8338816,dcs_bios_raw,RWR_LT_BRIGHT,52706,53691,985,,,,,,,,,,no,no,unmapped_raw_key
P02,without_tutor,T01,11783,2026-05-24T21:30:46.981052+00:00,1779658246.9770515,dcs_bios_raw,RWR_LT_BRIGHT,53691,52706,-985,,,,,,,,,,no,no,unmapped_raw_key
P02,without_tutor,T01,11783,2026-05-24T21:30:46.981052+00:00,1779658246.9770515,dcs_bios_raw,SJ_CTR,0,1,1,,,,,,,,,,no,no,unmapped_raw_key
P02,without_tutor,T01,11785,2026-05-24T21:30:47.085197+00:00,1779658247.0826957,dcs_bios_raw,RWR_LT_BRIGHT,52706,53691,985,,,,,,,,,,no,no,unmapped_raw_key
P02,without_tutor,T01,11786,2026-05-24T21:30:47.232382+00:00,1779658247.2273755,dcs_bios_raw,RWR_LT_BRIGHT,53691,52706,-985,,,,,,,,,,no,no,unmapped_raw_key
P02,without_tutor,T01,11787,2026-05-24T21:30:47.342531+00:00,1779658247.3385303,dcs_bios_raw,RWR_LT_BRIGHT,52706,53687,981,,,,,,,,,,no,no,unmapped_raw_key
P02,without_tutor,T01,11787,2026-05-24T21:30:47.342531+00:00,1779658247.3385303,dcs_bios_raw,SJ_LI,,1,1,,,,,,,,,,no,no,unmapped_raw_key
P02,without_tutor,T01,11789,2026-05-24T21:30:47.446669+00:00,1779658247.4431653,dcs_bios_raw,RWR_LT_BRIGHT,53687,52706,-981,,,,,,,,,,no,no,unmapped_raw_key
P02,without_tutor,T01,11790,2026-05-24T21:30:47.585308+00:00,1779658247.5828068,dcs_bios_raw,RWR_LT_BRIGHT,52706,53684,978,,,,,,,,,,no,no,unmapped_raw_key
P02,without_tutor,T01,11790,2026-05-24T21:30:47.585308+00:00,1779658247.5828068,dcs_bios_raw,SJ_RI,,1,1,,,,,,,,,,no,no,unmapped_raw_key
P02,without_tutor,T01,11792,2026-05-24T21:30:47.685954+00:00,1779658247.6834495,dcs_bios_raw,RWR_LT_BRIGHT,53684,52706,-978,,,,,,,,,,no,no,unmapped_raw_key
P02,without_tutor,T01,11793,2026-05-24T21:30:47.819616+00:00,1779658247.8156042,dcs_bios_raw,RWR_LT_BRIGHT,52706,53680,974,,,,,,,,,,no,no,unmapped_raw_key
P02,without_tutor,T01,11794,2026-05-24T21:30:47.919263+00:00,1779658247.9162617,dcs_bios_raw,RWR_LT_BRIGHT,53680,52706,-974,,,,,,,,,,no,no,unmapped_raw_key
P02,without_tutor,T01,11796,2026-05-24T21:30:48.052385+00:00,1779658248.0493853,dcs_bios_raw,RWR_LT_BRIGHT,52706,53679,973,,,,,,,,,,no,no,unmapped_raw_key
P02,without_tutor,T01,11797,2026-05-24T21:30:48.163516+00:00,1779658248.1605165,dcs_bios_raw,RWR_LT_BRIGHT,53679,52706,-973,,,,,,,,,,no,no,unmapped_raw_key
P02,without_tutor,T01,11798,2026-05-24T21:30:48.302710+00:00,1779658248.299708,dcs_bios_raw,RWR_LT_BRIGHT,52706,53679,973,,,,,,,,,,no,no,unmapped_raw_key
P02,without_tutor,T01,11799,2026-05-24T21:30:48.407827+00:00,1779658248.4048223,dcs_bios_raw,RWR_LT_BRIGHT,53679,52706,-973,,,,,,,,,,no,no,unmapped_raw_key
P02,without_tutor,T01,11800,2026-05-24T21:30:48.513487+00:00,1779658248.5104952,dcs_bios_raw,SJ_LO,,1,1,,,,,,,,,,no,no,unmapped_raw_key
P02,without_tutor,T01,11801,2026-05-24T21:30:48.548533+00:00,1779658248.5440254,dcs_bios_raw,RWR_LT_BRIGHT,52706,53679,973,,,,,,,,,,no,no,unmapped_raw_key
P02,without_tutor,T01,11802,2026-05-24T21:30:48.657692+00:00,1779658248.6556907,dcs_bios_raw,RWR_LT_BRIGHT,53679,52706,-973,,,,,,,,,,no,no,unmapped_raw_key
P02,without_tutor,T01,11803,2026-05-24T21:30:48.763307+00:00,1779658248.7603076,dcs_bios_raw,RWR_LT_BRIGHT,52706,53676,970,,,,,,,,,,no,no,unmapped_raw_key
P02,without_tutor,T01,11804,2026-05-24T21:30:48.796365+00:00,1779658248.7938578,dcs_bios_raw,SJ_RO,,1,1,,,,,,,,,,no,no,unmapped_raw_key
P02,without_tutor,T01,11805,2026-05-24T21:30:48.909061+00:00,1779658248.9050422,dcs_bios_raw,RWR_LT_BRIGHT,53676,52706,-970,,,,,,,,,,no,no,unmapped_raw_key
P02,without_tutor,T01,11807,2026-05-24T21:30:49.015203+00:00,1779658249.0107083,dcs_bios_raw,RWR_LT_BRIGHT,52706,53673,967,,,,,,,,,,no,no,unmapped_raw_key
P02,without_tutor,T01,11808,2026-05-24T21:30:49.125354+00:00,1779658249.1218517,dcs_bios_raw,RWR_LT_BRIGHT,53673,52706,-967,,,,,,,,,,no,no,unmapped_raw_key
P02,without_tutor,T01,11809,2026-05-24T21:30:49.263540+00:00,1779658249.260541,dcs_bios_raw,RWR_LT_BRIGHT,52706,53672,966,,,,,,,,,,no,no,unmapped_raw_key
P02,without_tutor,T01,11810,2026-05-24T21:30:49.375183+00:00,1779658249.3726885,dcs_bios_raw,RWR_LT_BRIGHT,53672,52706,-966,,,,,,,,,,no,no,unmapped_raw_key
P02,without_tutor,T01,11811,2026-05-24T21:30:49.512880+00:00,1779658249.5108802,dcs_bios_raw,RWR_LT_BRIGHT,52706,53672,966,,,,,,,,,,no,no,unmapped_raw_key
P02,without_tutor,T01,11812,2026-05-24T21:30:49.551938+00:00,1779658249.5499308,dcs_bios_raw,SJ_CTR,1,0,-1,,,,,,,,,,no,no,unmapped_raw_key
P02,without_tutor,T01,11814,2026-05-24T21:30:49.624051+00:00,1779658249.6220584,dcs_bios_raw,RWR_LT_BRIGHT,53672,52706,-966,,,,,,,,,,no,no,unmapped_raw_key
P02,without_tutor,T01,11815,2026-05-24T21:30:49.730207+00:00,1779658249.7272074,dcs_bios_raw,RWR_LT_BRIGHT,52706,53675,969,,,,,,,,,,no,no,unmapped_raw_key
P02,without_tutor,T01,11816,2026-05-24T21:30:49.868864+00:00,1779658249.8668623,dcs_bios_raw,RWR_LT_BRIGHT,53675,52706,-969,,,,,,,,,,no,no,unmapped_raw_key
P02,without_tutor,T01,11817,2026-05-24T21:30:49.980058+00:00,1779658249.977059,dcs_bios_raw,RWR_LT_BRIGHT,52706,53676,970,,,,,,,,,,no,no,unmapped_raw_key
P02,without_tutor,T01,11818,2026-05-24T21:30:50.085188+00:00,1779658250.082689,dcs_bios_raw,RWR_LT_BRIGHT,53676,52706,-970,,,,,,,,,,no,no,unmapped_raw_key
P02,without_tutor,T01,11819,2026-05-24T21:30:50.230390+00:00,1779658250.2273908,dcs_bios_raw,RWR_LT_BRIGHT,52706,53676,970,,,,,,,,,,no,no,unmapped_raw_key
P02,without_tutor,T01,11819,2026-05-24T21:30:50.230390+00:00,1779658250.2273908,dcs_bios_raw,SJ_LI,1,0,-1,,,,,,,,,,no,no,unmapped_raw_key
P02,without_tutor,T01,11821,2026-05-24T21:30:50.335570+00:00,1779658250.33306,dcs_bios_raw,RWR_LT_BRIGHT,53676,52706,-970,,,,,,,,,,no,no,unmapped_raw_key
P02,without_tutor,T01,11822,2026-05-24T21:30:50.435197+00:00,1779658250.4326954,dcs_bios_raw,RWR_LT_BRIGHT,52706,53679,973,,,,,,,,,,no,no,unmapped_raw_key
P02,without_tutor,T01,11823,2026-05-24T21:30:50.568391+00:00,1779658250.5663877,dcs_bios_raw,RWR_LT_BRIGHT,53679,52706,-973,,,,,,,,,,no,no,unmapped_raw_key
P02,without_tutor,T01,11824,2026-05-24T21:30:50.636476+00:00,1779658250.6329634,dcs_bios_raw,SJ_RI,1,0,-1,,,,,,,,,,no,no,unmapped_raw_key
P02,without_tutor,T01,11826,2026-05-24T21:30:50.701544+00:00,1779658250.6995368,dcs_bios_raw,RWR_LT_BRIGHT,52706,53679,973,,,,,,,,,,no,no,unmapped_raw_key
P02,without_tutor,T01,11829,2026-05-24T21:30:50.803691+00:00,1779658250.7991905,dcs_bios_raw,RWR_LT_BRIGHT,53679,52706,-973,,,,,,,,,,no,no,unmapped_raw_key
P02,without_tutor,T01,11830,2026-05-24T21:30:50.941422+00:00,1779658250.9384227,dcs_bios_raw,RWR_LT_BRIGHT,52706,53683,977,,,,,,,,,,no,no,unmapped_raw_key
P02,without_tutor,T01,11832,2026-05-24T21:30:51.053068+00:00,1779658251.0490665,dcs_bios_raw,RWR_LT_BRIGHT,53683,52706,-977,,,,,,,,,,no,no,unmapped_raw_key
P02,without_tutor,T01,11832,2026-05-24T21:30:51.053068+00:00,1779658251.0490665,dcs_bios_raw,SJ_RO,1,0,-1,,,,,,,,,,no,no,unmapped_raw_key
P02,without_tutor,T01,11833,2026-05-24T21:30:51.157681+00:00,1779658251.1556768,dcs_bios_raw,RWR_LT_BRIGHT,52706,53683,977,,,,,,,,,,no,no,unmapped_raw_key
P02,without_tutor,T01,11834,2026-05-24T21:30:51.296357+00:00,1779658251.2938507,dcs_bios_raw,RWR_LT_BRIGHT,53683,52706,-977,,,,,,,,,,no,no,unmapped_raw_key
P02,without_tutor,T01,11835,2026-05-24T21:30:51.408004+00:00,1779658251.4049914,dcs_bios_raw,RWR_LT_BRIGHT,52706,53686,980,,,,,,,,,,no,no,unmapped_raw_key
P02,without_tutor,T01,11836,2026-05-24T21:30:51.481585+00:00,1779658251.4775918,dcs_bios_raw,SJ_LO,1,0,-1,,,,,,,,,,no,no,unmapped_raw_key
P02,without_tutor,T01,11838,2026-05-24T21:30:51.551678+00:00,1779658251.5496743,dcs_bios_raw,RWR_LT_BRIGHT,53686,52706,-980,,,,,,,,,,no,no,unmapped_raw_key
P02,without_tutor,T01,11839,2026-05-24T21:30:51.658296+00:00,1779658251.6552808,dcs_bios_raw,RWR_LT_BRIGHT,52706,53690,984,,,,,,,,,,no,no,unmapped_raw_key
P02,without_tutor,T01,11840,2026-05-24T21:30:51.763417+00:00,1779658251.7604194,dcs_bios_raw,RWR_LT_BRIGHT,53690,52706,-984,,,,,,,,,,no,no,unmapped_raw_key
P02,without_tutor,T01,11841,2026-05-24T21:30:51.908101+00:00,1779658251.9050932,dcs_bios_raw,RWR_LT_BRIGHT,52706,53691,985,,,,,,,,,,no,no,unmapped_raw_key
P02,without_tutor,T01,11843,2026-05-24T21:30:52.013210+00:00,1779658252.01121,dcs_bios_raw,RWR_LT_BRIGHT,53691,52706,-985,,,,,,,,,,no,no,unmapped_raw_key
P02,without_tutor,T01,11844,2026-05-24T21:30:52.127377+00:00,1779658252.1218665,dcs_bios_raw,RWR_LT_BRIGHT,52706,53691,985,,,,,,,,,,no,no,unmapped_raw_key
P02,without_tutor,T01,11845,2026-05-24T21:30:52.263023+00:00,1779658252.2610238,dcs_bios_raw,RWR_LT_BRIGHT,53691,52706,-985,,,,,,,,,,no,no,unmapped_raw_key
P02,without_tutor,T01,11846,2026-05-24T21:30:52.368660+00:00,1779658252.366657,dcs_bios_raw,RWR_LT_BRIGHT,52706,53691,985,,,,,,,,,,no,no,unmapped_raw_key
P02,without_tutor,T01,11847,2026-05-24T21:30:52.513361+00:00,1779658252.5113618,dcs_bios_raw,RWR_LT_BRIGHT,53691,52706,-985,,,,,,,,,,no,no,unmapped_raw_key
P02,without_tutor,T01,11848,2026-05-24T21:30:52.623998+00:00,1779658252.6220016,dcs_bios_raw,RWR_LT_BRIGHT,52706,53691,985,,,,,,,,,,no,no,unmapped_raw_key
P02,without_tutor,T01,11849,2026-05-24T21:30:52.729625+00:00,1779658252.7276263,dcs_bios_raw,RWR_LT_BRIGHT,53691,52706,-985,,,,,,,,,,no,no,unmapped_raw_key
P02,without_tutor,T01,11850,2026-05-24T21:30:52.841273+00:00,1779658252.8382757,dcs_bios_raw,RWR_LT_BRIGHT,52706,53691,985,,,,,,,,,,no,no,unmapped_raw_key
P02,without_tutor,T01,11851,2026-05-24T21:30:52.979981+00:00,1779658252.9769838,dcs_bios_raw,RWR_LT_BRIGHT,53691,52706,-985,,,,,,,,,,no,no,unmapped_raw_key
P02,without_tutor,T01,11852,2026-05-24T21:30:53.086097+00:00,1779658253.083592,dcs_bios_raw,RWR_LT_BRIGHT,52706,53691,985,,,,,,,,,,no,no,unmapped_raw_key
P02,without_tutor,T01,11853,2026-05-24T21:30:53.231309+00:00,1779658253.2273107,dcs_bios_raw,RWR_LT_BRIGHT,53691,52706,-985,,,,,,,,,,no,no,unmapped_raw_key
P02,without_tutor,T01,11854,2026-05-24T21:30:53.335984+00:00,1779658253.3334668,dcs_bios_raw,RWR_LT_BRIGHT,52706,53691,985,,,,,,,,,,no,no,unmapped_raw_key
P02,without_tutor,T01,11855,2026-05-24T21:30:53.441126+00:00,1779658253.4381268,dcs_bios_raw,RWR_LT_BRIGHT,53691,52706,-985,,,,,,,,,,no,no,unmapped_raw_key
P02,without_tutor,T01,11856,2026-05-24T21:30:53.591322+00:00,1779658253.5883248,dcs_bios_raw,RWR_LT_BRIGHT,52706,53691,985,,,,,,,,,,no,no,unmapped_raw_key
P02,without_tutor,T01,11857,2026-05-24T21:30:53.690992+00:00,1779658253.6889875,dcs_bios_raw,RWR_LT_BRIGHT,53691,52706,-985,,,,,,,,,,no,no,unmapped_raw_key
P02,without_tutor,T01,11858,2026-05-24T21:30:53.803126+00:00,1779658253.8001163,dcs_bios_raw,RWR_LT_BRIGHT,52706,53691,985,,,,,,,,,,no,no,unmapped_raw_key
P02,without_tutor,T01,11859,2026-05-24T21:30:53.942372+00:00,1779658253.9383736,dcs_bios_raw,RWR_LT_BRIGHT,53691,52706,-985,,,,,,,,,,no,no,unmapped_raw_key
P02,without_tutor,T01,11861,2026-05-24T21:30:54.052520+00:00,1779658254.04952,dcs_bios_raw,RWR_LT_BRIGHT,52706,53691,985,,,,,,,,,,no,no,unmapped_raw_key
P02,without_tutor,T01,11862,2026-05-24T21:30:54.157714+00:00,1779658254.1557043,dcs_bios_raw,RWR_LT_BRIGHT,53691,52706,-985,,,,,,,,,,no,no,unmapped_raw_key
P02,without_tutor,T01,11863,2026-05-24T21:30:54.302379+00:00,1779658254.2993817,dcs_bios_raw,RWR_LT_BRIGHT,52706,53691,985,,,,,,,,,,no,no,unmapped_raw_key
P02,without_tutor,T01,11864,2026-05-24T21:30:54.408002+00:00,1779658254.4054976,dcs_bios_raw,RWR_LT_BRIGHT,53691,52706,-985,,,,,,,,,,no,no,unmapped_raw_key
P02,without_tutor,T01,11865,2026-05-24T21:30:54.552706+00:00,1779658254.5497065,dcs_bios_raw,RWR_LT_BRIGHT,52706,53691,985,,,,,,,,,,no,no,unmapped_raw_key
P02,without_tutor,T01,11867,2026-05-24T21:30:54.663878+00:00,1779658254.6608703,dcs_bios_raw,RWR_LT_BRIGHT,53691,52706,-985,,,,,,,,,,no,no,unmapped_raw_key
P02,without_tutor,T01,11869,2026-05-24T21:30:54.763476+00:00,1779658254.7604768,dcs_bios_raw,RWR_LT_BRIGHT,52706,53691,985,,,,,,,,,,no,no,unmapped_raw_key
P02,without_tutor,T01,11870,2026-05-24T21:30:54.907695+00:00,1779658254.9056957,dcs_bios_raw,RWR_LT_BRIGHT,53691,52706,-985,,,,,,,,,,no,no,unmapped_raw_key
P02,without_tutor,T01,11872,2026-05-24T21:30:55.014849+00:00,1779658255.010851,dcs_bios_raw,RWR_LT_BRIGHT,52706,53691,985,,,,,,,,,,no,no,unmapped_raw_key
P02,without_tutor,T01,11873,2026-05-24T21:30:55.123998+00:00,1779658255.1219978,dcs_bios_raw,RWR_LT_BRIGHT,53691,52706,-985,,,,,,,,,,no,no,unmapped_raw_key
P02,without_tutor,T01,11874,2026-05-24T21:30:55.263683+00:00,1779658255.2606857,dcs_bios_raw,RWR_LT_BRIGHT,52706,53691,985,,,,,,,,,,no,no,unmapped_raw_key
P02,without_tutor,T01,11875,2026-05-24T21:30:55.368814+00:00,1779658255.3668127,dcs_bios_raw,RWR_LT_BRIGHT,53691,52706,-985,,,,,,,,,,no,no,unmapped_raw_key
P02,without_tutor,T01,11876,2026-05-24T21:30:55.514003+00:00,1779658255.5109985,dcs_bios_raw,RWR_LT_BRIGHT,52706,53691,985,,,,,,,,,,no,no,unmapped_raw_key
P02,without_tutor,T01,11877,2026-05-24T21:30:55.619147+00:00,1779658255.6161454,dcs_bios_raw,RWR_LT_BRIGHT,53691,52706,-985,,,,,,,,,,no,no,unmapped_raw_key
P02,without_tutor,T01,11878,2026-05-24T21:30:55.731292+00:00,1779658255.7272913,dcs_bios_raw,RWR_LT_BRIGHT,52706,53691,985,,,,,,,,,,no,no,unmapped_raw_key
P02,without_tutor,T01,11879,2026-05-24T21:30:55.869975+00:00,1779658255.8669717,dcs_bios_raw,RWR_LT_BRIGHT,53691,52706,-985,,,,,,,,,,no,no,unmapped_raw_key
P02,without_tutor,T01,11880,2026-05-24T21:30:55.980132+00:00,1779658255.9771323,dcs_bios_raw,RWR_LT_BRIGHT,52706,53691,985,,,,,,,,,,no,no,unmapped_raw_key
P02,without_tutor,T01,11881,2026-05-24T21:30:56.086280+00:00,1779658256.0827746,dcs_bios_raw,RWR_LT_BRIGHT,53691,52706,-985,,,,,,,,,,no,no,unmapped_raw_key
P02,without_tutor,T01,11882,2026-05-24T21:30:56.230474+00:00,1779658256.2274675,dcs_bios_raw,RWR_LT_BRIGHT,52706,53691,985,,,,,,,,,,no,no,unmapped_raw_key
P02,without_tutor,T01,11883,2026-05-24T21:30:56.335593+00:00,1779658256.3330913,dcs_bios_raw,RWR_LT_BRIGHT,53691,52706,-985,,,,,,,,,,no,no,unmapped_raw_key
P02,without_tutor,T01,11884,2026-05-24T21:30:56.441218+00:00,1779658256.4382188,dcs_bios_raw,RWR_LT_BRIGHT,52706,53691,985,,,,,,,,,,no,no,unmapped_raw_key
P02,without_tutor,T01,11885,2026-05-24T21:30:56.587448+00:00,1779658256.5829325,dcs_bios_raw,RWR_LT_BRIGHT,53691,52706,-985,,,,,,,,,,no,no,unmapped_raw_key
P02,without_tutor,T01,11886,2026-05-24T21:30:56.691074+00:00,1779658256.688069,dcs_bios_raw,RWR_LT_BRIGHT,52706,53691,985,,,,,,,,,,no,no,unmapped_raw_key
P02,without_tutor,T01,11887,2026-05-24T21:30:56.797215+00:00,1779658256.7937088,dcs_bios_raw,RWR_LT_BRIGHT,53691,52706,-985,,,,,,,,,,no,no,unmapped_raw_key
P02,without_tutor,T01,11888,2026-05-24T21:30:56.941456+00:00,1779658256.9384594,dcs_bios_raw,RWR_LT_BRIGHT,52706,53691,985,,,,,,,,,,no,no,unmapped_raw_key
P02,without_tutor,T01,11890,2026-05-24T21:30:57.052582+00:00,1779658257.0495834,dcs_bios_raw,RWR_LT_BRIGHT,53691,52706,-985,,,,,,,,,,no,no,unmapped_raw_key
P02,without_tutor,T01,11891,2026-05-24T21:30:57.157736+00:00,1779658257.1557379,dcs_bios_raw,RWR_LT_BRIGHT,52706,53691,985,,,,,,,,,,no,no,unmapped_raw_key
P02,without_tutor,T01,11892,2026-05-24T21:30:57.302408+00:00,1779658257.2994115,dcs_bios_raw,RWR_LT_BRIGHT,53691,52706,-985,,,,,,,,,,no,no,unmapped_raw_key
P02,without_tutor,T01,11893,2026-05-24T21:30:57.407532+00:00,1779658257.4055266,dcs_bios_raw,RWR_LT_BRIGHT,52706,53691,985,,,,,,,,,,no,no,unmapped_raw_key
P02,without_tutor,T01,11894,2026-05-24T21:30:57.546724+00:00,1779658257.5432148,dcs_bios_raw,RWR_LT_BRIGHT,53691,52706,-985,,,,,,,,,,no,no,unmapped_raw_key
P02,without_tutor,T01,11895,2026-05-24T21:30:57.657867+00:00,1779658257.6558652,dcs_bios_raw,RWR_LT_BRIGHT,52706,53691,985,,,,,,,,,,no,no,unmapped_raw_key
P02,without_tutor,T01,11896,2026-05-24T21:30:57.763506+00:00,1779658257.7605083,dcs_bios_raw,RWR_LT_BRIGHT,53691,52706,-985,,,,,,,,,,no,no,unmapped_raw_key
P02,without_tutor,T01,11897,2026-05-24T21:30:57.908688+00:00,1779658257.9056761,dcs_bios_raw,RWR_LT_BRIGHT,52706,53691,985,,,,,,,,,,no,no,unmapped_raw_key
P02,without_tutor,T01,11899,2026-05-24T21:30:58.013816+00:00,1779658258.0113025,dcs_bios_raw,RWR_LT_BRIGHT,53691,52706,-985,,,,,,,,,,no,no,unmapped_raw_key
P02,without_tutor,T01,11900,2026-05-24T21:30:58.120977+00:00,1779658258.1169705,dcs_bios_raw,RWR_LT_BRIGHT,52706,53691,985,,,,,,,,,,no,no,unmapped_raw_key
P02,without_tutor,T01,11901,2026-05-24T21:30:58.263695+00:00,1779658258.2617025,dcs_bios_raw,RWR_LT_BRIGHT,53691,52706,-985,,,,,,,,,,no,no,unmapped_raw_key
P02,without_tutor,T01,11902,2026-05-24T21:30:58.368823+00:00,1779658258.3668137,dcs_bios_raw,RWR_LT_BRIGHT,52706,53691,985,,,,,,,,,,no,no,unmapped_raw_key
P02,without_tutor,T01,11903,2026-05-24T21:30:58.513994+00:00,1779658258.511497,dcs_bios_raw,RWR_LT_BRIGHT,53691,52706,-985,,,,,,,,,,no,no,unmapped_raw_key
P02,without_tutor,T01,11904,2026-05-24T21:30:58.619120+00:00,1779658258.6171176,dcs_bios_raw,RWR_LT_BRIGHT,52706,53691,985,,,,,,,,,,no,no,unmapped_raw_key
P02,without_tutor,T01,11905,2026-05-24T21:30:58.730768+00:00,1779658258.7277684,dcs_bios_raw,RWR_LT_BRIGHT,53691,52706,-985,,,,,,,,,,no,no,unmapped_raw_key
P02,without_tutor,T01,11906,2026-05-24T21:30:58.835912+00:00,1779658258.833406,dcs_bios_raw,RWR_LT_BRIGHT,52706,53691,985,,,,,,,,,,no,no,unmapped_raw_key
P02,without_tutor,T01,11907,2026-05-24T21:30:58.979602+00:00,1779658258.9776063,dcs_bios_raw,RWR_LT_BRIGHT,53691,52706,-985,,,,,,,,,,no,no,unmapped_raw_key
P02,without_tutor,T01,11908,2026-05-24T21:30:59.085774+00:00,1779658259.0832756,dcs_bios_raw,RWR_LT_BRIGHT,52706,53691,985,,,,,,,,,,no,no,unmapped_raw_key
P02,without_tutor,T01,11909,2026-05-24T21:30:59.224939+00:00,1779658259.2219398,dcs_bios_raw,RWR_LT_BRIGHT,53691,52706,-985,,,,,,,,,,no,no,unmapped_raw_key
P02,without_tutor,T01,11910,2026-05-24T21:30:59.298061+00:00,1779658259.2950556,dcs_bios_raw,CANOPY_JETT_HANDLE_UNLOCK,,1,1,,,,,,,,,,no,no,unmapped_raw_key
P02,without_tutor,T01,11911,2026-05-24T21:30:59.337116+00:00,1779658259.3335965,dcs_bios_raw,RWR_LT_BRIGHT,52706,53691,985,,,,,,,,,,no,no,unmapped_raw_key
P02,without_tutor,T01,11912,2026-05-24T21:30:59.441231+00:00,1779658259.4382389,dcs_bios_raw,RWR_LT_BRIGHT,53691,52706,-985,,,,,,,,,,no,no,unmapped_raw_key
P02,without_tutor,T01,11913,2026-05-24T21:30:59.585901+00:00,1779658259.583397,dcs_bios_raw,RWR_LT_BRIGHT,52706,53691,985,,,,,,,,,,no,no,unmapped_raw_key
P02,without_tutor,T01,11914,2026-05-24T21:30:59.691038+00:00,1779658259.6890302,dcs_bios_raw,RWR_LT_BRIGHT,53691,52706,-985,,,,,,,,,,no,no,unmapped_raw_key
P02,without_tutor,T01,11915,2026-05-24T21:30:59.796665+00:00,1779658259.7941594,dcs_bios_raw,RWR_LT_BRIGHT,52706,53691,985,,,,,,,,,,no,no,unmapped_raw_key
P02,without_tutor,T01,11916,2026-05-24T21:30:59.941881+00:00,1779658259.938874,dcs_bios_raw,RWR_LT_BRIGHT,53691,52706,-985,,,,,,,,,,no,no,unmapped_raw_key
P02,without_tutor,T01,11918,2026-05-24T21:31:00.046994+00:00,1779658260.0434875,dcs_bios_raw,RWR_LT_BRIGHT,52706,53691,985,,,,,,,,,,no,no,unmapped_raw_key
P02,without_tutor,T01,11919,2026-05-24T21:31:00.194162+00:00,1779658260.1891613,dcs_bios_raw,RWR_LT_BRIGHT,53691,52706,-985,,,,,,,,,,no,no,unmapped_raw_key
P02,without_tutor,T01,11920,2026-05-24T21:31:00.296816+00:00,1779658260.294813,dcs_bios_raw,RWR_LT_BRIGHT,52706,53691,985,,,,,,,,,,no,no,unmapped_raw_key
P02,without_tutor,T01,11921,2026-05-24T21:31:00.407982+00:00,1779658260.405962,dcs_bios_raw,RWR_LT_BRIGHT,53691,52706,-985,,,,,,,,,,no,no,unmapped_raw_key
P02,without_tutor,T01,11922,2026-05-24T21:31:00.547143+00:00,1779658260.543626,dcs_bios_raw,RWR_LT_BRIGHT,52706,53691,985,,,,,,,,,,no,no,unmapped_raw_key
P02,without_tutor,T01,11923,2026-05-24T21:31:00.658284+00:00,1779658260.655279,dcs_bios_raw,RWR_LT_BRIGHT,53691,52706,-985,,,,,,,,,,no,no,unmapped_raw_key
P02,without_tutor,T01,11924,2026-05-24T21:31:00.763415+00:00,1779658260.761416,dcs_bios_raw,RWR_LT_BRIGHT,52706,53691,985,,,,,,,,,,no,no,unmapped_raw_key
P02,without_tutor,T01,11925,2026-05-24T21:31:00.908106+00:00,1779658260.905088,dcs_bios_raw,RWR_LT_BRIGHT,53691,52706,-985,,,,,,,,,,no,no,unmapped_raw_key
P02,without_tutor,T01,11927,2026-05-24T21:31:01.015738+00:00,1779658261.0112355,dcs_bios_raw,RWR_LT_BRIGHT,52706,53691,985,,,,,,,,,,no,no,unmapped_raw_key
P02,without_tutor,T01,11928,2026-05-24T21:31:01.119394+00:00,1779658261.1168904,dcs_bios_raw,RWR_LT_BRIGHT,53691,52706,-985,,,,,,,,,,no,no,unmapped_raw_key
P02,without_tutor,T01,11929,2026-05-24T21:31:01.265582+00:00,1779658261.2610786,dcs_bios_raw,RWR_LT_BRIGHT,52706,53691,985,,,,,,,,,,no,no,unmapped_raw_key
P02,without_tutor,T01,11930,2026-05-24T21:31:01.369223+00:00,1779658261.3662205,dcs_bios_raw,RWR_LT_BRIGHT,53691,52706,-985,,,,,,,,,,no,no,unmapped_raw_key
P02,without_tutor,T01,11930,2026-05-24T21:31:01.369223+00:00,1779658261.3662205,dcs_bios_raw,CANOPY_JETT_HANDLE_UNLOCK,1,0,-1,,,,,,,,,,no,no,unmapped_raw_key
P02,without_tutor,T01,11931,2026-05-24T21:31:01.507931+00:00,1779658261.5059338,dcs_bios_raw,RWR_LT_BRIGHT,52706,53691,985,,,,,,,,,,no,no,unmapped_raw_key
P02,without_tutor,T01,11932,2026-05-24T21:31:01.607561+00:00,1779658261.605553,dcs_bios_raw,RWR_LT_BRIGHT,53691,52706,-985,,,,,,,,,,no,no,unmapped_raw_key
P02,without_tutor,T01,11933,2026-05-24T21:31:01.742238+00:00,1779658261.7392387,dcs_bios_raw,RWR_LT_BRIGHT,52706,53691,985,,,,,,,,,,no,no,unmapped_raw_key
P02,without_tutor,T01,11934,2026-05-24T21:31:01.843878+00:00,1779658261.8388782,dcs_bios_raw,RWR_LT_BRIGHT,53691,52706,-985,,,,,,,,,,no,no,unmapped_raw_key
P02,without_tutor,T01,11935,2026-05-24T21:31:01.975054+00:00,1779658261.9720619,dcs_bios_raw,RWR_LT_BRIGHT,52706,53691,985,,,,,,,,,,no,no,unmapped_raw_key
P02,without_tutor,T01,11936,2026-05-24T21:31:02.085728+00:00,1779658262.0832202,dcs_bios_raw,RWR_LT_BRIGHT,53691,52706,-985,,,,,,,,,,no,no,unmapped_raw_key
P02,without_tutor,T01,11937,2026-05-24T21:31:02.224919+00:00,1779658262.2224164,dcs_bios_raw,RWR_LT_BRIGHT,52706,53691,985,,,,,,,,,,no,no,unmapped_raw_key
P02,without_tutor,T01,11938,2026-05-24T21:31:02.338072+00:00,1779658262.333554,dcs_bios_raw,RWR_LT_BRIGHT,53691,52706,-985,,,,,,,,,,no,no,unmapped_raw_key
P02,without_tutor,T01,11939,2026-05-24T21:31:02.441710+00:00,1779658262.4387128,dcs_bios_raw,RWR_LT_BRIGHT,52706,53691,985,,,,,,,,,,no,no,unmapped_raw_key
P02,without_tutor,T01,11940,2026-05-24T21:31:02.585879+00:00,1779658262.5833755,dcs_bios_raw,RWR_LT_BRIGHT,53691,52706,-985,,,,,,,,,,no,no,unmapped_raw_key
P02,without_tutor,T01,11941,2026-05-24T21:31:02.691523+00:00,1779658262.6885166,dcs_bios_raw,RWR_LT_BRIGHT,52706,53691,985,,,,,,,,,,no,no,unmapped_raw_key
P02,without_tutor,T01,11942,2026-05-24T21:31:02.799669+00:00,1779658262.7941601,dcs_bios_raw,RWR_LT_BRIGHT,53691,52706,-985,,,,,,,,,,no,no,unmapped_raw_key
P02,without_tutor,T01,11943,2026-05-24T21:31:02.942838+00:00,1779658262.9388366,dcs_bios_raw,RWR_LT_BRIGHT,52706,53691,985,,,,,,,,,,no,no,unmapped_raw_key
P02,without_tutor,T01,11945,2026-05-24T21:31:03.046954+00:00,1779658263.043447,dcs_bios_raw,RWR_LT_BRIGHT,53691,52706,-985,,,,,,,,,,no,no,unmapped_raw_key
P02,without_tutor,T01,11946,2026-05-24T21:31:03.192700+00:00,1779658263.1887012,dcs_bios_raw,RWR_LT_BRIGHT,52706,53691,985,,,,,,,,,,no,no,unmapped_raw_key
P02,without_tutor,T01,11947,2026-05-24T21:31:03.297936+00:00,1779658263.2949126,dcs_bios_raw,RWR_LT_BRIGHT,53691,52706,-985,,,,,,,,,,no,no,unmapped_raw_key
P02,without_tutor,T01,11948,2026-05-24T21:31:03.408184+00:00,1779658263.406182,dcs_bios_raw,RWR_LT_BRIGHT,52706,53691,985,,,,,,,,,,no,no,unmapped_raw_key
P02,without_tutor,T01,11949,2026-05-24T21:31:03.547516+00:00,1779658263.543999,dcs_bios_raw,RWR_LT_BRIGHT,53691,52706,-985,,,,,,,,,,no,no,unmapped_raw_key
P02,without_tutor,T01,11950,2026-05-24T21:31:03.658764+00:00,1779658263.655754,dcs_bios_raw,RWR_LT_BRIGHT,52706,53691,985,,,,,,,,,,no,no,unmapped_raw_key
P02,without_tutor,T01,11951,2026-05-24T21:31:03.763509+00:00,1779658263.7615092,dcs_bios_raw,RWR_LT_BRIGHT,53691,52706,-985,,,,,,,,,,no,no,unmapped_raw_key
P02,without_tutor,T01,11952,2026-05-24T21:31:03.904245+00:00,1779658263.900245,dcs_bios_raw,RWR_LT_BRIGHT,52706,53691,985,,,,,,,,,,no,no,unmapped_raw_key
P02,without_tutor,T01,11954,2026-05-24T21:31:04.013467+00:00,1779658264.0114672,dcs_bios_raw,RWR_LT_BRIGHT,53691,52706,-985,,,,,,,,,,no,no,unmapped_raw_key
P02,without_tutor,T01,11955,2026-05-24T21:31:04.122234+00:00,1779658264.1167204,dcs_bios_raw,RWR_LT_BRIGHT,52706,53691,985,,,,,,,,,,no,no,unmapped_raw_key
P02,without_tutor,T01,11956,2026-05-24T21:31:04.263066+00:00,1779658264.2610657,dcs_bios_raw,RWR_LT_BRIGHT,53691,52706,-985,,,,,,,,,,no,no,unmapped_raw_key
P02,without_tutor,T01,11957,2026-05-24T21:31:04.337698+00:00,1779658264.3341827,dcs_bios_raw,CANOPY_JETT_HANDLE_UNLOCK,0,1,1,,,,,,,,,,no,no,unmapped_raw_key
P02,without_tutor,T01,11958,2026-05-24T21:31:04.369218+00:00,1779658264.3662164,dcs_bios_raw,RWR_LT_BRIGHT,52706,53691,985,,,,,,,,,,no,no,unmapped_raw_key
P02,without_tutor,T01,11959,2026-05-24T21:31:04.514049+00:00,1779658264.5110512,dcs_bios_raw,RWR_LT_BRIGHT,53691,52706,-985,,,,,,,,,,no,no,unmapped_raw_key
P02,without_tutor,T01,11960,2026-05-24T21:31:04.619275+00:00,1779658264.6172755,dcs_bios_raw,RWR_LT_BRIGHT,52706,53691,985,,,,,,,,,,no,no,unmapped_raw_key
P02,without_tutor,T01,11961,2026-05-24T21:31:04.724959+00:00,1779658264.7219632,dcs_bios_raw,RWR_LT_BRIGHT,53691,52706,-985,,,,,,,,,,no,no,unmapped_raw_key
P02,without_tutor,T01,11962,2026-05-24T21:31:04.870682+00:00,1779658264.8666797,dcs_bios_raw,RWR_LT_BRIGHT,52706,53691,985,,,,,,,,,,no,no,unmapped_raw_key
P02,without_tutor,T01,11962,2026-05-24T21:31:04.870682+00:00,1779658264.8666797,dcs_bios_raw,CANOPY_JETT_HANDLE_PULL,,1,1,,,,,,,,,,no,no,unmapped_raw_key
P02,without_tutor,T01,11963,2026-05-24T21:31:04.907729+00:00,1779658264.9057238,dcs_bios_raw,CANOPY_POS,0,65535,65535,,,,,,,,,,no,no,unmapped_raw_key
P02,without_tutor,T01,11964,2026-05-24T21:31:04.941771+00:00,1779658264.9387786,dcs_bios_raw,PRESSURE_ALT,0,11,11,,,,,,,,,,no,no,unmapped_raw_key
P02,without_tutor,T01,11965,2026-05-24T21:31:04.975330+00:00,1779658264.9723377,dcs_bios_raw,RWR_LT_BRIGHT,53691,52706,-985,,,,,,,,,,no,no,unmapped_raw_key
P02,without_tutor,T01,11965,2026-05-24T21:31:04.975330+00:00,1779658264.9723377,dcs_bios_raw,PRESSURE_ALT,11,44,33,,,,,,,,,,no,no,unmapped_raw_key
P02,without_tutor,T01,11966,2026-05-24T21:31:05.013414+00:00,1779658265.0114121,dcs_bios_raw,PRESSURE_ALT,44,73,29,,,,,,,,,,no,no,unmapped_raw_key
P02,without_tutor,T01,11967,2026-05-24T21:31:05.047016+00:00,1779658265.0450137,dcs_bios_raw,PRESSURE_ALT,73,101,28,,,,,,,,,,no,no,unmapped_raw_key
P02,without_tutor,T01,11968,2026-05-24T21:31:05.087070+00:00,1779658265.0835636,dcs_bios_raw,RWR_LT_BRIGHT,52706,53691,985,,,,,,,,,,no,no,unmapped_raw_key
P02,without_tutor,T01,11968,2026-05-24T21:31:05.087070+00:00,1779658265.0835636,dcs_bios_raw,PRESSURE_ALT,101,122,21,,,,,,,,,,no,no,unmapped_raw_key
P02,without_tutor,T01,11969,2026-05-24T21:31:05.120645+00:00,1779658265.116634,dcs_bios_raw,PRESSURE_ALT,122,141,19,,,,,,,,,,no,no,unmapped_raw_key
P02,without_tutor,T01,11970,2026-05-24T21:31:05.153242+00:00,1779658265.150242,dcs_bios_raw,PRESSURE_ALT,141,155,14,,,,,,,,,,no,no,unmapped_raw_key
P02,without_tutor,T01,11971,2026-05-24T21:31:05.187338+00:00,1779658265.1838043,dcs_bios_raw,PRESSURE_ALT,155,168,13,,,,,,,,,,no,no,unmapped_raw_key
P02,without_tutor,T01,11972,2026-05-24T21:31:05.225405+00:00,1779658265.2229013,dcs_bios_raw,RWR_LT_BRIGHT,53691,52706,-985,,,,,,,,,,no,no,unmapped_raw_key
P02,without_tutor,T01,11972,2026-05-24T21:31:05.225405+00:00,1779658265.2229013,dcs_bios_raw,PRESSURE_ALT,168,179,11,,,,,,,,,,no,no,unmapped_raw_key
P02,without_tutor,T01,11973,2026-05-24T21:31:05.263986+00:00,1779658265.2609866,dcs_bios_raw,PRESSURE_ALT,179,189,10,,,,,,,,,,no,no,unmapped_raw_key
P02,without_tutor,T01,11974,2026-05-24T21:31:05.297057+00:00,1779658265.2950432,dcs_bios_raw,PRESSURE_ALT,189,197,8,,,,,,,,,,no,no,unmapped_raw_key
P02,without_tutor,T01,11975,2026-05-24T21:31:05.337638+00:00,1779658265.334117,dcs_bios_raw,RWR_LT_BRIGHT,52706,53691,985,,,,,,,,,,no,no,unmapped_raw_key
P02,without_tutor,T01,11975,2026-05-24T21:31:05.337638+00:00,1779658265.334117,dcs_bios_raw,PRESSURE_ALT,197,204,7,,,,,,,,,,no,no,unmapped_raw_key
P02,without_tutor,T01,11976,2026-05-24T21:31:05.369152+00:00,1779658265.3671525,dcs_bios_raw,PRESSURE_ALT,204,210,6,,,,,,,,,,no,no,unmapped_raw_key
P02,without_tutor,T01,11977,2026-05-24T21:31:05.408216+00:00,1779658265.406214,dcs_bios_raw,PRESSURE_ALT,210,214,4,,,,,,,,,,no,no,unmapped_raw_key
P02,without_tutor,T01,11978,2026-05-24T21:31:05.442295+00:00,1779658265.4392962,dcs_bios_raw,RWR_LT_BRIGHT,53691,52706,-985,,,,,,,,,,no,no,unmapped_raw_key
P02,without_tutor,T01,11978,2026-05-24T21:31:05.442295+00:00,1779658265.4392962,dcs_bios_raw,PRESSURE_ALT,214,219,5,,,,,,,,,,no,no,unmapped_raw_key
P02,without_tutor,T01,11979,2026-05-24T21:31:05.480366+00:00,1779658265.477367,dcs_bios_raw,PRESSURE_ALT,219,222,3,,,,,,,,,,no,no,unmapped_raw_key
P02,without_tutor,T01,11980,2026-05-24T21:31:05.517399+00:00,1779658265.5128903,dcs_bios_raw,PRESSURE_ALT,222,225,3,,,,,,,,,,no,no,unmapped_raw_key
P02,without_tutor,T01,11981,2026-05-24T21:31:05.552424+00:00,1779658265.5504322,dcs_bios_raw,PRESSURE_ALT,225,227,2,,,,,,,,,,no,no,unmapped_raw_key
P02,without_tutor,T01,11982,2026-05-24T21:31:05.588476+00:00,1779658265.5839534,dcs_bios_raw,RWR_LT_BRIGHT,52706,53691,985,,,,,,,,,,no,no,unmapped_raw_key
P02,without_tutor,T01,11982,2026-05-24T21:31:05.588476+00:00,1779658265.5839534,dcs_bios_raw,PRESSURE_ALT,227,229,2,,,,,,,,,,no,no,unmapped_raw_key
P02,without_tutor,T01,11983,2026-05-24T21:31:05.620045+00:00,1779658265.6170409,dcs_bios_raw,PRESSURE_ALT,229,231,2,,,,,,,,,,no,no,unmapped_raw_key
P02,without_tutor,T01,11984,2026-05-24T21:31:05.653140+00:00,1779658265.650141,dcs_bios_raw,PRESSURE_ALT,231,232,1,,,,,,,,,,no,no,unmapped_raw_key
P02,without_tutor,T01,11985,2026-05-24T21:31:05.686206+00:00,1779658265.683695,dcs_bios_raw,RWR_LT_BRIGHT,53691,52706,-985,,,,,,,,,,no,no,unmapped_raw_key
P02,without_tutor,T01,11985,2026-05-24T21:31:05.686206+00:00,1779658265.683695,dcs_bios_raw,PRESSURE_ALT,232,233,1,,,,,,,,,,no,no,unmapped_raw_key
P02,without_tutor,T01,11986,2026-05-24T21:31:05.719793+00:00,1779658265.7167816,dcs_bios_raw,PRESSURE_ALT,233,234,1,,,,,,,,,,no,no,unmapped_raw_key
P02,without_tutor,T01,11987,2026-05-24T21:31:05.759856+00:00,1779658265.7558517,dcs_bios_raw,PRESSURE_ALT,234,235,1,,,,,,,,,,no,no,unmapped_raw_key
P02,without_tutor,T01,11988,2026-05-24T21:31:05.794883+00:00,1779658265.7903805,dcs_bios_raw,PRESSURE_ALT,235,236,1,,,,,,,,,,no,no,unmapped_raw_key
P02,without_tutor,T01,11989,2026-05-24T21:31:05.833421+00:00,1779658265.8284214,dcs_bios_raw,RWR_LT_BRIGHT,52706,53691,985,,,,,,,,,,no,no,unmapped_raw_key
P02,without_tutor,T01,11989,2026-05-24T21:31:05.833421+00:00,1779658265.8284214,dcs_bios_raw,PRESSURE_ALT,236,237,1,,,,,,,,,,no,no,unmapped_raw_key
P02,without_tutor,T01,11990,2026-05-24T21:31:05.905476+00:00,1779658265.9009745,dcs_bios_raw,PRESSURE_ALT,237,238,1,,,,,,,,,,no,no,unmapped_raw_key
P02,without_tutor,T01,11991,2026-05-24T21:31:05.937012+00:00,1779658265.9335058,dcs_bios_raw,RWR_LT_BRIGHT,53691,52706,-985,,,,,,,,,,no,no,unmapped_raw_key
P02,without_tutor,T01,11993,2026-05-24T21:31:06.016185+00:00,1779658266.0116713,dcs_bios_raw,PRESSURE_ALT,238,239,1,,,,,,,,,,no,no,unmapped_raw_key
P02,without_tutor,T01,11994,2026-05-24T21:31:06.047748+00:00,1779658266.0452337,dcs_bios_raw,RWR_LT_BRIGHT,52706,53691,985,,,,,,,,,,no,no,unmapped_raw_key
P02,without_tutor,T01,11995,2026-05-24T21:31:06.187472+00:00,1779658266.180966,dcs_bios_raw,RWR_LT_BRIGHT,53691,52706,-985,,,,,,,,,,no,no,unmapped_raw_key
P02,without_tutor,T01,11996,2026-05-24T21:31:06.293582+00:00,1779658266.2895756,dcs_bios_raw,RWR_LT_BRIGHT,52706,53691,985,,,,,,,,,,no,no,unmapped_raw_key
P02,without_tutor,T01,11997,2026-05-24T21:31:06.365209+00:00,1779658266.3622155,dcs_bios_raw,CANOPY_JETT_HANDLE_UNLOCK,1,0,-1,,,,,,,,,,no,no,unmapped_raw_key
P02,without_tutor,T01,11998,2026-05-24T21:31:06.399257+00:00,1779658266.395253,dcs_bios_raw,RWR_LT_BRIGHT,53691,52706,-985,,,,,,,,,,no,no,unmapped_raw_key
P02,without_tutor,T01,11999,2026-05-24T21:31:06.537029+00:00,1779658266.5350149,dcs_bios_raw,RWR_LT_BRIGHT,52706,53691,985,,,,,,,,,,no,no,unmapped_raw_key
P02,without_tutor,T01,12000,2026-05-24T21:31:06.648190+00:00,1779658266.645173,dcs_bios_raw,RWR_LT_BRIGHT,53691,52706,-985,,,,,,,,,,no,no,unmapped_raw_key
P02,without_tutor,T01,12001,2026-05-24T21:31:06.787981+00:00,1779658266.7834454,dcs_bios_raw,RWR_LT_BRIGHT,52706,53691,985,,,,,,,,,,no,no,unmapped_raw_key
P02,without_tutor,T01,12002,2026-05-24T21:31:06.893677+00:00,1779658266.8896844,dcs_bios_raw,RWR_LT_BRIGHT,53691,52706,-985,,,,,,,,,,no,no,unmapped_raw_key
P02,without_tutor,T01,12004,2026-05-24T21:31:07.027404+00:00,1779658267.0233839,dcs_bios_raw,RWR_LT_BRIGHT,52706,53691,985,,,,,,,,,,no,no,unmapped_raw_key
P02,without_tutor,T01,12005,2026-05-24T21:31:07.133086+00:00,1779658267.1290858,dcs_bios_raw,RWR_LT_BRIGHT,53691,52706,-985,,,,,,,,,,no,no,unmapped_raw_key
P02,without_tutor,T01,12006,2026-05-24T21:31:07.265840+00:00,1779658267.261336,dcs_bios_raw,RWR_LT_BRIGHT,52706,53691,985,,,,,,,,,,no,no,unmapped_raw_key
P02,without_tutor,T01,12007,2026-05-24T21:31:07.369577+00:00,1779658267.3665671,dcs_bios_raw,RWR_LT_BRIGHT,53691,52706,-985,,,,,,,,,,no,no,unmapped_raw_key
P02,without_tutor,T01,12008,2026-05-24T21:31:07.514321+00:00,1779658267.5113208,dcs_bios_raw,RWR_LT_BRIGHT,52706,53691,985,,,,,,,,,,no,no,unmapped_raw_key
P02,without_tutor,T01,12009,2026-05-24T21:31:07.621554+00:00,1779658267.616551,dcs_bios_raw,RWR_LT_BRIGHT,53691,52706,-985,,,,,,,,,,no,no,unmapped_raw_key
P02,without_tutor,T01,12010,2026-05-24T21:31:07.730258+00:00,1779658267.726743,dcs_bios_raw,RWR_LT_BRIGHT,52706,53691,985,,,,,,,,,,no,no,unmapped_raw_key
P02,without_tutor,T01,12011,2026-05-24T21:31:07.869029+00:00,1779658267.8670177,dcs_bios_raw,RWR_LT_BRIGHT,53691,52706,-985,,,,,,,,,,no,no,unmapped_raw_key
P02,without_tutor,T01,12012,2026-05-24T21:31:07.976259+00:00,1779658267.972746,dcs_bios_raw,RWR_LT_BRIGHT,52706,53691,985,,,,,,,,,,no,no,unmapped_raw_key
P02,without_tutor,T01,12013,2026-05-24T21:31:08.085517+00:00,1779658268.0830145,dcs_bios_raw,RWR_LT_BRIGHT,53691,52706,-985,,,,,,,,,,no,no,unmapped_raw_key
P02,without_tutor,T01,12014,2026-05-24T21:31:08.223841+00:00,1779658268.2218418,dcs_bios_raw,RWR_LT_BRIGHT,52706,53691,985,,,,,,,,,,no,no,unmapped_raw_key
P02,without_tutor,T01,12015,2026-05-24T21:31:08.336099+00:00,1779658268.3335822,dcs_bios_raw,RWR_LT_BRIGHT,53691,52706,-985,,,,,,,,,,no,no,unmapped_raw_key
P02,without_tutor,T01,12016,2026-05-24T21:31:08.443828+00:00,1779658268.4388275,dcs_bios_raw,RWR_LT_BRIGHT,52706,53691,985,,,,,,,,,,no,no,unmapped_raw_key
P02,without_tutor,T01,12017,2026-05-24T21:31:08.586171+00:00,1779658268.5836594,dcs_bios_raw,RWR_LT_BRIGHT,53691,52706,-985,,,,,,,,,,no,no,unmapped_raw_key
P02,without_tutor,T01,12018,2026-05-24T21:31:08.691895+00:00,1779658268.6888952,dcs_bios_raw,RWR_LT_BRIGHT,52706,53691,985,,,,,,,,,,no,no,unmapped_raw_key
P02,without_tutor,T01,12019,2026-05-24T21:31:08.797163+00:00,1779658268.7936397,dcs_bios_raw,RWR_LT_BRIGHT,53691,52706,-985,,,,,,,,,,no,no,unmapped_raw_key
P02,without_tutor,T01,12020,2026-05-24T21:31:08.941451+00:00,1779658268.9394515,dcs_bios_raw,RWR_LT_BRIGHT,52706,53691,985,,,,,,,,,,no,no,unmapped_raw_key
P02,without_tutor,T01,12022,2026-05-24T21:31:09.047663+00:00,1779658269.0441403,dcs_bios_raw,RWR_LT_BRIGHT,53691,52706,-985,,,,,,,,,,no,no,unmapped_raw_key
P02,without_tutor,T01,12023,2026-05-24T21:31:09.085718+00:00,1779658269.0832076,dcs_bios_raw,EJECTION_SEAT_ARMED,0,1,1,,,,,,,,,,no,no,unmapped_raw_key
P02,without_tutor,T01,12024,2026-05-24T21:31:09.191416+00:00,1779658269.189424,dcs_bios_raw,RWR_LT_BRIGHT,52706,53691,985,,,,,,,,,,no,no,unmapped_raw_key
P02,without_tutor,T01,12025,2026-05-24T21:31:09.298610+00:00,1779658269.2951033,dcs_bios_raw,RWR_LT_BRIGHT,53691,52706,-985,,,,,,,,,,no,no,unmapped_raw_key
P02,without_tutor,T01,12026,2026-05-24T21:31:09.407905+00:00,1779658269.4058867,dcs_bios_raw,RWR_LT_BRIGHT,52706,53691,985,,,,,,,,,,no,no,unmapped_raw_key
P02,without_tutor,T01,12027,2026-05-24T21:31:09.484048+00:00,1779658269.478048,dcs_bios_raw,EJECTION_SEAT_MNL_OVRD,0,1,1,,,,,,,,,,no,no,unmapped_raw_key
P02,without_tutor,T01,12028,2026-05-24T21:31:09.555173+00:00,1779658269.5501661,dcs_bios_raw,RWR_LT_BRIGHT,53691,52706,-985,,,,,,,,,,no,no,unmapped_raw_key
P02,without_tutor,T01,12029,2026-05-24T21:31:09.658444+00:00,1779658269.6554246,dcs_bios_raw,RWR_LT_BRIGHT,52706,53691,985,,,,,,,,,,no,no,unmapped_raw_key
P02,without_tutor,T01,12030,2026-05-24T21:31:09.763166+00:00,1779658269.7611587,dcs_bios_raw,RWR_LT_BRIGHT,53691,52706,-985,,,,,,,,,,no,no,unmapped_raw_key
P02,without_tutor,T01,12031,2026-05-24T21:31:09.908395+00:00,1779658269.9053905,dcs_bios_raw,RWR_LT_BRIGHT,52706,53691,985,,,,,,,,,,no,no,unmapped_raw_key
P02,without_tutor,T01,12033,2026-05-24T21:31:10.014147+00:00,1779658270.011147,dcs_bios_raw,RWR_LT_BRIGHT,53691,52706,-985,,,,,,,,,,no,no,unmapped_raw_key
P02,without_tutor,T01,12034,2026-05-24T21:31:10.119373+00:00,1779658270.1163638,dcs_bios_raw,RWR_LT_BRIGHT,52706,53691,985,,,,,,,,,,no,no,unmapped_raw_key
P02,without_tutor,T01,12035,2026-05-24T21:31:10.266578+00:00,1779658270.2610726,dcs_bios_raw,RWR_LT_BRIGHT,53691,52706,-985,,,,,,,,,,no,no,unmapped_raw_key
P02,without_tutor,T01,12036,2026-05-24T21:31:10.368794+00:00,1779658270.3667922,dcs_bios_raw,RWR_LT_BRIGHT,52706,53691,985,,,,,,,,,,no,no,unmapped_raw_key
P02,without_tutor,T01,12037,2026-05-24T21:31:10.513533+00:00,1779658270.5115333,dcs_bios_raw,RWR_LT_BRIGHT,53691,52706,-985,,,,,,,,,,no,no,unmapped_raw_key
P02,without_tutor,T01,12038,2026-05-24T21:31:10.619773+00:00,1779658270.6167617,dcs_bios_raw,RWR_LT_BRIGHT,52706,53691,985,,,,,,,,,,no,no,unmapped_raw_key
P02,without_tutor,T01,12039,2026-05-24T21:31:10.726975+00:00,1779658270.7224658,dcs_bios_raw,RWR_LT_BRIGHT,53691,52706,-985,,,,,,,,,,no,no,unmapped_raw_key
P02,without_tutor,T01,12040,2026-05-24T21:31:10.869782+00:00,1779658270.8667808,dcs_bios_raw,RWR_LT_BRIGHT,52706,53691,985,,,,,,,,,,no,no,unmapped_raw_key
P02,without_tutor,T01,12041,2026-05-24T21:31:10.974961+00:00,1779658270.9719615,dcs_bios_raw,RWR_LT_BRIGHT,53691,52706,-985,,,,,,,,,,no,no,unmapped_raw_key
P02,without_tutor,T01,12042,2026-05-24T21:31:11.086225+00:00,1779658271.0837097,dcs_bios_raw,RWR_LT_BRIGHT,52706,53691,985,,,,,,,,,,no,no,unmapped_raw_key
P02,without_tutor,T01,12043,2026-05-24T21:31:11.225006+00:00,1779658271.2220075,dcs_bios_raw,RWR_LT_BRIGHT,53691,52706,-985,,,,,,,,,,no,no,unmapped_raw_key
P02,without_tutor,T01,12044,2026-05-24T21:31:11.336762+00:00,1779658271.33325,dcs_bios_raw,RWR_LT_BRIGHT,52706,53691,985,,,,,,,,,,no,no,unmapped_raw_key
P02,without_tutor,T01,12045,2026-05-24T21:31:11.441493+00:00,1779658271.4394934,dcs_bios_raw,RWR_LT_BRIGHT,53691,52706,-985,,,,,,,,,,no,no,unmapped_raw_key
P02,without_tutor,T01,12046,2026-05-24T21:31:11.587784+00:00,1779658271.583268,dcs_bios_raw,RWR_LT_BRIGHT,52706,53691,985,,,,,,,,,,no,no,unmapped_raw_key
P02,without_tutor,T01,12047,2026-05-24T21:31:11.691520+00:00,1779658271.68952,dcs_bios_raw,RWR_LT_BRIGHT,53691,52706,-985,,,,,,,,,,no,no,unmapped_raw_key
P02,without_tutor,T01,12048,2026-05-24T21:31:11.797712+00:00,1779658271.7951958,dcs_bios_raw,RWR_LT_BRIGHT,52706,53691,985,,,,,,,,,,no,no,unmapped_raw_key
P02,without_tutor,T01,12049,2026-05-24T21:31:11.936988+00:00,1779658271.9334643,dcs_bios_raw,RWR_LT_BRIGHT,53691,52706,-985,,,,,,,,,,no,no,unmapped_raw_key
P02,without_tutor,T01,12051,2026-05-24T21:31:12.015664+00:00,1779658272.0111618,dcs_bios_raw,EJECTION_SEAT_ARMED,1,0,-1,,,,,,,,,,no,no,unmapped_raw_key
P02,without_tutor,T01,12052,2026-05-24T21:31:12.047711+00:00,1779658272.0442045,dcs_bios_raw,RWR_LT_BRIGHT,52706,53691,985,,,,,,,,,,no,no,unmapped_raw_key
P02,without_tutor,T01,12053,2026-05-24T21:31:12.193523+00:00,1779658272.1895237,dcs_bios_raw,RWR_LT_BRIGHT,53691,52706,-985,,,,,,,,,,no,no,unmapped_raw_key
P02,without_tutor,T01,12054,2026-05-24T21:31:12.297726+00:00,1779658272.29521,dcs_bios_raw,RWR_LT_BRIGHT,52706,53691,985,,,,,,,,,,no,no,unmapped_raw_key
P02,without_tutor,T01,12055,2026-05-24T21:31:12.408946+00:00,1779658272.4059415,dcs_bios_raw,RWR_LT_BRIGHT,53691,52706,-985,,,,,,,,,,no,no,unmapped_raw_key
P02,without_tutor,T01,12056,2026-05-24T21:31:12.548249+00:00,1779658272.5452378,dcs_bios_raw,RWR_LT_BRIGHT,52706,53691,985,,,,,,,,,,no,no,unmapped_raw_key
P02,without_tutor,T01,12057,2026-05-24T21:31:12.658457+00:00,1779658272.6554372,dcs_bios_raw,RWR_LT_BRIGHT,53691,52706,-985,,,,,,,,,,no,no,unmapped_raw_key
P02,without_tutor,T01,12058,2026-05-24T21:31:12.764170+00:00,1779658272.7611701,dcs_bios_raw,RWR_LT_BRIGHT,52706,53691,985,,,,,,,,,,no,no,unmapped_raw_key
P02,without_tutor,T01,12059,2026-05-24T21:31:12.903910+00:00,1779658272.8999104,dcs_bios_raw,RWR_LT_BRIGHT,53691,52706,-985,,,,,,,,,,no,no,unmapped_raw_key
P02,without_tutor,T01,12059,2026-05-24T21:31:12.903910+00:00,1779658272.8999104,dcs_bios_raw,EJECTION_HANDLE_SW,,1,1,,,,,,,,,,no,no,unmapped_raw_key
P02,without_tutor,T01,12061,2026-05-24T21:31:13.014122+00:00,1779658273.011113,dcs_bios_raw,RWR_LT_BRIGHT,52706,53691,985,,,,,,,,,,no,no,unmapped_raw_key
P02,without_tutor,T01,12062,2026-05-24T21:31:13.119285+00:00,1779658273.117281,dcs_bios_raw,RWR_LT_BRIGHT,53691,52706,-985,,,,,,,,,,no,no,unmapped_raw_key
P02,without_tutor,T01,12063,2026-05-24T21:31:13.263548+00:00,1779658273.2615483,dcs_bios_raw,RWR_LT_BRIGHT,52706,53691,985,,,,,,,,,,no,no,unmapped_raw_key
